2011-10-10	Don't forget to register for a partner meetup at YouTube HQ in San Bruno Oct 18! Signup closes Oct 11. Info at http://t.co/hi2Fr5Dj
2011-11-29	Tip for processing delays: large files (1GB+) should be scheduled publishes to avoid this issue
2014-06-27	60 FPS: Motion-intense videos will look even better on @YouTube when we launch support for 48 and even 60 frames per second, coming soon.
2014-06-27	Introducing Fan Funding: A way for fans to donate so you can help make more videos they love. Sign up at http://t.co/e0mCjDJReY
2014-06-27	YouTube Creator Studio: Manage videos &amp; see analytics on the go with our new app. Get it @ Google Play now &amp; iOS soon http://t.co/g94RmTH4Jn
2015-04-23	#TBT to when @danisnotonfire found the courage to make his first video. WE'RE SO GLAD HE DID. http://t.co/ZGc93PaCbB http://t.co/DMofOiy6dS
2015-06-30	HFR FTW! High frame rate playback is available on the YouTube App for both Android and iOS. http://t.co/aW3xublLVh http://t.co/D5qnyONolX
2015-07-24	Introducing a new Creator Reward: the Diamond Play Button. https://t.co/XaE6j0oy9c #VidCon #VidConAnnouncements http://t.co/bKTD58EtnU
2015-07-25	Met these short shorties @danisnotonfire @AmazingPhil after the panel! http://t.co/uCGqOrdFLL
2015-08-05	We're saying goodbye to 301+ and hello to more up-to-date video views. http://t.co/33OQuOvxcs
2016-04-28	Creators, today we're announcing an improvement to Content ID. Find out more here: https://t.co/pICqXbQTs3 https://t.co/cTMgSh31YZ
2016-05-29	When in Vatican City ... @Pontifex #PopewithYTcreators https://t.co/yi5QUZHnAi
2016-08-26	Life can be complicated but live-streaming shouldn’t be. Stream Now is new &amp; improved. https://t.co/iYVWRWyqwt
2017-02-07	Stand out 🙋 Get connected 📡 Super Chat: Our newest tool that lets fans pay for a front-row seat into your video → https://t.co/xQuhPyJNwq https://t.co/PPmh52VpS6
2017-03-20	A message to our community ... https://t.co/oHNiiI7CVs
2017-03-20	Sorry for all the confusion with Restricted Mode. Some videos have been incorrectly labeled and that’s not right. We're on it! More to come.
2017-12-06	How many times have you watched #YouTubeRewind? https://t.co/Ta4KNzXOH0
2018-01-16	We've made updates to the YouTube Partner Program to strengthen our community &amp; prevent impersonators + spammers from harming our platform. We understand this affects many channels, but believe it's necessary to protect our creators. For the full update https://t.co/phnMnAHDaD
2018-02-09	In response to Logan Paul’s recent pattern of behavior, we’ve temporarily suspended ads on his channels.
2018-05-31	#TBT to when @Gman250 gifted the internet with the iconic Numa Numa guy https://t.co/BVeLmWTTcU https://t.co/DSisvUf72Q
2018-05-31	Today's #CreatorOnTheRise is musician @NahreSol. She brings her keyboard to the park, beach, and car, and brings her spin on classical music to the YouTube generation 🎹 🎼 https://t.co/Z0uXuC7HYD https://t.co/PEgzwU226Y
2018-06-13	Choreographer @kylehanagami dedicated his most recent video, an interpretation of @samsmithworld's Him, to "everyone who is brave enough to still love in the light and to those who still Love in the Dark." #ProudtoCreate #LoveIsLove https://t.co/9wABYjDBsN
2018-06-22	Announcing a new way to sell merch on YouTube We've joined forces with @teespring so creators can customize and sell over 20 merch items right from their channels. Check it out here → https://t.co/9LkeymAL8o #VidConYouTube
2018-06-30	Do you want to see the world's longest lightsaber? Now you can watch @CorridorDigital make that dream a reality! →https://t.co/Wzxslbxk58 https://t.co/SPZrh8kfXV
2018-07-01	Happy #CanadaDay! 🇨🇦 Who are your favorite Canadian YouTube creators?
2018-07-03	It's almost #4thofJuly2018! Who are your favorite American YouTube creators?🇺🇸
2018-07-12	❤️-ing and replying to comments from your fans is a great way to build community on your YouTube channel. Get more quick tips on how to build your fan family from this Creator Academy video! → https://t.co/L09THs2lI9 https://t.co/ZTM7Lh1e6U
2018-08-02	Felicidades @PlaticaPolinesi for reaching 10 MILLION subscribers on 3 different channels! #YouTubeCreatorAwards goals right here. 🎉🥳 https://t.co/8zk00V0cW4
2018-08-03	Happy #NationalTwinDay! On YouTube, being a twin is a really big deal. So in honor of this holiday, @Refinery29 featured YouTube creator twins, @BrookAndBailey, @dobremarcus, @lucasdobre, @EthanDolan, @GraysonDolan, @MerrellTwins! https://t.co/EKIuYO2SMj
2018-08-06	It's okay to take personal time for yourself! You're not a mindless work zombie in a hamster ball! Wise words (and beautiful animation) from @JaidenAnimation on how to avoid burnout and overwork→https://t.co/vT5hWMl2yo https://t.co/OwVadh5vn5
2018-08-16	Congrats to BTS and #BTSArmy on your YouTube Diamond Play Button! #YouTubeCreatorAwards
2018-08-24	CreatorSummit_Final.mov 🎬 Signing off from #CreatorSummit Asia-Pacific 💕 https://t.co/uAgbV99pWd
2018-09-11	Taking a 🥨 break with @HumzaProduction, @Nadia_Sunshine and @SuperSaf! #CreatorSummit https://t.co/A1OJ1Tx5BG
2018-09-13	The Creator Insider team did the research: When YouTube channels took 2 weeks off from publishing videos, views the returning week was higher than those the week before they took a break. So go on vacation. YouTube will be there for you when you get back! https://t.co/J0EacdyxY2
2018-09-20	Happy #HispanicHeritageMonth! It’s a #YouTubeLatino party right now with @theFlama, @TheCrazyGorilla and @0hgaby 🎊🎉 https://t.co/yjcOJ40jaK
2018-10-01	Congrats ! ! !🎈🎉 #BIGBANG #YouTubeCreatorAwards
2018-10-09	WHO: Will Smith and @lizakoshy WHAT: Hydrofoil surfing competition WHERE: Welcome to Miami WHEN: 2018 (like this couldn't have happened at any other time) WHY: Because just watch how much fun they are having→https://t.co/zvtckBmeMZ https://t.co/eqSHfEwlIE
2018-10-11	Happy #DayOfTheGirl ! Who are your favorite girl and lady creators?
2018-10-16	When @RhettandLink found out that @ColleenB123 was one of the few non-vegetarians on Earth who don't like bacon, they set out to change her mind. If this amazing musical won't convince her, not sure what can 🥓→https://t.co/nwOT7GzxMU #FoodFears #GMA https://t.co/P9ClFkU96i
2018-10-19	GET EXCITED!!! #YouTubeBlackFF is coming soon! Who are you most excited to watch?! https://t.co/hwSZOEdN5i https://t.co/36gwBYpq2s
2018-10-22	⭐️Premieres is now available to EVERYONE! ⭐️ Invite fans to tune in via a new watch page, and use Live Chat as you countdown and watch your Premiere together. Learn more on YouTube Creators channel→https://t.co/B7evEceYXv https://t.co/QKihl9SZlD
2018-10-23	The #STREAMYS are live now! Tune in https://t.co/Y5lGwdrzT6 https://t.co/Gt2deYD5FU
2018-10-25	#YouTubeBlack: Class of 2018 https://t.co/bzXYAfqKRi
2018-10-26	To celebrate 10 million subscribers, @NikkieTutorials creates a shiny makeup look in honor of her new friend, the diamond play button!💋💎→ https://t.co/99ZaVUlK0i #YouTubeCreatorAwards https://t.co/rICMLoycsU
2018-10-29	Ready for your shoot? Learn how to capture the perfect angle, lighting, and sound for your YouTube videos in the newest course from the Creator Academy https://t.co/Eq1e55QOJW
2018-11-13	As of now, UK is still a part of the EU. So YouTube and other platforms may have no choice but to block your existing videos and prevent you from uploading new ones in the European Union unless you can prove you own everything in your videos. #SaveYourInternet
2018-11-13	Lots of you have questions about what Article 13 could mean for your livelihood as creators. We're going to try to answer them here! Don't see your question answered? Ask us below #SaveYourInternet
2018-11-13	Merch is expanding! Eligible creators can now sell @teespring merchandise to viewers in the United States, United Kingdom, France, Germany, Spain, Italy, Netherlands, and Portugal. Learn how to give the gift of Merch this holiday season: https://t.co/zJC2vHAT4y 🎁👕 https://t.co/DepMch8ZHr
2018-11-14	😍=@Sofiaalcastro 😍=@ppteamkaren 😍= @craftingeek Love these ladies! #creatorsummit https://t.co/bG8FwqwBiG
2018-11-19	⚡️ “What is Article 13?” We explain more here ⬇️ #SaveYourInternet https://t.co/y6vB2pmV0Z
2018-11-20	Community tab is now available for creators with 1,000+ subscribers! Go forth and post → https://t.co/jV3IiiMWQb https://t.co/zjJ0Sbu5xV
2018-11-30	"One time on Twitter I heard Ariana was pregnant, so I got pregnant so we could be pregnant at the same time. Turns out it was just a rumor." @ColleenB123, #thankUnextMusicvideo → https://t.co/jOBodfRU6u https://t.co/l8ptpL1evx
2018-12-20	Look what @DavidDobrik got for Christmas this year— A diamond play button to celebrate 10 MILLION subscribers! 💎 #YouTubeCreatorAwards https://t.co/HdCJS8kZXF
2018-12-31	What creators did you discover in 2018 that you now love? #HappyNewYear
2019-01-09	If you could only watch one creator for the rest of your life, who would it be?
2019-01-10	What inspires you to create YouTube videos?
2019-01-11	What are your favorite videos by small creators? We'll read all your suggestions and tweet about creators we haven't promoted before! #smallyoutubers
2019-01-16	Who are your favorite animators on YouTube?
2019-01-24	Compliment your favorite creator. #NationalComplimentDay
2019-01-29	Describe your YouTube channel in 3 words.
2019-01-31	In order to have ads on your YouTube videos, you'll want to only select videos to serve ads that comply with the Advertiser-Friendly Guidelines. Learn more about what that means: https://t.co/qDiLewXbnp
2019-02-03	Sunday Share! Post videos you've created this week that you want everyone to see ⬇️
2019-02-04	We hear you and want to promote some of YouTube's least subscribed-to creator gems. If you have a channel (or a channel you love) with less than 1,000 followers, let us know what makes this channel so awesome below ⬇️
2019-02-05	What made you start creating YouTube videos in the first place?
2019-02-06	Creator @Mrwhosetheboss provides an update on Article 13 to his fans. (Thank you to everyone who has spoken up so far. There's still time to make your voice heard and #SaveYourInternet!) https://t.co/EQSWMpd37r
2019-02-07	What creator are you excited about right now?
2019-02-07	🚨There's a new version of Article 13 that will likely be approved next week 🚨 It will still have unintended consequences &amp; is not good for creators 🚨 Keep speaking out &amp; sharing the petition #SaveYourInternet https://t.co/D3G4nd4xkm
2019-02-13	⚡ Important Article 13 update ⚡ Thanks to everyone who spoke out to #SaveYourInternet. The final text of the EU Copyright directive is out, and here is our initial statement: https://t.co/dpottIvpuT
2019-02-14	Happy Valentine's Day! Use #LoveNotes and post a message of appreciation for a creator who has changed your life for the better. Then tag @YTCreators and the creator who you ❤️ to watch the love pour in! https://t.co/yFYzktPRBU
2019-02-16	"Audiences connect not with the subject matter, but with the person exploring it with them. With you." - @shockallocca, YouTube's Head of Culture &amp; Trends #VidConLDN https://t.co/FIuu3J9GGW
2019-02-20	#youtubecreatorawards at the #BRITs!
2019-03-04	The final Article 13 will hurt, not help, European creators. Important update why #SaveYourInternet isn’t over. For more information, go to: https://t.co/74x4EGkW6f https://t.co/P9IlgRs3Fr
2019-03-04	What video did you make this week that you're proud of? Share below!
2019-03-10	Describe your channel in two emojis
2019-03-19	It's #NationalLetsLaughDay! Post a video below by a creator who made you chuckle!
2019-03-21	Creators have expressed themselves on all kinds of social, cultural and political issues. Today’s #321OfflineDay is one of those times.
2019-04-19	So you want to be a podcaster? Apply by Sunday, April 28th for your chance to participate in Google Podcasts creator program! 12 selected teams will receive up to to $40K + training and mentorship to launch or grow their podcasts. APPLY NOW: https://t.co/uIhA9kKtCa https://t.co/o1ArclIagh
2019-04-29	LIVE UPDATE! Watch the first major debate of the European Election campaign! @RafalMasny, @MylesDyer, @arthurprsl, @NikaErculj, @_MRNBD_ and @roenlared are all representing in person. Tune in to the livestream: https://t.co/Arx7DUkZ19
2019-05-03	Shout out to all the creators who had a long #CreatorSummit day https://t.co/gtBpTCekCv
2019-05-09	Assumptions About Me: #CreatorSummit Edition! Featuring @missremiashten, @IamKrisLondon, @CollinsKey, @millselle, @emmachamberlain, @sWooZ1e, @sofiedossi ,@AlexWassabi, @Hevesh5, @MrBeastYT, @SamuelTsui,@NickEh30, @wengie, @hyuneeEats &amp; @JoeyGraceffa → https://t.co/uHPUP9VgaK https://t.co/wFx0bZkmDb
2019-05-13	We're looking to learn about your favorite creators from South Dakota, Vermont, Wyoming, and West Virginia! Do you love any creators from those U.S. states? If so, tag them below ⬇️
2019-06-14	Let's say you want to see how watch time for your how-to videos compares to when you vlog. Or you want to compare traffic sources for your videos in 2017 to your videos in 2018. You can do that and more using Groups and Comparisons in YouTube Analytics! https://t.co/hmbfXYwkpg
2019-06-24	Knock, knock… it’s already been 9 years since Fred met @annoyingorange at the grocery store! → https://t.co/AAFMYGVIWM https://t.co/Xrv3xn5vHm
2019-06-25	We mourn the loss of Etika, a beloved member of our gaming creator community. All of us at YouTube are sending condolences to his loved ones and fans.
2019-06-27	We’re here for a GRWM moment. 👏 Watch @itstarekali get #Pride ready and talk inspiration, his experiences online and more. → https://t.co/CgNi8UQfHq https://t.co/SD49QrPyMY
2019-06-29	Happy Saturday! Please enjoy watching creator Marie Lopez (aka EnjoyPhoenix) interview Vice President of YouTube EMEA Cecile Frot-Coutaz→ https://t.co/R8a1qXI1Ro https://t.co/USajH4pn8b
2019-07-09	Hi! If you are a creator who lives near LA but don't have tickets to VidCon yet, tell us why you think going to VidCon would be great. Why are we asking this? No reason 😉.
2019-07-09	We hear you, and know copyright claims can be confusing and frustrating. Today we’ve rolled out updates to make it easier for you to identify and resolve manual Content ID claims. More here→ https://t.co/E2h9ijr8sH https://t.co/Xk1AcHVlYI
2019-07-13	We're deeply saddened to learn about the tragic loss of a truly talented British creator, Emily Hartridge. Our thoughts and condolences go out to all of her loved ones and fans.
2019-07-16	Show some love for our #Edutubers, checking in from the YouTube Space Pop-up in Mexico City! ✌️💗 #YTNextUp https://t.co/L6o3DJfj7f
2019-08-10	If you were challenging strangers to a ping pong battle, what 5 items would you play with? See what @pongfinityhq used to face off against strangers in Helsinki → https://t.co/mLXYGRlBeh https://t.co/Mu5O4hG4iI
2019-08-15	📢 We know it’s frustrating when a copyright owner manually claims all the revenue from a video with short or unintentional audio, so we’re making changes to make the system fairer. Learn more here → https://t.co/vazJB1zKXg https://t.co/yXvIh1Z1XY
2019-08-26	Better late than never! Congrats! #YouTubeCreatorAwards
2019-09-04	(1/5) If you’re a creator of children’s or family content, you’re probably wondering what the changes we announced today mean for you and your channel. More details here https://t.co/uv5OPmdNYQ, but keep reading this thread for a quick summary:
2019-09-13	Closing this edition of #creatorsummit in Tokyo with a celebration of our dazzling Asia-Pacific creator community ⚡ https://t.co/y1cKVXuUhN
2019-09-13	Who better to give makeup tips than a former professional beauty advisor? After launching her first video and garnering millions of views, Japan’s @wada_saan quickly stole the hearts of beauty enthusiasts on YouTube → https://t.co/nHhDKfj2L2 #creatorsummit https://t.co/YdRAwoTI21
2019-09-14	Creators are creative! If you're thinking of applying to art school, videos from accepted students can help inspire and educate you. @meppity walks her fans through her accepted art school sketchbooks → https://t.co/41WZpcABfo https://t.co/MGO7qaFvGr
2019-09-19	Additional clarification: ✔️No one lost a verification badge today–If you received an email that your channel will no longer be verified, this was just an advanced notice &amp; you can appeal ✔️The checkmark has never appeared on YouTube mobile channel pages (this will be added soon)
2019-10-18	We set a goal earlier this year to have at least half the videos on trending come from YouTubers. We're glad you're liking it!
2019-11-06	Creators: you are a vital part of YouTube and we support you making your voices heard. If you are interested in sharing your views on COPPA, the FTC is receiving comments on its website until Dec 9.
2019-11-12	In Studio today, you’ll see a new setting requiring you to indicate if your content is made for kids. This is part of the changes we announced a few months ago in relation to laws protecting kids’ online privacy. Check this video out for more details. https://t.co/dtVbU52W5k
2019-11-13	Getting comments from people who enjoy and appreciate your work is one of the best parts of being a creator. For #WorldKindnessDay, share a comment in the replies that made your day. 💞
2019-11-15	Ever wanted to know your fellow creators’ hottest takes on topics from Minecraft to mukbangs? We gave creators at #YouTubeBlack 15 seconds. Watch now → https://t.co/MYWTY20ckS https://t.co/d7UUUhz0qD
2019-11-21	A dashboard for news. Real-time metrics. Guided uploading. All in one place. YouTube Studio is out of beta and ready for you to start creating. https://t.co/ixOsqqscm6
2019-12-09	Protecting kids &amp; their privacy is important. Today, we submitted our Comment on COPPA to the FTC. We strongly support COPPA &amp; believe it would benefit from updates &amp; clarifications that better reflect how kids &amp; families interact w/ tech today. More here: https://t.co/UakE5EYPJV
2019-12-10	Creators, what was your almost channel name, till you decided to use your current one? Tell us in the comments ⬇️
2019-12-11	Many of you have told us we need to do a better job preventing harassment on YouTube, so we consulted with a wide array of creators, experts and organizations to update our harassment policy, which changed today https://t.co/TnozAF9ZCG. ⬇️Here’s what it covers:
2019-12-12	What is your must-have piece of equipment for making videos?
2019-12-14	Congratulations are in order! A handful of creators have already won their #streamys and the final 15 will be awarded tonight. We're on the edge of our seat. Watch with us here: https://t.co/8CbhwcImgI
2019-12-18	Creators, what did you do in 2019 that you are proud of?
2019-12-30	If you had to pick a completely different topic for your channel, what would you make videos about?
2020-01-06	If you had to give fellow creators ONE tip, what would that be? #MondayMotivation
2020-01-06	Today we’re rolling out the changes we announced last year to comply with COPPA around content set as ‘made for kids.’ These changes will have an impact on creators making kids content so we’re committed to helping you navigate this. More here https://t.co/dXlcFebMSY and ⬇️:
2020-01-14	Creators, what do you think your subscribers have learned from your channel?
2020-01-21	🛍️ Great news for creators using the YouTube Creator Commerce platform: you can now feature your products in livestreams! You can also add merchandising endscreens to videos and display products on the store tab of your channel. What's your favorite thing you sell on YouTube?
2020-01-24	What do you consider a "small creator"?
2020-02-13	It's common for scammers to target creators with fake ‘phishing’ emails claiming to be from YouTube in order to trick you into sharing your personal information. Here are some tips to stay safe and protect your account:
2020-02-13	It's the week of love, but it all begins with self-love: ♥️ Celebrate your journey ♥️ Stop comparing yourself to others ♥️ Don't believe everything you think ♥️ Eat &amp; sleep well ♥️ Reach out to loved ones ♥️ Set boundaries ♥️ Take breaks ♥️ Treat everyone with love
2020-02-21	There's a lot to remember when it comes to Adsense! Which is why, this week, Creator Insider is tackling Adsense in order to help you make the most of your channel → https://t.co/A7J0n92xQ4 https://t.co/YgNA7smPAa
2020-02-26	Tom is back in this week's Creator Insider Newsflash with: 🚧 Updates on the increase in yellow icons 🎥 Tips for optimizing your midroll ad placement 🆕 Features in comments, posts and YouTube Analytics! Watch now → https://t.co/5mN6Ztypxh https://t.co/jf95Ci9g4t
2020-03-07	At a time when there are concerns around travel and events, here are some resources to make it easier to bring your communities together digitally: https://t.co/2dnu21ADhK
2020-03-07	Creators, we hear your feedback around demonetizing videos on COVID-19. We know you have a lot to contribute to the global conversation, so we’re taking a close look at our policies. More to come.
2020-03-11	There’s been a lot of discussion around monetization on videos about COVID-19. To better support the sharing of information we’re enabling ads for content on the virus for a limited number of channels, expanding to more soon. Read more from @SusanWojcicki: https://t.co/fZnvHXQ3AB
2020-03-16	In addition to our community of creators, artists and viewers, YouTube is made possible by teams of support staff and partner companies. Here's how we're changing our operations to keep them, their families and their communities safe at this time: https://t.co/amrb7Mp2wr
2020-03-19	Authoritative health &amp; safety experts are urging people to #StayHome if they can, and as creators and artists, you’re helping to spread the message with your entertaining, helpful and inspiring #WithMe videos. If you want to get involved, here’s how -&gt; https://t.co/r4uoEYuPZb https://t.co/CqVoHxsaGC
2020-03-20	Thank you for sharing the message to #StayHome through your #WithMe creativity! Let your viewers know about these emojis they can use in chat while you live stream and Premiere. Check out the full list in the reply below. https://t.co/5rK4GtImzz
2020-04-02	Whose videos get you through the day?
2020-04-22	A good way to make sure your live stream is successful is to plan your content ahead of time. What are you hoping to accomplish? What makes streaming the best format for your content? Get more prep ideas → https://t.co/sSsLpRBosd https://t.co/zemf6XtySO
2020-04-26	Stories are an amazing way to stay connected to your fans, and can accelerate new subscriber counts by 8.5%! If you're new to this, let your subscribers know you’re going to post to Stories, so they know to look out for them. Learn more → https://t.co/mFJeByuzc2 https://t.co/zCUlJ5Rv0j
2020-05-01	It's a new month. What are your goals for your channel in May?
2020-05-07	Everything is going great until *ཞɛƈơཞɖ ʂƈཞąɬƈɧ* your account gets hacked. It doesn’t have to be this way. In honor of #WorldPasswordDay, here are several steps you can take to secure your @YouTube account 👇 https://t.co/dxR93m3fth
2020-05-07	Have you tried Premieres yet? Not only are they easy to set up, they're a good way to build hype for your channel and get your subscribers excited for new videos → https://t.co/fEv1rWd9GI https://t.co/sRqgLk3oyC
2020-05-28	0:00 Get excited… 1:00 The Video Chapters feature is officially here! 1:30 When Chapters are enabled, viewers watch more of the video, and come back more often on average. 2:30 Test chapters on your own videos by adding a set of timestamps starting at 0:00 to the description. https://t.co/FIFLbLImaj
2020-05-28	This week, creators in our community are gathering virtually to celebrate #AsianHeritageMonth. They've passed on some insights about creating to share with you:
2020-06-11	Our aim is for YouTube to become a safer, more inclusive place for expression, discussion and learning. If you want to read more about the policies and tools we currently have in place to enable that, we've outlined them below.
2020-06-29	What's the best piece of business advice you've gotten from another creator?
2020-07-08	Inclusive content isn't just about creation. It's also about consuming content by marginalized creators, sharing their work on your own platform, and being willing to learn. → https://t.co/dC1Vj0ELgt https://t.co/2Hv43Dbjab
2020-07-09	To help creators better track their revenue rate, we’re launching RPM, a new creator-focused metric in YouTube Analytics that shows how much a creator earned per 1,000 views. RPM is the most holistic way to analyze your performance. Learn more: https://t.co/Ap7bCC39Bq https://t.co/ol418SvB8y
2020-07-12	Inclusive content isn't only about what your viewers see. It's about: 🔖 Content 💻 Who is on-screen 💬 Engagement 🧑 Audience 🎥 Who is behind the camera More on taking each of these areas into consideration when working on inclusivity → https://t.co/jMMyhcuG3K https://t.co/7og7rLCUUA
2020-07-13	The loss of talented British creator Nicole Thea and her unborn son Reign has left us truly saddened. Our sincerest condolences go out to all of her loved ones and fans at this difficult time.
2020-07-17	Spam and scams are annoying, and sometimes they're even dangerous for you and your community. They're not allowed on YouTube. Learn what constitutes spam → https://t.co/fvwxhwPHQW And here's where to report it → https://t.co/IhQEGmugD8 https://t.co/s0rGKv8ylG
2020-07-24	This week, Creator Insider continues the "Interview My Boss" series with an interview with @nealmohan, YouTube's Chief Product Officer. Watch for insights into how YouTube thinks about the features, policies, and future of the platform → https://t.co/6FHNgMBQRb https://t.co/HbGsiYD3JC
2020-07-25	Worried about burnout? @aboutliahyoo has 3 practical tips to help stave it off: 👁️ Have a solid vision and standard for yourself 🌠 Let go of perfectionism 📅 Leave a margin in your calendar and your mind → https://t.co/Uv8lJNH2yI
2020-08-17	The YouTube you know and love is at risk in Australia. A proposed new law, The News Media Bargaining Code, could have a significant, negative impact on creators in Australia. Your voice matters.→ https://t.co/gR5Hf81DIH https://t.co/oPnC6fi3If
2020-08-19	A consistent format is part of establishing your identity when making educational videos. Here are some pre-production tips to help start your channel off with a bang → https://t.co/j7HMbECzLb https://t.co/bodqc9OTvR
2020-08-22	Natural light, camera, action 🎬 Learn how to build the perfect home studio in this @VidCon talk from @ChantelHouston! → https://t.co/qiNRGI2MpS https://t.co/hiVBVRWfeO
2020-08-22	This might be the end of our takeover adventure with @ReadingWithNori, but it's not the end of yours! Watch this video for her last tip, and then go check out her channel → https://t.co/78KC51exsO https://t.co/8DBmHky2BO
2020-08-23	Your educational channel is going strong, so what do you do now (other than continuing to make awesome videos)? You have a few options that can expand your reach and build a business around your work → https://t.co/FPH6GidTKO https://t.co/206nLB5YHW
2020-08-24	At #VidConNow, Matt Dajer from @YesTheory sat down with @markmanson to discuss the art of Not Giving a F***, writing with Will Smith, and what's next for him. Watch more from @VidCon → https://t.co/XRoILajBnw https://t.co/VmIBALK3Mr
2020-08-25	Subscribers don’t automatically equate to community. It’s something you need to build and cultivate on your channel — and it’s so, so worth the effort. Here are some building blocks to think about → https://t.co/poV7W7Uu0G https://t.co/0WHt6MyWLY
2020-08-27	Community-building starts on YouTube, but you can augment it with other social media platforms, including right here on Twitter → https://t.co/xhyOSsKjPO https://t.co/WuRXHSnrjh
2020-08-27	You asked @timatalks to discuss personal identity and how it informs content. For Tima, it's all about finding your niche: https://t.co/r0PjIAg2W9
2020-08-28	The Community tab is a valuable way to build a relationship with your audience! Use polls to decide on new videos, GIFs to generate excitement, and exclusive content to keep them coming back → https://t.co/CXj6vLC4sV https://t.co/G7M70P5RF3
2020-08-28	🍋 @timatalks is back with her top 3 tips for starting your YouTube channel! Hint: consistency is everything. https://t.co/rFvLtAJPtH
2020-08-29	If you're an Australian creator, the News Media Bargaining Code could impact you. Read more answers to frequently asked questions below ↓ (1/4) https://t.co/Nj2pf1Eo3o
2020-08-29	There are more ways than ever to engage with your audience on YouTube. Don’t know where to start? YouTube Analytics can give you helpful background info, including what video made someone decide to subscribe → https://t.co/vRFZhL9KeQ https://t.co/uJCUkDeDVC
2020-08-29	This is @timatalks' last video for us, but it doesn't have to be the last video of hers you watch! Check out her channel after you get her parting tips on kickstarting your own → https://t.co/r7Nf2P1ffi https://t.co/uLVPerjAhx
2020-09-09	This week's creator takeover, Floof, is back with @theodd1sout to discuss the importance of community to animators on YouTube. No one goes it alone. https://t.co/aWy3kZNZa3
2020-09-11	Giving My Twitter A Makeover YouTube Creators ✔️ 9,112,020 views • 1 day ago As of today, tag us @YouTubeCreators if you want to get in touch. https://t.co/lC7I4TWNab
2020-09-11	It's time for Floof's takeover to end, but she and @theodd1sout have some last advice for you before they go. Head over to TheOdd1sOut's channel → https://t.co/Hd0GqIMXwK And be sure to check out 3 of his favorite creators: @TheAMaazing, @RushLightInvadr, and @getmadz! https://t.co/wZbRmCSvsx
2020-09-12	Reading builds community: just ask @livingpatri and the other BookTubers participating in this year's @latinxathon. Get some inspiration for your own to-be-read list, then take some time to browse videos from the rest of the 2020 Latinx-a-thon community → https://t.co/NXkG97uRSk
2020-09-12	Your subscribers aren't just numbers: they have the potential to become a community of loyal, dedicated fans, but you need to take steps to curate and cultivate that community. Our tips→ https://t.co/c25fPLro16 https://t.co/B5pW2CLxJQ
2020-09-14	How do you make great videos with your mobile phone? As with any camera, learning manual settings will level your skills up fast.→ https://t.co/cSYEqvyRWA https://t.co/dIpfyLr9W1
2020-09-14	This week in India we’re launching an early beta of YouTube Shorts, a new way to discover, watch and create short, vertical videos on the YouTube app. Even if you don't live in India, you can still upload your short videos today. Learn more → https://t.co/6VySxIwMB9 https://t.co/M0jXHoJkki
2020-09-14	Update: Public consultation on the Australian proposed law has concluded. Submissions are being reviewed by the ACCC before a recommendation is made to the Government. Thank you for your continued support in asking for #AFairCode. More info → https://t.co/n8xQbTaYGX https://t.co/LNZYLt6gWz
2020-09-14	You'll love this profile of @KatiePennick almost as much as you'll love her channel. In her series "Cooking in a Wheelchair," Katie shares low-effort recipes and tips to make cooking more accessible → https://t.co/MnjYtaXGK3 Check out her first video → https://t.co/wkh5xcSooz
2020-09-15	As COVID-19 started to spread in Latin America, Nubia Gaona and her sons made a YouTube channel to teach people about the Colombian countryside. Nubia hoped it would lead to a computer for her children's education. It led to so much more → https://t.co/cw2XVwc454 https://t.co/K2YjpVPmjx
2020-09-15	It can be hard to talk about your mental health. We're proud of @ALISHAMARIE and the other participants on this @VidCon panel for being open about their experiences, and we know their fans appreciate it too → https://t.co/8vC26ChVTh https://t.co/WFvswA3K0b
2020-09-15	We say it all the time, but only because it's true: lighting is 🔑. Think about how you can create a lighting setup that makes the most of your phone's image sensor → https://t.co/cSYEqvyRWA https://t.co/fIGmh3eRWf
2020-09-16	You don't need an external microphone to get good sound from your phone! Cut down your frustration and post-production time with these tips → https://t.co/cSYEqvyRWA https://t.co/FE6moqHQdC
2020-09-17	Cell phones are small but mighty: you can get shots with them that you can't with a DSLR or camcorder, and you can edit and upload on them instead of needing a computer. Make the most out of your tools → https://t.co/cSYEqvyRWA https://t.co/mW7cXtRlAw
2020-09-17	YouTube Live can be a great way to increase your earnings as a creator. Join live streamers @UnitedStandMUFC and @KreekCraft and learn how to get started making money with YouTube Live. THIS Friday, 1PM PT / 4PM ET at https://t.co/KPAu95IcxA ⭐
2020-09-18	What's your #1 piece of advice for creating videos on your phone?
2020-09-19	Don't just build a merch line, build a brand. In his @VidCon panel, @ZackHonarvar discusses why it's important to transcend merch, how to collaborate with other companies, and how to think about your brand → https://t.co/lyQagzhE4g https://t.co/vnK2jlZnJg
2020-09-21	Why vlog? It's simple: vlogging builds community. Audiences listen; communities interact with you and with each other. It's like going from acquaintances to friends → https://t.co/i8kWF0RfxB https://t.co/BLKR0TePAc
2020-09-22	Creator @chatallison is chock-full of tips for making the most out of your smartphone. Start by changing your frame rate → https://t.co/aTuYBuqNP4 https://t.co/x5UBBJjEcT
2020-09-22	If you create mature content, find out more about how we’re expanding our age-restriction efforts. We expect these updates to have little to no impact on revenue as most age-restricted videos already have limited to no ads. --&gt; https://t.co/oPMENl2JqN
2020-09-22	Vlogging lets you talk to people around the world you might never have had a conversation with otherwise. It's also easier to produce. More reasons to learn how to vlog → https://t.co/i8kWF0RfxB https://t.co/BI9htCTN1c
2020-09-23	"Vlog" is a simple word that covers so many genres. Your vlogs can fall into storytelling, or discussion of personal or general topics, or even be from the point of view of a fictional character. What genre suits you best? → https://t.co/i8kWF0RfxB https://t.co/IG8o5cgj6q
2020-09-24	Business promotion via a YouTube channel doesn’t have to be dry or boring. Jon and Danny of @Vat19 talk about the sweet rewards of playing games to promote their products → https://t.co/9986elhpCV https://t.co/mLksT3k7Oj
2020-09-24	Looking to grow and optimize your channel? Join YouTube product and creator experts on this @VidCon panel to find out the many ways you can monetize your creativity on your channel → https://t.co/60AVkMtvsE https://t.co/5kYCqGWZtg
2020-09-24	What should you consider when getting ready to vlog? ☝️ Have a point 📍 Pick your location 👜 Think about your look ⛅ Find the light 🔋 Add energy 🌟 Lead with awesome! More tips → https://t.co/i8kWF0RfxB
2020-09-25	Creating during COVID presents new and different challenges. Find out how @trevimoran is balancing creating and self-care in this Q&amp;A @VidCon panel moderated by @KatiMorton →https://t.co/EEjl0PSs7h https://t.co/eEL75gOHcC
2020-09-25	What's the best advice you've received as a creator? We asked some of our favorite LatinX creators, and they delivered. Can you sense a theme? 😻😊
2020-09-26	There is power in sharing your stories and being your whole self on your channel. @NymaTang talks about how her channel is so much more than make-up and how to use social media for real change → https://t.co/g7uRIKPe0X https://t.co/zyXp4f9Q2G
2020-09-28	.@Laurengiraldo hit her first 1M subscribers last month and we are so proud ⭐ Now she's here to take over our twitter for the week: what do you want to learn from her? Vote ⬇️
2020-09-30	Are you looking forward to October's holidays? Tag us if you make videos for any of our favorites: 🧓 International Day of Older Persons (1st) ☕ International Coffee Day (1st) 💗 National Boyfriend Day (3rd) 🧼 Global Handwashing Day (15th) 🐈‍⬛ National Black Cat Day (27th)
2020-09-30	Before you start your channel, make sure you have a good foundation! Set yourself up for success by: 1️⃣2️⃣3️⃣ Learning the basics 🎨 Developing a unique brand 📋 Understanding YouTube's rules We'll go into depth this week, but you can get started now → https://t.co/ozTMY61XZs
2020-10-01	You've made your channel. You've uploaded your very first video. You've added good metadata. What do you do next to make your channel successful? → https://t.co/6qSwZkkylh https://t.co/sGu0p1BwOC
2020-10-02	You asked @LaurenGiraldo to talk about her journey as a creator and she delivered, from Vine to her recent move to Arizona. Along the way, she shares a few tips for your own journey, so be sure to watch! https://t.co/cyavu8AmGT
2020-10-03	If you watched @LaurenGiraldo's intro video, you know she watches YouTube videos all the time. It's not just entertainment: it helps her figure out what to do and not do in her own videos! Get more tips from Lauren: https://t.co/esnMylpTwy
2020-10-03	Whether you're new to YouTube or you've been creating for a while, it's important to keep up to date on our policy guidelines so that YouTube can be a safe, healthy ecosystem → https://t.co/D2Ak9F7l6f https://t.co/hUyXQ7jujl
2020-10-04	We'll miss @LaurenGiraldo, but you can keep her takeover of your feed going by checking out her YouTube channel! Like and subscribe at https://t.co/iE4At5Uf7I https://t.co/obD2boncyT
2020-10-04	Wellness comes in many forms; physical wellness is just one of them. Here are some quick tips to improve your physical wellness! https://t.co/UrRWrfVfDJ
2020-10-05	How do you maintain your mental health as an active creator? @FootlessJo offers 5 tips for bringing your best self to your channel → https://t.co/w7wvTuXLyr https://t.co/1zz91mWaWc
2020-10-05	🤗 This is your daily reminder to love yourself 🤗 Sure, we say "like and subscribe" all the time...but have you stopped to like and subscribe to *yourself* lately? Write down three things that you love about yourself, right now!
2020-10-06	In honor of World Mental Health Day this weekend, we're celebrating the positive impact that you as creators have on the wellbeing of your communities. @MillsElle, this is just one of the many comments of gratitude your fans have left you 💌 https://t.co/DKOQBTLdrh
2020-10-06	Not all problems can be solved with quick fixes, but here are some tips that can help you improve your mental wellbeing every day 🧘‍🌳👬🙌 https://t.co/TQrgcsDGp6
2020-10-06	This is your daily reminder to: 🆙 Stand up! 👈🏼 Stretch left. 👉🏾 Stretch right. 👁 Blink once. 👀 Blink twice. 🆒 Nice! ✨ Now back to it.
2020-10-07	💌 This is your daily reminder to spread love 💌 Why don’t you message another creator and tell them how great they are?
2020-10-08	Don't forget the positive impact you have on your audience. Here are some more comments of gratitude for the creators who help us navigate life. @AnnaAkana Thank you for letting your guard down with us 🌟 https://t.co/nwXBZt45hQ
2020-10-08	How do you like to relax? Tell us how you recharge, and you’ll get an even more relaxing video in return 🏝️
2020-10-08	Reply to this tweet with a video that always puts a smile on your face, and we'll send you back one in return! 😊
2020-10-09	Running your own YouTube channel is a lot of work. From production schedules to establishing streams of revenue, here are a few tips on how to balance it all → https://t.co/BlJ14AncvU
2020-10-09	Tomorrow is World Mental Health Day, so we're continuing to spotlight just a small number of the many creators who help normalize such an important topic. @heyxnatalie your community thanks you for all that you do ❤️ https://t.co/3C2A3Zip1K
2020-10-09	🎨 This is your daily reminder to be creative! 🎨 Not for work but for fun. Dance like no one is watching. Draw something ugly. Come up with bad harmonies to your favorite song. Just for a minute, no performance goals.
2020-10-09	🧘 This is your daily reminder to pause 🧘‍: Close your eyes. Take ten deep breaths. Then turn on your favorite song and get back to being awesome.
2020-10-10	Let’s shower our brightest shining stars with love today for World Mental Health Day! 🌟 What creator has helped you with your wellbeing? Tag them to send a thank you note! We'll reshare some of our favorites throughout the day.
2020-10-10	Today is World Mental Health Day 💓 And so here's another group of creators who help subscribers take care of their minds and spirits. Your kind words change people's lives, @PattyOLovesU ❤️ https://t.co/RMP3pFISzz
2020-10-12	When @_DanielTravieso found out about YouTube, he says, "it was like love at first sight." We feel that way too, Daniel ❤️ Read Daniel's love letter to YouTube, Puerto Rico, and the Latino community → https://t.co/EoLjyu0tuQ https://t.co/Y2otLxHKp5
2020-10-13	Consistency can be applied in many different ways to establish your fanbase. Here's four examples: 📅 Maintain a regular upload schedule 👯 Use a similar intro and outro ❄️ Use fun or unique language 💬 Ask your audience for feedback → https://t.co/ynkLRGcy4e
2020-10-13	📆 When to upload? 🤔 How many posts? 🎥 Vlogs vs. editing? More tips for content organisation from UK content creator @loreleiyasemin → https://t.co/6sF1jK0uCm
2020-10-14	The squeaky wheel gets the grease: remind your viewers to subscribe to your channel at the end of every video → https://t.co/0rq9K0mfCE https://t.co/GSc6jJmuD9
2020-10-16	What do you think is the #1 thing that convinces viewers to subscribe to your channel?
2020-10-16	Working with other creators is the perfect way to find new fans: just ask the 24 creators competing against each other in #TheCreatorGames 2! Tune in tomorrow (10/17) at 5 PM ET/2 PM PT for a live example of the power of collaboration 🌟 https://t.co/DSbAEe9MdH https://t.co/4PPzQ9VNx4
2020-10-16	You might have noticed that our creator takeovers tend to share the same piece of advice: be yourself. They say it because it's true! Audiences appreciate authenticity, and it helps you grow your channel and establish a fanbase → https://t.co/tFNhNeu9oo https://t.co/FMqTl9PLjV
2020-10-17	Change starts one small step at a time. @AlexCosta shares 10 daily habits that will help you feel better, from a good night's sleep to a solid mental workout → https://t.co/XdXZGRtiAv https://t.co/mV5rlG94yp
2020-10-18	Small but mighty! 💪New-to-YouTube creator Holly Martin explains what she's learnt so far about growing a small channel → https://t.co/8K3sFcwAC3
2020-10-19	Have you tried going live yet? Live streaming is just one of the tools in a creator's kit for creating meaningful connections with your audience. Learn more → https://t.co/2iPNo31t0R https://t.co/M5MIjHjNxE
2020-10-20	Plan ahead before you go live so that you can improvise on-air. Our advice for making your live streams the best they can be → https://t.co/C7RBgF3bMQ https://t.co/bGZVABo9vs
2020-10-21	Live streams should feel compelling and of-the-moment: like they need to be watched now, not later. There are a few ways to achieve this, each of which plays on what viewers like best about live streams, from anticipation to community → https://t.co/DLdu4JQaAg https://t.co/96EN6f9omO
2020-10-21	Oh shoot! You’ve filmed an entire video but...things just aren’t in frame 🙈 You’re not alone! What's helped you fix the shot in post?
2020-10-22	Promotion is the best way to bring in viewers before, during, and after your live stream. Some ideas: ⏰ Schedule the stream in advance and share the URL 💌 Send notifications to your subscribers ⏪ Share the archived stream on social media → https://t.co/qumv5gLtS8
2020-10-23	Creators, what's your top tip for bringing viewers to your live stream?
2020-10-24	Camera, audio, lighting: @premiere_gal has advice for all of it. Check out her live stream tutorial, then spend some time trying out her suggestions → https://t.co/1DI7xOY9GZ https://t.co/q95usntpGw
2020-10-25	"If you’ve never went live, this is the video to teach you." Not our words. The words of the commenters on this video from @cruisncanada → https://t.co/Rb76QrPs00 https://t.co/gg9fIPWTDm
2020-10-26	Our creator takeover this week is @LeJuan__James! Welcome him by voting on what you'd like to hear from him:
2020-10-27	You don't have to make the same type of videos forever. If you've been running a channel for a while and are itching to try something new, take it as a sign to start a creative pivot → https://t.co/hJE9Ma51TQ https://t.co/AYYbnxYdTf
2020-10-28	If you've had a channel for a long time, it can feel like a full-time job (or be one). Here are our tips for streamlining your workflow so that you have more time to do things you love → https://t.co/0OIBjrCOj6 https://t.co/YczPXyeMVO
2020-10-29	You can never tell ahead of time how your audience will react to something new. It helps to let your viewers know you're trying to change things up, but don't let a fear of failure hold you back! → https://t.co/JBGrRVjy7J https://t.co/kbVscK2eZG
2020-10-30	Feel like your channel's growth is stagnating? Collaborating with other creators can help you reach a whole new world of fans. Some things to consider as you figure out the kind of collab you want → https://t.co/Y2jHssKC97 https://t.co/AnHgF9qUkB
2020-10-30	For @LeJuan__James, comedy is all about two things: relatability and nostalgia. He gives a thoughtful breakdown of both 👇 And check out his channel for examples of what he's discussing at https://t.co/4goxuctdEz 🌟 Thank you, LeJuan! https://t.co/SW3jN8bwYQ
2020-10-31	Can you believe @thesorrygirls have been on YouTube for 10 years this month?! After a decade, they have a lot of great advice for longevity as a creator. Get their tips now → https://t.co/bGLTlsFpzC https://t.co/wvaR5i5B4y
2020-10-31	Looking for ideas for your November content calendar? Consider making videos inspired by... 📅 Family Stories Month 📅 National Gratitude Month 📅 Native American Heritage Month 📅 World Kindness Week (starting 11/13) ...and more below 👇 https://t.co/NpOd6JsGls
2020-11-01	Thinking of rebranding your channel? @ErinOnDemand shares her advice for doing it the right way, including clarifying what rebranding actually is → https://t.co/ICaCfI85Qe https://t.co/0yaQJt0JXY
2020-11-02	How many years have you been a creator? Describe your channel with one emoji for each year!
2020-11-02	Old videos can inspire you, make you cringe, or make you laugh — but no matter what, they show you how far you’ve come. Watch Jess and Gabriel reflect on their journey → https://t.co/vSOmlzhPRB https://t.co/HnC7Ktr2KX
2020-11-09	🔴🎥 Curious about how to go live on YouTube? Join YouTube Space experts this Wednesday (Nov 11 at 9 AM PT/12 PM ET) as they discuss encoders, hardware, mobile vs. desktop productions, and more. Hit the 🔔 to get a reminder before it starts! → https://t.co/kMVZNt10Hc
2020-11-10	Batch-producing content can be useful, but as with anything, it's all about moderation. @itsandreadenise discusses how she came to the conclusion that batched production was actually negatively affecting her channel → https://t.co/F8TmcgPMV7 https://t.co/VsrkCpLw8B
2020-11-10	Creators know better than anyone that you don't need to meet in person to connect. So if you're itching for a way to virtually meet other podcasters and audio creators, check out #AudioRecess on Nov 21, hosted by Google Podcasts and @prx → https://t.co/HnAtbjybL2 https://t.co/SdAt0BPMLz
2020-11-11	Don't miss out! Learn everything about how to go live on YouTube with our YouTube Space experts 🔴🎥 Starting at 12:00PM ET today! → https://t.co/kMVZNt10Hc
2020-11-11	Everyone has a story to tell. But a good story alone doesn't mean that you'll get and keep a viewer's attention. Set your documentary up for success with these tips from @JevenDovey → https://t.co/KpNpfAt7Vb https://t.co/9jKhPVzPwO
2020-11-12	"Sometimes things need time to be perfect" is a lesson every creator can take away from their old videos! Share some laughs with @AlexWassabi and @GuavaJuice as they look back at their old videos — some of them from over a decade ago! → https://t.co/4g0h7z2P7w https://t.co/IfE27i1wAV
2020-11-13	November is flying by! Are you planning to create a video for any of these upcoming holidays? Let us know 👇 https://t.co/UuyQrW9CEU
2020-11-13	You don't have to wait until December 31 to start thinking about what you want 2021 to look like. You can start today, by watching this video from Erin May Henry about 10 habits that will set you up for success next year. And you are worthy of success! → https://t.co/KEpi9lvxA6 https://t.co/WUp4aenXMB
2020-11-14	How many great tips can @RobertoBlake pack into less than 5 minutes? Let's find out... → https://t.co/4ilK7Eme2F https://t.co/0nobmiU7ii
2020-11-15	If you're ready to be the type A person people already think you are, @NikaErculj's got you. Check out these tips for organizing your life from someone who's been where you are → https://t.co/XGrsmwTEgM https://t.co/GW6RMzYO36
2020-11-16	Looking regularly at YouTube Analytics can help you see what's working for your channel and how you can keep growing. Our advice for making the most of Analytics → https://t.co/muaGtSdSbK How have statistics helped you grow your channel? https://t.co/ZSvC2n2W8X
2020-11-17	To build a successful channel with a strong fanbase, you need to know who's watching your videos! YouTube Analytics can help you tailor your videos to your fans, from the topics you choose to how you title your videos → https://t.co/F60iWcQDw9 How do you use Analytics? https://t.co/4ZdImwnBPB
2020-11-18	If you’re based in the U.S., you’ll notice that we’ve updated our Terms of Service today. To help you understand what this means for you, we’ve broken the update down, part by part, in our Forum: https://t.co/2h5P1BFMZ4
2020-11-20	What do you know about how your videos reach viewers? YouTube Analytics helps you understand impressions, click-through rates, and your active audience. Once you have this info, you can figure out what strategies work for you and change what doesn't → https://t.co/133rgDmQCO https://t.co/OLggiJRe1D
2020-11-21	The Audience Retention report in YouTube Analytics is one of the best tools in your toolbox. The points where retention drops off or seems to rise can tell you a lot about what appeals to your viewers, and help you revise your creative approach → https://t.co/wF1n6N03yk https://t.co/wkfEkdUS0H
2020-11-22	Confused about how to read your analytics? Never fear, @cathrinmanning has your back with this beginners' breakdown of Analytics (and she even has a monthly series where she goes over her own, too!) → https://t.co/8CAsOwt047 https://t.co/9hWDISZvmh
2020-11-24	This Friday is Black-owned, thanks to #BlackOwnedFriday, a joint @Google-@usblackchambers initiative. If you're looking for a way to highlight your favorite Black-owned brands, check out @_kaicealea's example → https://t.co/p4VYdVzBr2 https://t.co/8SvNI20bet
2020-11-25	Lyn Allure is paying it forward: she launched her e-commerce business with less than $100, and she's showing you how to do it too. Her advice works no matter what your business is, so get out your pen and paper and take notes → https://t.co/PeIfq73wCd https://t.co/kiMUJ7KXxZ
2020-11-25	Super Chat is a one-two punch of a feature, allowing you to find new monetization routes for your channel while bringing you and your fans closer together → https://t.co/2vaVRarGpX Creators, have you used Super Chat? How'd it go? https://t.co/Cpnh79P2Xl
2020-11-25	You're planning to launch Channel Memberships? Great! Before you set everything up, check out our advice for how to make members feel special and like they're getting the most out of a Membership → https://t.co/4KeS1C7KfZ https://t.co/WUuK1IZIs7
2020-11-26	If you're looking at ways to make money from your channel, merchandise is a great option. It gives your fans a way to proudly show how much they love your work, and it adds value to your channel. More → https://t.co/PJFUKyGmF7 https://t.co/p6oZT2tGcQ
2020-11-26	To all the creators who took over our account this year, and everyone who followed along: whatever you're doing today, know that we're thankful for you. ❤️ https://t.co/wNoWSsS34b
2020-11-27	Happy #BlackOwnedFriday! If you're buying merch from Black creators, let us know by tagging them below 🛍️
2020-11-27	You've decided to start selling merch! Don't start without a strategy. Figure out how you're going to promote your merch, and make sure it's unique to your channel, before you take the final leap → https://t.co/PJFUKyGmF7 https://t.co/M9YHd7Ji59
2020-11-28	Check out @heartsandcake90's Black-owned #SmallBusinessSaturday recommendations for an example of how to help your fans *and* your favorite businesses → https://t.co/n2G8gM0Jx5 https://t.co/Oa5eaA6hWk
2020-11-29	Congratulations to @jessicastansbry on hitting 100K subscribers! She's giving back to each of those 100,000 fans who helped it happen with a video reflecting on her journey, full of advice for getting your own channel to that milestone → https://t.co/QMJs1ZkAS1 https://t.co/klcPa6qmTA
2020-11-30	It's almost December! We're looking forward to National Pie Day, which kicks off the month tomorrow, but we're pretty excited about the rest of the month too 🎉 (Let us know 👇 if you make a video about any one of these days, and we may highlight it here later on!) https://t.co/qy3yp5hL9t
2020-11-30	To make the most out of your nonprofit's YouTube channel, you need to master the art of storytelling. Planning a good story relies on 4 fundamental steps: ☝️ Make your point 🧑 Cast your character 🛬 Set your approach ❓ Determine your ask More → https://t.co/IBrQIoCrX8
2020-12-01	📨 Shareability 🕵️ Discoverability 📅 Consistency 🧑‍🤝‍🧑 Community 🌱 Sustainability What do these things have in common? They're each one of the 5 fundamentals of making social impact on YouTube. Learn more → https://t.co/OSOuJbBFyg
2020-12-02	Once your nonprofit is on YouTube, how do you make it stand out? First impressions are everything, so make sure your channel branding is solid! → https://t.co/KbkjAzFT5G https://t.co/3XPraa9Hod
2020-12-03	Learn more about our ongoing efforts to make YouTube a more inclusive platform, including how we're using your feedback to improve the nature of comments and better serve creators. https://t.co/HiIe11xJGJ
2020-12-04	Creators, what's your tried-and-true trick for getting an emotional response with your videos? Do you use lighting changes, color grading, or something else entirely?
2020-12-04	People are more likely to share stories that move them in some way. It might seem hard to evoke an emotional response, but here's the secret: it's as easy as applying the right lighting, framing, and music at the right time → https://t.co/IBrQIoCrX8 https://t.co/j0nzelqSpA
2020-12-05	A collab with another creator doesn't have to mean a YouTuber. @gottabehandmade interviews handmade artists who aren't on YouTube, using her channel to promote them as she educates her audience. We think it's a pretty inspiring way to use your platform → https://t.co/tSd22eXRO4 https://t.co/tAm440unQl
2020-12-05	It can feel daunting to distill a complex issue into a simple video, but it's the best way to reach viewers' hearts. Some tips: 👤 Zoom in on one person and their story 🌟 Use star power wisely ⏲️ Keep it short and impactful → https://t.co/IBrQIoCrX8
2020-12-06	The first week of Vlogmas is coming to a close, but @kat_m_perry's tips are good for the whole month! Set yourself up for vlogging success with her advice → https://t.co/q1V4r6kcMz https://t.co/ddzRqocMo6
2020-12-06	You asked about the algorithm. Rachel answered. In this Creator Insider video, you'll learn why changing your title and thumbnail can affect impressions, best practices for a multilingual channel, and more → https://t.co/GkLxMIyLEV https://t.co/167Py56t0v
2020-12-07	Set yourself up for success: thoughtful keywords, robust descriptions, and trending topics can all contribute to a higher ranking when people search for videos like yours → https://t.co/ZEuCbM397s https://t.co/RfZYbZjLDN
2020-12-08	Knowing which parts of your videos your audience likes is essential, but it can be hard to read the graph. Now YouTube Analytics auto-highlights key audience moments, making it easier to apply these learnings to your next video. Explore the new features → https://t.co/rLEDbAEYVo https://t.co/mZLm5LhlJL
2020-12-08	To look your best with a simple home lighting setup, try three-point lighting! Marissa from @YouTubeSpaceLA breaks it down → https://t.co/PNr6lRvjEi https://t.co/jtu6rd2UJ3
2020-12-08	Your video's thumbnail and title will probably be the first thing viewers see, and that sets their expectations for what they're about to watch. Make sure your thumbnail and title are not only inviting, but accurate → https://t.co/zYAlbIepVz https://t.co/QEonA78Nxr
2020-12-10	End screens and cards are a great way to keep viewers on your channel, but they're most effective when they direct your viewers to something relevant → https://t.co/ouOjyXywUF https://t.co/j8tERSUaS8
2020-12-10	Watching other creators' day-in-the-life videos is a great source of inspiration! For example, check out this day from @NoisyButters that provides insight into how she records and edits → https://t.co/NZ9wpEV9FB https://t.co/YJSvK30yI0
2020-12-11	Creators, how far in advance do you plan your content? How did you get to a schedule that worked for you?
2020-12-11	Sticking to a publishing schedule has a lot of benefits: you can be flexible with trending topics, organize around the times your viewers are online, and your fans will know exactly when to check your channel for your next video → https://t.co/LMaaV1h1Bc https://t.co/yKdBnP4y9M
2020-12-15	December is flying by. With the Solstice on the 21st, the days are about to start getting longer again...which gives you more time to use natural lighting in your videos 😉 Let us know 👇 if you film videos around these dates, and we may share them! https://t.co/zvEU0Jrs90
2020-12-15	Did you know that VTuber views grew this much in 2020? Check out YouTube's 2020 Trends Report to learn more about your fellow creators → https://t.co/fnkXrNPI25 https://t.co/CmKsZhufPe
2020-12-17	What did you learn from your first year on YouTube? @SebastianPirie reflects on everything he's learned, from the importance of learning new things to the power of community → https://t.co/nOIQl1FDXw https://t.co/9qMYJkG0ij
2020-12-17	You're stuck on a deserted island with just your phone and one other piece of filmmaking equipment. What did you bring?
2020-12-18	You don't need to spend big to get high-quality production values, and you don't need a big filming space for a big impact. Rob Ellis takes us through how he lights small rooms in a cinematic way with a small budget → https://t.co/BOMTXRAmOc https://t.co/dHm3W0mysx
2020-12-18	YouTube BrandConnect recently hosted #YouTubeBlack creators for a panel on brand partnerships. We learned that brand collaborations typically fall into two approaches: prescriptive and independent. Learn more about branded content → https://t.co/goYXMaxEWi https://t.co/QIYF0CVMe2
2020-12-19	Music does a lot of heavy lifting in film, so it's worth taking the time to make it unique. @D4Darious goes in-depth on how he uses music to create atmosphere, and how you can do it too → https://t.co/Ho3OhpW91f https://t.co/toFzdQ3ABL
2020-12-19	When it comes to landing brand deals, your creative niche doesn't necessarily mean you'll be limited to one type of deal. Beauty creators can get gaming deals, and vice versa! More about branded content → https://t.co/goYXMaxEWi https://t.co/qnpNrLGwif
2020-12-20	No one could have predicted what this year was going to look like. Here, @EVEEEEEZY walks us through her 2020 vision board and reflects on why she's not actually disappointed by it → https://t.co/BjVLv5lFxT https://t.co/vzp9H4BG2Y
2020-12-20	When your home is your office and your office is on the smaller side, every bit of space counts. Here's how @AhsanteB made her bedroom into a place to sleep, work, and film → https://t.co/w7BnzqwPX4 https://t.co/NsmJ84gk8Y
2020-12-21	Back in November, @pengjoon hit a milestone: 100K subscribers. (Congrats, Peng Joon!) In this advice video, he talks about why YouTube strategy should be different from your other social media platforms, and offers 10 tips to make your mark → https://t.co/EuY1ffYh7W https://t.co/l8ece7tDtd
2020-12-21	This was a banner year for brand-new creators: new channels went up by 95% in 2020! Tell us about new channels you launched in 2020 👇 More from our 2020 Trends Report → https://t.co/fnkXrNPI25 https://t.co/qZjm0hfLKc
2020-12-22	Last question of the day! What percentage of YouTube users watched comedic content to cope with difficult times this year?
2020-12-22	Last week, our amazing #YouTubeBlack Creators attended a family gathering, where we talked about some of the things that gave us hope in a challenging year. Over the course of the day, we'll be posting pop quizzes to test your 2020 knowledge.
2020-12-22	Wake up and smell the coffee...and then go behind-the-scenes of how Daniel Schiffer made his commercial for @kramoda, a coffee brand founded by fellow creators → https://t.co/1bi87fYjsW https://t.co/ajxQkzP3wC
2020-12-22	We're back! This time, we want to know: do you know how many times videos with some form of "beginner" in the title were viewed this year?
2020-12-23	Did you know that 58% of people are open to watching content made by creators of any age? If you're among that number, let us know who your favorite older creator is 👇 And check out more from our 2020 Trends Report → https://t.co/fnkXrNPI25 https://t.co/PWTSxe9Q6o
2020-12-23	You don't need professional-grade equipment to get a professional look. John from @YouTubeSpaceLA breaks down the tips and tricks he used to create a professional setup at home → https://t.co/mJkicrFJOu https://t.co/1IrjhRH2DA
2020-12-24	Channel memberships only got better in 2020: creators earned over 4 times as much revenue from memberships compared to 2019. Here's how creators @rachana_ranade, @PrinceOhakam and Anna Yakimenko have made the most of their memberships → https://t.co/IC3XL43e5b https://t.co/zv8nhA6lIa
2020-12-24	One of the ways people stayed connected this year was by watching others game. Who was your favorite gaming creator to watch in 2020? More from the 2020 Trends Report → https://t.co/e4t2UibzKc https://t.co/rpkBh3tubx
2020-12-25	Home workout videos peaked in April (though they're still going strong compared to the beginning of the year). Tag a creator you exercised with this year! And check out more from the 2020 Trends Report → https://t.co/fnkXrNPI25 https://t.co/1zl6gQSLPN
2020-12-25	You have lights. You have your camera. But don't yell "action!" until you've watched this video from Ben Johnson about the best ways to position lights for your videos → https://t.co/HtSkARpoHr https://t.co/M9D101Oamr
2020-12-26	Did you gift yourself a green screen this holiday season? We have some tips for making the most of one of the handiest tools a creator can have → https://t.co/Qx6uu7Acp8 https://t.co/O1WTEU9SVb
2020-12-26	With 201 billion views, Minecraft was far and away the most-viewed game of 2020. Tag the creators who earned your share of that 201B 👇 More from our 2020 Trends Report → https://t.co/fnkXrNPI25 https://t.co/h7nrpDcSlk
2020-12-27	56 percent of livestream viewers thought that watching streams can be just as good as being at an event in person. What was your favorite stream this year, and why? Let us know 👇 More from our 2020 Trends Report → https://t.co/fnkXrO7iTD https://t.co/MrYVrK9tp2
2020-12-28	"The beauty of this medium is that we don't need permission. Anyone can make anything. And we've made a lot of beautiful things." And this video is one of them, @petermckinnon 👏
2020-12-28	Describe your favorite video in 3 emojis 👀
2020-12-29	Tasha of @OneBigHappyLife reflects on one year of full-time entrepreneurship and why not meeting her original goals for 2020 was actually a positive → https://t.co/qCXuGVM7Qy https://t.co/97WkgAAj7e
2020-12-29	📅 Back in January, we asked you what your channel resolutions were. Looking back now, how are you feeling? Did you meet or even surpass your most important goals? Did your resolutions end up being wrong for you, or unrealistic? Did you make a list at all? https://t.co/H6WllZnZ5k
2020-12-30	Creator Insider are back busting some of the most common myths about the Trending tab → https://t.co/DjG7JNMdBP https://t.co/EvDmYH0mnC
2020-12-30	Rowena Tsai decided to make weekly videos with a special goal in mind: helping her fans connect with each other while putting her ideas for practical self-care into action. Start here and keep going! → https://t.co/tJHcOsnXxP https://t.co/4O7h5AvOQ9
2020-12-30	You're collaborating on a video with two other creators. Who are they, and what's the video?
2020-12-31	2021 is just around the corner and it could be your best year ever, especially if you follow @muchelleb's advice. Start by being realistic about who you are, and proceed accordingly — for example, if you know you're not spontaneous, plan in your fun! → https://t.co/yW3pZd1EDD https://t.co/C1TNpkFiPf
2020-12-31	Are you making resolutions for 2021? @hannahwitton isn't, and in this video she explains why 2020 has changed her perspective around annual resolutions → https://t.co/57ZSfzY0Pr https://t.co/f326ece1Hc
2020-12-31	✨ Tag the creators who inspired you to improve your craft in 2020 👇
2021-01-01	Did you know that January is National Hobby Month? Here's your permission to spend the month focusing on the things you love doing, like making videos ⭐ And here are other holidays to help you plan your videos this month: https://t.co/CU6OZJdL1M
2021-01-01	We made it! Happy 2021, creators! 🎉 What are some of your goals for your channel this year? 🔮
2021-01-02	If you make a vision board, you still need to do the work to achieve your goals — but the board will help you keep them in mind! @theabiekamara discusses how her vision board helped her in 2020 and how to make your own → https://t.co/rs3llq32e3 Do you make vision boards? https://t.co/inD20iqp8c
2021-01-02	You're designing merch to help your fans stay cozy over winter. What does it look like and how is it uniquely yours? ❄️
2021-01-03	2020 was difficult for Phoebe and Matt, the creators behind travel channel @littlegreybox, but the hardship helped Phoebe realize how much she cherishes her work. More on the 5 things she learned this year → https://t.co/lZqoGHo0UK https://t.co/t4djQDPRyo
2021-01-03	The start of the new year is a great time to kick off new habits, but as Mariana reminds us, you don't have to get everything on the first try. Give yourself grace and time to try again, and you'll build habits in a healthier way → https://t.co/DWg6pyMx2e https://t.co/FnOStHcnNg
2021-01-04	Who 👀 is taking over @YouTubeCreators this week? We'll give you a few hints... 1. He's faceless but always smiling 2. He's on a quest to fight the EnderDragon 3. His channel reached 15 million subs last week 4. He's Streamy Award winning Reply 👇 with your best guess!
2021-01-04	You guessed it... he's been on an insane journey in the past year, so we asked @Dream to take over and share what he's learned along the way. What would you like him to talk about?
2021-01-05	Let yourself shine! The best way to stand out as a gaming creator is to focus on the things that make you unique → https://t.co/VqDMsCkwFL Creators, what makes your channel special? https://t.co/vBijGTI8zK
2021-01-05	One of the special strengths gaming creators have is their sense of community. Our tips for cultivating your own → https://t.co/qm2s2jVXRP https://t.co/nMwGBCcQ3B
2021-01-06	A lot of gaming creators publish frequently. How do you balance quantity and quality, and how do you do it in a way that avoids the risk of burnout? Some things to think about when scheduling content → https://t.co/y2mB6odYWb https://t.co/tWJWH6xMKB
2021-01-07	(1/4) Due to the disturbing events that transpired yesterday, and given that the election results have now been certified, starting today *any* channels posting new videos with false claims in violation of our policies will now receive a strike. https://t.co/3pL9e5qoi0
2021-01-11	You wanted advice on growing your community, and your @Dream came true. Here's how Dream built his community. How do you grow yours? https://t.co/FI29wHpzOa
2021-01-13	This week we announced the inaugural #YouTubeBlack Voices Class, 112 creators who share their perspectives through inspirational storytelling and by fostering incredible communities. Stay tuned for lessons you can learn from them throughout the coming days 💡
2021-01-14	When @AyChristene live streams, part of her release strategy is to post links to the stream on her Community tab. Try doing this for your own streams and Premieres! Check out Christene’s channel for more inspiration → https://t.co/zCDxifsbOv https://t.co/8n2fs1OafC
2021-01-15	#YouTubeBlack Voices creator @Dimmaumeh is proof that you don’t have to stick to a single type of video: her channel strikes the perfect balance of makeup, lifestyle and vlogging → https://t.co/4aF4NzkQyn https://t.co/iJlWgdUQYd
2021-01-15	#YouTubeBlack Voices creator @lasizwe always heads into the comments on his new videos to ask his fans questions! Try to engage with fans on every new release, whether in comments or the Community tab. Check out his channel for ideas and laughs → https://t.co/TK9ZFm4eKP https://t.co/TOnoTfOAt3
2021-01-15	From AI robot arms to competitive live stream gaming, #YouTubeBlack Voices creator @jabrils_ is an expert at finding unique ways to connect with his fans → https://t.co/BHhrW9HNWm What’s the most unique way you engage with your viewers? https://t.co/8gP9Msoh7G
2021-01-15	Our @YouTubeLiaison asked creators to share one top tip to help your channel in 2021. @OffbeatLook encourages you to think big, and not be discouraged by short-term hurdles! More tips → https://t.co/hLN57W4J5F https://t.co/UdRHGetLXk
2021-01-15	Thumbnails are a key part of drawing attention. Just look at #YouTubeBlack Voices creator @TheKingofReads — his thumbnails are a consistent style, but more importantly, they express his personality! → https://t.co/k1FwMxhjWm https://t.co/c43o6SmknZ
2021-01-16	In 2021, make sure you follow @NathanZed's top tip: taking creative risks pays off! More tips → https://t.co/hLN57W4J5F https://t.co/l2IDJ8YCtJ
2021-01-16	The best tip to help your channel succeed in 2021? According to @annoyingorange, success comes down to consistency. More tips → https://t.co/hLN57W4J5F https://t.co/EuKnsTqJEM
2021-01-17	Remember: consistency is 🔑 to channel success! @LexiVee03 explains why 👇 More tips → https://t.co/hLN57W4J5F https://t.co/BVMILwpS0G
2021-01-17	She's practicing what she preaches: @madeyewlook's here to remind you that you are an influencer, and you should use that power for good 🌟 More tips → https://t.co/hLN57W4J5F https://t.co/yfd73kYTYY
2021-01-18	Life won't stop getting in the way in 2021. @MollyBOfficial's tip for dealing with it? Pre-film content to keep in your back pocket. More tips → https://t.co/hLN57W4J5F https://t.co/xbvNiIgDms
2021-01-18	This interview with @KreekCraft is full of great ideas for creators of any genre to connect with your community and make the most of channel memberships. Get his tips → https://t.co/dr08GN42L4 https://t.co/2K6GjtOszN
2021-01-18	We're halfway through January now! Are you already looking ahead to February, or will you be making content for these upcoming holidays? (BookTubers, don't forget to send us your library shelfie videos! 📚) https://t.co/tR09U497Np
2021-01-19	Don't go it alone: @ItsYeBoi reminds us all that not only is it okay to ask others for help with your channel, it will actually improve your content → https://t.co/hLN57W4J5F https://t.co/UdveW7Csju
2021-01-19	What is @garyvee's top tip for 2021? 1️⃣ Community 2️⃣ Community 3️⃣ Community Has he convinced you yet? → https://t.co/hLN57W4J5F https://t.co/iVhqolfXJN
2021-01-21	#YouTubeBlack Voices creator @Misskihoro ❤️ Nairobi, and we ❤️ the way she uses her platform to show why she loves Kenya, from unboxing local brands to highlighting local talent → https://t.co/eM7leGAj0Y https://t.co/k62VduArny
2021-01-21	Responding to all comments is a great way to build community, but #YouTubeBlack Voices creator @RayndayGaming is trying something additional: highlighting comments that hit home by responding in a dedicated video → https://t.co/s9Q2K4L5YT https://t.co/z0OqFr1xkv
2021-01-22	As the Self-Certification program rolls out, we want to provide clear examples of how to accurately assess your content against monetization guidelines. Creator Insider is bringing you weekly videos breaking down each section. First up is profanity → https://t.co/28cePjKOw1 https://t.co/FOUi0Xcp0S
2021-01-22	Don't forget to spend time away from your channel this year. @CleanMySpace puts it perfectly in her top tip: take care of yourself so you can take care of your content! → https://t.co/hLN57W4J5F https://t.co/CfHKh1cN4l
2021-01-23	#YouTubeBlack Voices creator @shalom_blac stepped into the Creator Spotlight last month. She opens up about how she found her purpose, and what happened when she started a YouTube channel to connect with other burn survivors → https://t.co/aCKimZEJlW https://t.co/1DZWR4EOcG
2021-01-23	You've started uploading Shorts, but you're not sure how they affect your analytics. Luckily, Creator Insider is here to answer your questions → https://t.co/0lJKM6u6lk https://t.co/WeBgN4hLWQ
2021-01-24	Come for the makeup tutorials and reviews, stay for the honesty about mental health. #YouTubeBlack creator @nymatang opens up about therapy → https://t.co/9I7cdRQFfM https://t.co/YDSnhXLHOq
2021-01-24	You had questions about how search and discovery work on YouTube. Creator Insider has answers, from switching up formats while retaining your audience, how to time your uploads, and more → https://t.co/4JgmiUdNYq https://t.co/EoHi3v9550
2021-01-25	In September, Alia Zaita uploaded her first YouTube video. By the end of 2020, she had 42,000 subscribers. Alia discusses her runaway growth and shares lessons you can use to gain traction on your own channel this year → https://t.co/9zLSY3aTzN https://t.co/dyuLgS7qSo
2021-01-25	Looking for new tunes to score your videos to? Look no further than #YouTubeBlack Voices creator @prodbyocean → https://t.co/BBP7adnott https://t.co/ppuykhMRO4
2021-01-26	In 2021, we’ll be using the lessons we learned last year to grow the creator economy in 3 key areas: policy transparency, additional revenue sources, and supporting all creators' success. More from @SusanWojcicki’s first 2021 letter to the community → https://t.co/use49mrsIu
2021-01-26	Take it from #YouTubeBlack Voices creator @CydBee: there's always a way to combine your interests, however different they might seem. Check out Cydnee's Makeup &amp; History series → https://t.co/EvphUNrLHj https://t.co/HNpeKOxjoM
2021-01-26	The Community tab is the perfect place to interact with your viewers, and #YouTubeBlack Voices creator @OwamieHlongwane is an expert in the field. Check out how she uses the tab, and then keep browsing her channel! → https://t.co/yUKdH0o5gK https://t.co/0xptNmXeL4
2021-01-27	Creator Insider takes you through two new fully rolled out Premieres 2.0 features! 🎉 Plus, more on the new Analytics feature that lets you compare video performance over time → https://t.co/Zo8gbPZef0 https://t.co/1TlShOPRWd
2021-01-27	Premieres are a great way to bring your fans together...and they're about to get even better. We’re rolling out new features, including: 🎙️ Support for live pre-shows 🎬 Building hype with trailers and more! → https://t.co/gw5XXu3nbF https://t.co/DUEQ3ePtah
2021-01-28	Not only does #YouTubeBlack Voices creator @KneWKeeD regularly use his Community tab to poll fans and ask open-ended questions about the new tech he's reviewing, he promotes posts on Twitter too — a smart way to drive engagement! → https://t.co/xSiKnRN3bi https://t.co/lRvOvy07b7
2021-01-28	One of the best things you can do as a creator is to uplift others. No one knows that better than #YouTubeBlack Voices creator @mumo_mumo_, who produces a series on his channel telling the stories of other entrepreneurs → https://t.co/OaFVww2v3Q https://t.co/XXBTemmEeK
2021-01-29	One of the easiest ways to expand your channel's global reach is to use YouTube's built-in translation tools. Learn more about how translating your videos helps increase your audience → https://t.co/PKYNi2QbIT https://t.co/llgAJs441g
2021-01-29	Starting a YouTube channel? Make sure you check out Anni's advice first, ranging from the benefits of having 0 subscribers to how to stay in your niche while still making diverse content → https://t.co/M6HQIzyumz https://t.co/THSp63497i
2021-01-30	In this wide-ranging GRWM, Nigeria-based Kelechi Mgbemena opens up about what it's like to be a creator outside of the US → https://t.co/9jc3DRTVLH https://t.co/YYmjVYd5jK
2021-01-30	Sometimes, no words are necessary...to communicate across languages. Our tips for creating language-agnostic videos → https://t.co/t2dayvFF70 https://t.co/wxKTAvL0jS
2021-01-31	The more universal your video's appeal, the more people will watch it! There's no hard and fast rules about what will or won't resonate across borders, but a few genres tend to be globally loved → https://t.co/t2dayvFF70 https://t.co/CO0vsUHo4o
2021-01-31	What's in a name? 🤔 A lot, it turns out! There's no surefire formula to finding the perfect name for your channel, but these tips will help you get there → https://t.co/1O6pQORj6f How did you choose your channel name? https://t.co/kXIIJpa1cw
2021-02-02	February is a time for 💕 love, so this month we're sharing tips on how to truly understand and connect with your audience. Here's an idea: poll your fans about what they'd like to watch with Community posts so you're creating content they'll adore → https://t.co/j2qPMZ03UY https://t.co/d7usZBWooU
2021-02-02	For such a short month, February is jam-packed with holidays...and creative inspiration for you! 💕 Tag us if you make videos for any of these holidays! https://t.co/Tea9MWG21S
2021-02-03	Did you know that you can tag fans and fellow creators in Community posts? Use it to shout out someone you appreciate! → https://t.co/j2qPMZ03UY https://t.co/8jguODcRuf
2021-02-04	In this week's Creator Insider newsflash, Conor talks @SusanWojcicki's letter to creators, a new Studio experiment, and Clips (which you can test out on this very video!) → https://t.co/WvhWfSDrVb https://t.co/QkhHs52htf
2021-02-04	Surefire way to get your fans to check your Community tab? Use it to tease upcoming special announcements and projects 👀 → https://t.co/j2qPMZ03UY https://t.co/7y92Fkp7JP
2021-02-05	January was a big month at YouTube! Take it from @TeamYouTube, who walk us through the most exciting product updates in this first round up of 2021 → https://t.co/jxHeUrqZEn https://t.co/WjXn7eW29g
2021-02-05	Spread the love: post about your collaborations in your Community tab so your fans can celebrate your collaborators too! → https://t.co/j2qPMZ03UY https://t.co/0PU1Gw7JvL
2021-02-05	We know gaming creators have unique concerns around determining ad-friendly content, which is even more important as the Self-Certification program rolls out. This week, Creator Insider clarifies those guidelines in a video tailored to you → https://t.co/raNrKHGlmN https://t.co/QDC4pQMWrW
2021-02-06	Have you noticed that Community posts have a special page in Studio? @vidIQ walks you through how to use the dashboard and explains why Community posts are so important for connecting with your subscribers → https://t.co/M824nNRiTG https://t.co/GSKYp6Q5me
2021-02-06	You've come so far, @BaileySarian! Join Bailey as she revisits her milestone videos, and find out what's next for her → https://t.co/ZaO696GxTN https://t.co/t6WzBUIoDd
2021-02-07	As you kick off your YouTube channel, don't forget the importance of community engagement! @dontmemorise breaks down the most effective ways to engage your viewers → https://t.co/XJQh1gYwNF https://t.co/uOQng2bS9v
2021-02-07	What's the best interaction you've ever had with a fan? 💞
2021-02-08	We're celebrating love this month with a takeover by @_JamesHobbs and #YouTubeBlack Voices creator @KiimmyKay 💞 Let them know how you'd like them to share the love this week!
2021-02-09	#SaferInternetDay is the perfect time to remind yourself of the Community Guidelines that keep you and your audience safer on YouTube.
2021-02-11	Starting a YouTube channel and building a community from scratch can feel overwhelming, but it doesn't have to be. This playlist compiles everything you need to know, from growing your community to practical tips → https://t.co/oJJF9wKaII https://t.co/J6N7MG4M2l
2021-02-12	Show some love to your biggest fans! Heart your favorite comments for an easy way to let your community know you appreciate them → https://t.co/hSA6xiCmkX https://t.co/hIymUSyvOL
2021-02-12	Show your fans the love is mutual! Take the time to reply to comments so that they know you appreciate them.
2021-02-12	Taking the time to reply to comments is an easy way to show your fans that you’re listening, even if you can’t respond to everyone → https://t.co/hSA6xiCmkX https://t.co/7dn5VSTlCs
2021-02-13	By pinning comments on your video, you get to determine what fans see first. A question for viewers? A fan comment that made you emotional? It’s your choice → https://t.co/hSA6xiCmkX https://t.co/RO0zfIzFZD
2021-02-13	What is your favorite comment you've received? 💞
2021-02-14	Exciting news: toward the end of the month, we'll be rolling out improvements to the pre-publish check feature. Creator Insider is here to give you a sneak peek into the new monetization check → https://t.co/uYHiDi8CVa https://t.co/dE4uvLfC3i
2021-02-15	Can you believe half of February has already flown by? What holidays in the second half of the month are you planning videos for? 🎥 https://t.co/hYpCnL0B3O
2021-02-15	Did you know that your fans are more likely to use Super Chat and Super Stickers if they see others doing it? Be sure to remind them during Premieres and live streams that it’s an option! → https://t.co/bC2PykjvGc https://t.co/7bIwqYZ71j
2021-02-16	Make your fans feel like they're involved in your streams! Try having Super Chats and Super Stickers impact your on-camera actions when live → https://t.co/bC2PykjvGc https://t.co/SfXmM8WEft
2021-02-16	Super Chat is an incredible way to build community with your subscribers. Need more convincing? @KreekCraft walks you through how and why to use Super Chat and Super Stickers → https://t.co/2fm3T9dU8D https://t.co/lx44MXNiKW
2021-02-17	Innovation is key to growth, both for YouTube as a platform and for creators. In his first innovation blog, @nealmohan delves into how we’re helping creators succeed, from launching Shorts to improving e-commerce → https://t.co/oVwbWNYs10
2021-02-17	Make your fans feel as loved and appreciated as you do: Be sure to thank everyone who buys a Super Chat or Super Sticker! → https://t.co/bC2PykjvGc https://t.co/QirnBqqiC6
2021-02-18	By setting challenges to hit certain amounts of Super Chats or Super Stickers, you can encourage your fans to send more! Plan to do something small and fun at a milestone marker → https://t.co/bC2PykjvGc https://t.co/U9dfzGYKuB
2021-02-18	We’re reimagining YouTube Spaces into a more flexible format that can reach more creators in more places around the world. 🌎 In place of brick-and-mortar Spaces, we’re now offering online experiences and will bring pop-ups to key cities once it’s safe: https://t.co/IMtVO9iH61
2021-02-19	Creators, any tips for each other on best uses of the comment section? 🌟
2021-02-19	Looking to turn your subscribers into a true community? @_JamesHobbs and #YouTubeBlack Voices creator @KiimmyKay are sharing their top 5 tips for engaging fans with you! Be sure to visit their channel to see their advice in action → https://t.co/yFQCYFkyXD https://t.co/YWBu41uKU4
2021-02-20	An easy way to encourage your fans to send Super Chats? Hook it up to smart devices so that you can make fun things happen on-screen! @KreekCraft demonstrates → https://t.co/2fm3T9dU8D https://t.co/xjChEqSY8b
2021-02-20	YouTube Analytics has new comparison tools to help you better understand your video performance! Rachel breaks down how to understand and use your data in this video for Creator Insider → https://t.co/nyf9UBJJ7C https://t.co/eHddRzfOww
2021-02-21	ICYMI: last week, we launched a new card in Analytics that shows you the other channels your audience watched over the last 28 days. In this short Newsflash, Connor offers ideas for how to use the new feature → https://t.co/SHLTz8fNIp https://t.co/OUpHwFy5hy
2021-02-21	Need advice on building community via comments? Turn to the experts: @ColinandSamir! What do you think about their idea that the comments section is like a digital convention hall? → https://t.co/XNSmy68mE8 https://t.co/JKmXhL4uii
2021-02-22	A few fun facts about this week's creator takeover: 🎥 She's been in an award-winning documentary... 📚 She's written a book... 🥳 She recently made her music debut... ✨ She's absolutely gorgeous! Guess who 👇 and you'll find out later today if you were right!
2021-02-22	We couldn't be more excited that the inimitable @thegigigorgeous is taking over our Twitter this week! Let us know what you're most excited to hear from Gigi by voting below 💖
2021-02-23	The bigger your channel gets, the more overwhelming moderating your comment section can feel, too! @ColinandSamir explain their approach to moderation and ensuring the conversation starts off on the right foot → https://t.co/XNSmy68mE8 https://t.co/TdlZodKVf4
2021-02-23	When people buy merch, it’s because they want to represent *you*. Make sure every item of merch you sell is personal and perfectly you → https://t.co/Gna8ABpJfZ https://t.co/2yvkEIjnfa
2021-02-24	Best way to figure out what kind of merch your fans want? Ask them! This could be in your comments, Community tab, video description or on social → https://t.co/Gna8ABpJfZ https://t.co/kV93tlSuMF
2021-02-24	Read 👇 about upcoming new options for parents on YouTube, which will enable new audiences to watch your content. Answers to top questions, including content performance, here → https://t.co/HL0Xvf7CRq
2021-02-25	Once you’ve decided you want to sell merch, sit down and draw up a plan. Decide if you’re going to produce the product yourself, try out limited edition items, and make sure you’re complying with YouTube’s policies → https://t.co/Gna8ABHk7x https://t.co/pzLrCuQN6t
2021-02-25	The Community tab is an amazing way to connect with your subscribers. In this video, @robertoblake breaks down why and how to post in the Community tab → https://t.co/2Z1zUfKvHE https://t.co/g5vz0HiVDV
2021-02-26	In her first takeover video, @TheGigiGorgeous talks about community: what it means to her, what she's learned from it, and why it was so important when she came out as trans. Let her know 👇 what your community means to you! https://t.co/H9Hh0MdQUr
2021-02-26	Once you’ve decided to start selling merch, keep the momentum going! Promote your merch by wearing or using it in videos, keep an eye out for special promotional moments, and make sure everything you sell is something your audience wants to buy → https://t.co/Gna8ABpJfZ https://t.co/mgnbD0sJgX
2021-02-27	Welcome to @EVEEEEEZY's family: #YouTubeBlack Voices creator Evelyn from the Internets reflects on the three universal truths she's learned over the course of her journey, from success to specificity → https://t.co/UtdDuPREEw
2021-03-01	February's over, but there's so much to be excited about in March, you'll barely miss it! Let us know 👇 if you'll be creating videos for any of these holidays... https://t.co/ELTds04AKS
2021-03-01	You don't make videos you wouldn't want to watch, and you shouldn't make merch you wouldn't want to wear or use, either. SLEW gets into the nitty-gritty of how he translated his art into merch → https://t.co/F0NLuoR88G https://t.co/kzxfZ1Emdz
2021-03-02	How do creators design merch? @Lavendaire offers us a little insight into how she came up with the design for her Artist of Life lounge set → https://t.co/oDHglpjqoS https://t.co/j07rtqWAVu
2021-03-02	To kick off Women's History Month, check out this interview with #YouTubeBlackVoices creator @AyChristene on growing Black women representation in the gaming community. Read her story here → https://t.co/AqmIvPZ3yM
2021-03-02	Use the Community tab to build community: not just with your fans, but with other creators! @RobertoBlake on why uplifting the creator community is important too → https://t.co/avFVkEI1Xx https://t.co/4GJmaHV4Ww
2021-03-02	When creating inclusive content, be sure to consider what topics are covered and what perspective are represented → https://t.co/Xh27jeRiMF https://t.co/bix7xYwW28
2021-03-04	Consuming content by marginalized creators, sharing their work on your platform, and willingness to learn are great ways to support inclusive content → https://t.co/Xh27jeRiMF https://t.co/6j2iAPXDU9
2021-03-05	Drop 3 emojis that describe your favorite video on your channel 📷👋🏠
2021-03-05	Think about who you are reaching and whether your content appeals to a broad audience when creating inclusive content → https://t.co/Xh27jeRiMF https://t.co/3DYe3DKh34
2021-03-06	How can you support inclusivity behind the camera? Here are some things to think about → https://t.co/Xh27jeRiMF https://t.co/Qyn6jhbqWH
2021-03-06	Women supporting women, creators supporting creators, what could be better✨ For Women's History Month @Schmittastic is sharing her love for @lavendaire. Which creators are you showing love to this month? https://t.co/VgREizziMa
2021-03-08	Happy #InternationalWomensDay 💕 Drop some of your favorite women-boss creators below!
2021-03-08	We stan a powerful woman👊 In honor of #InternationalWomensDay, we are so happy to have @GloZell here to take over our channel for the week. What do you most want to learn from her? Vote below ⬇
2021-03-09	Creativity moves the world forward! So whatever you do, choose to be authentic → https://t.co/zhIVRg7Se8 https://t.co/yDXyFR5lhe
2021-03-09	If you’re a YPP creator outside of the U.S., important tax changes are coming later this year that may affect your YPP earnings ⚠️ Find out what’s happening, and what you need to do, below ⬇️
2021-03-09	What happens when #YouTubeBlack creators and artist Shanee Benjamin come together to reflect on how they #CreateBlackHistory? These amazing "secret sauce" drawings that have us all dying for the recipe. Thank you all for the unique, special flavor you bring to our community! https://t.co/jlg0xmTpcm
2021-03-10	ICYMI: If you're a creator outside of the U.S., you may begin to have taxes deducted from your U.S. earnings later this year. Submit your tax form in AdSense, where you can find out if you're eligible for a reduced tax rate under a tax treaty. Learn more: https://t.co/fddDItKh60
2021-03-10	Let's talk video intros. What made you choose yours? Why? 👇
2021-03-10	⚠️ Important for YPP Creators in Australia: Tax changes are coming later this year that may affect your YPP earnings. A 5% withholding tax rate may be applied to your monthly U.S. earnings when you submit valid tax info with an eligible claim under Australia's U.S. tax treaty.
2021-03-12	Ever wonder the best way to brand yourself and your channel? OG creator, @GloZell is here to help🌟 Check out her tips and tricks in this takeover! What are some ways you brand yourself? https://t.co/1cESCC3rUM
2021-03-12	There are *four* ways you can customize your channel to show off your brand. Are you taking advantage of them? 🔢→ https://t.co/6MN1k514sp https://t.co/LP1aGlhjd4
2021-03-12	Want to see more success on your channel? Here are a few tips to boost your YouTube presence. → https://t.co/vyDIY8nvgh https://t.co/1HSilRPP6l
2021-03-14	Reminder that a great story can make you "feel seen and loved vicariously through the pages" -- here are a few of @MinaReads ' favorite books by women of color to inspire you this #WomensHistoryMonth. https://t.co/MNryfPMb2R
2021-03-15	Saturday is #InternationalDayOfHappiness! And we’re celebrating all week long. Describe what makes you happy in six emojis. We’ll go first: ▶️🎙️🤫 🍨🎢🔔
2021-03-15	This week we have the productive queen, @amandarachlee, taking over our Twitter! Which topic would you like her to cover? Vote below✨
2021-03-17	This is a reminder to write down the reason you started your channel. Remembering your purpose helps you keep going when times get tough. 📝💪
2021-03-18	Science and education creator, @oatila, utilized live streams to launch his channel toward success 🚀 Learn more about him and what he can teach you→ https://t.co/D6hqratjj9 https://t.co/TnZjUJMhte
2021-03-18	This is your daily reminder to take time for yourself and to reflect on your accomplishments. What’s an accomplishment you reached in the past year that you worked hard for? 🏅🏆
2021-03-18	⚠️ Important for YPP Creators in Australia: Tax changes are coming later this year that may affect your YPP earnings. A 5% withholding tax rate may be applied to your monthly U.S. earnings when you submit valid tax info with an eligible claim under Australia's U.S. tax treaty.
2021-03-19	Describe a creator who makes you happy with *only* emojis and see who people guess in the replies. We’ll start: 💕💙💄🇳🇱🎭🌈
2021-03-19	Having a public channel on YouTube means people may start to recognize you in public. Here are some tips on balancing your channel with your personal life → https://t.co/VaSXb3tqGj https://t.co/DlCUFYlsou
2021-03-19	This is your daily reminder to celebrate the work you did today. ✨ Get up and stretch. Go for a walk. Take a break. You deserve it. ✅🙆
2021-03-19	Today is World Sleep Day which means it’s time to relax✨ Check out the videos below and zen out!
2021-03-19	You voted for her to speak on staying motivated, and she delivered! Check out @amandarachlee's tips on productivity for this week's Twitter takeover 💕 https://t.co/RjXPbQBesz
2021-03-20	Here are more tips for how to be productive and efficient with how you create → https://t.co/BlJ14A5B7k https://t.co/czX9vHj48X
2021-03-20	March is almost coming to an end 🗓 What are you celebrating for the rest of the month on your channel? https://t.co/9f8JCHlj4T
2021-03-24	For long-term success on YouTube, you'll need to evolve your channel over time. Learn ways to measure your channel and assess your well-being so you can be more successful long-term → https://t.co/ntMNNSNP80 https://t.co/W8IVDTZ1Ok
2021-03-24	Is there a creator who inspired you to start your channel? Who was it? 📷
2021-03-25	Learn tips for staying healthy, balanced, safe, and efficient with your time and channel, so that you don't burn out → https://t.co/MRtY8sNFay https://t.co/fTiCx77yM9
2021-03-25	📣 Calling all YPP creators outside the U.S. 📣 Have you submitted your tax info in AdSense yet? Remember to provide this info by *May 31st* to make sure your taxes are accurate. See this video for a full step-by-step of the process → https://t.co/1NJQhyvard
2021-03-26	After six years on YouTube, Uruguayan creator @fedevigevani landed 10 million subs 🎉 Take a look back on his accomplishments throughout the years → https://t.co/S0jF2Ardmr https://t.co/9en43I6ZtN
2021-03-26	Spring is right around the corner 🌷☀️ Drop a few emojis that hint at your upcoming sunny content.
2021-03-26	That face you make when a creator you idolize shares your video 😳
2021-03-27	Are you someone who uses the Premieres feature to push your videos live? There are now 🌟 three new ways 🌟 to connect with your community when scheduling your premiere → https://t.co/0TfFlg35RB
2021-03-27	Happiness, satisfaction, and overall well-being are just a few topics that Rowena Tsai is passionate about. Find out how to reframe your mindset and focus on the things you love 💓 → https://t.co/SWYRRjB6eL https://t.co/x4JgWR39IB
2021-03-27	Tap into your creative potential. Evolve your channel to work better for you and your audience. → https://t.co/ClboGrCJav https://t.co/hoYVGBVbp4
2021-03-28	How can you reinvent yourself? Trying different features is a great way to share content and reach new eyes. → https://t.co/ClboGrCJav https://t.co/pCDp8XWJQR
2021-03-29	Get inspired by creators who are producing content on important topics and making an impact. Learn how to do this on your channel and contribute your point of view on issues you care about → https://t.co/3Ko5ujM3d0 https://t.co/nyFWv4IAcN
2021-03-30	That face you make when you forgot to push record 🙃
2021-03-30	This experiment is another step towards protecting the wellbeing of creators. You’ll still see the number of likes &amp; dislikes for each of your videos in Studio. Learn more in the forum →https://t.co/HmRoF0BgcM
2021-03-30	When making videos about social issues, it's key to do research first. This helps build credibility and establish your point of view → https://t.co/DaLFzDFTXG https://t.co/NMvwgiNOf7
2021-03-31	Ensure your audience understands what you're talking about with a clear message and give them an action to take → https://t.co/DaLFzDFTXG https://t.co/F3xX7U3HMx
2021-03-31	Music producing creator, @ServidaMusic, DID 👏 A 👏 THING 👏 Check out his video to see the behind the scenes of how he produced the single for the number one boy band in the Phillippines🇵🇭→ https://t.co/W6nBNhw4rH https://t.co/YqAYDLzMuk
2021-04-01	April showers bring May f(ol)lowers☀️ Is your content planning reflecting any of these holidays? https://t.co/JwTCFv1YCh
2021-04-01	Learn a framework for telling stories on your channel that have social impact → https://t.co/JTKrAi5W8N https://t.co/WDx9Fc6uDn
2021-04-01	Revisiting your old videos can be shocking, embarrassing, and even rewarding! Watch and see the emotions @akahnnani went through when he takes a look back on one of his old videos🎥 https://t.co/qo1k9J2ykx https://t.co/0aeetzyaa1
2021-04-02	Give your videos a great chance of getting discovered with these tips and be prepared to have constructive conversations with your audience → https://t.co/JTKrAi5W8N https://t.co/AQP2rcIoBY
2021-04-03	Find ways to balance YouTube with your life so that you make that time for yourself and don't burn out → https://t.co/BMSD4r4lTw https://t.co/71jPzOXbKP
2021-04-03	🚨 Time for some self-promo 🚨 What is your favorite video on your channel? Link it below!
2021-04-04	Have you ever hidden any Easter eggs in your videos? Drop a link and see if others can find it ⬇️
2021-04-05	For this week's Twitter takeover, we are happy to host the commentary king himself, @TheKingofReads 👑 What do you want to learn from him? Vote below 👇
2021-04-05	When did you post the first video on your channel? How has your content grown since then?
2021-04-06	That face you make when you finished a long day of filming and editing and your upload finally posts 😅
2021-04-06	This month, we’re sharing some reminders on the role we all play in keeping the YouTube community safe. Start by brushing up on the Community Guidelines → https://t.co/cjcZf3G5Co
2021-04-08	Did you know that YouTube’s Community Guidelines are different from the processes related to copyright enforcement and money from ads? You can learn more here. → https://t.co/cjcZf3G5Co https://t.co/neB1BSniK6
2021-04-08	To make YouTube safe for everyone, some content isn’t allowed - including anything that promotes violence or hatred against individuals or groups. Learn more about our hate policy → https://t.co/TdAt240fyr
2021-04-09	Are your goods good? Stay up-to-date on what you can and cannot sell on your channel. → https://t.co/rT2HApRi6M https://t.co/HsgfpYD2uQ
2021-04-10	A safe community has no place for harassment. 💗 Flag instances of harassment no matter their form, whether videos, comments, or channels. → https://t.co/cxNYSij59E
2021-04-10	Seeing double 👀 Ever wonder what it's like to create with your sister? Check out @LucieBFink (and her sister Allie) on her channel on this National Siblings Day → https://t.co/D0yLgeuKtI https://t.co/dOEIu8DDn2
2021-04-11	Here's to lazy Sundays ☺️ How are you preparing for your content this upcoming week?
2021-04-12	We’re diving into a few top YouTube verticals this week. First: fitness! 💪🏾💪🏻💪🏿💪🏽💪🏼 Here’s how you can pump up your channel. → https://t.co/qIP11LuqGL https://t.co/L3OTSEcfRo
2021-04-12	YPP Creators in Australia, we heard you. Swipe through for answers to some frequently asked questions on how the tax changes may affect your US earnings.
2021-04-13	Retweet this if you have some 🔥 fire 🔥 content coming up!
2021-04-13	We want to hear from *YOU*: how can @YouTubeCreators support you on your creator journey? Follow this thread to reply and weigh-in. ⤵️
2021-04-13	Whether you call it football or soccer, here are tips for channels dedicated to the beautiful game, from creator free agents to national teams. ⚽️ → https://t.co/9e8Zun1gi6
2021-04-14	Hungry for more? 🍳 Food channels create content good enough to eat – and here’s how you can make these videos even more appetizing. → https://t.co/AUiJDZ8GIO https://t.co/eC0IxTmiZP
2021-04-15	Go for the gold! 🏅 Sports channels get worldwide viewership – and this playbook can help you score more. → https://t.co/EpsTdTV7rX
2021-04-15	Tag a creator who is getting you through the week 👇
2021-04-16	A community is a lot like having a home team. 🏟 Find ways to speak with your audience on your sports channel – and offer a place for conversation. → https://t.co/EpsTdTV7rX https://t.co/cTS13L4gX0
2021-04-16	Ever wonder how to take the leap from part-time creating to full-time creating? @LeonhartYT is here to share his story ⬇️
2021-04-16	Want to make your videos stand out? 🤔 Add a personal touch ✍️ Create captivating video intros featuring your own handwriting with @Will_Paterson10's help ✒️ ✏️ → https://t.co/bZ94PhF46y https://t.co/spkifTfvKk
2021-04-17	That face you make when someone comments how much you and your channel have grown 🤗
2021-04-18	Filming devices, editing software, and good lighting are a few things creators use to create a masterpiece. ✨ What’s your go-to piece of equipment?
2021-04-18	How does @lildurk measure success on YouTube? He looks at the numbers – and what other creators are doing. → https://t.co/zpszDteO6R
2021-04-19	.@Levi_Hildebrand uses his channel to make the world a better place. For #EarthDay, this eco-friendly creator is taking over our Twitter. Vote for what you want him to talk about! 🌎⬇️
2021-04-20	Spam mukbangs? ✅ Spamming someone’s inbox? ⛔️ Here’s a refresher on YouTube’s policy on spams, scams, and content that misleads and deceives. → https://t.co/oHwHJgemjn https://t.co/erHbkvkeMF
2021-04-21	Safe content, safe space. 💗 This is a reminder that, to keep the community safe, YouTube doesn’t allow content that encourages danger, physical harm, or illegal activities. Learn more about our policy → https://t.co/SWRIWZT12T
2021-04-22	.@Levi_Hildebrand's here with advice on staying motivated this #EarthDay...and beyond! ✨🌎 For him, connecting with viewers through lifestyle content helps a lot. How do you keep creative? https://t.co/6xW1tCTMvR
2021-04-22	April’s flying by 💨 From Earth Day to World Book Day, which moments will you be celebrating and creating for between now and the end of the month? 🗓 https://t.co/obrrOctWHy
2021-04-22	♻️ Reduce ♻️ Reuse ♻️ Recycle 💚 Recommend a creator! Tag a fav who’s saving the world. ⬇️
2021-04-23	Celebrate books with Mike’s Book Review 📚 a creator who can give you a crash course in how to get started with #BookTube just in time for #WorldBookDay. → https://t.co/sjWSes8zoX https://t.co/M0ipaHzldm
2021-04-24	Retweet if you started your channel in 2021. What was your first upload? 👀
2021-04-25	Start your week off right! Tell us about your: 🌟 All-star ideas ✏️ Organization 🗓 Content plans
2021-04-26	That face you make when it’s your channel’s birthday. 🥳 How old is your channel?
2021-04-26	Why do your fans ❤️ you? Because you like the same things! Find your niche and create content that connects with your community’s interests. → https://t.co/WBWN3tmatQ
2021-04-27	Videos capture life and share ideas. 💡 These are some of the things Simply By Christine has learned from (Almost!) five years of running her channel. → https://t.co/SJH0dVTVq6 https://t.co/EmIY9cfkll
2021-04-27	Want to see more success with your channel? You gotta stop, 🛑 collaborate, 👥 and listen 🎧 to your community. → https://t.co/XK1OD0UXuG https://t.co/4QahnEwdjy
2021-04-28	There is an ✨art✨ to vlogging. Here are some tools for perfecting the art of the vlog, from keeping it personal to answering comments. → https://t.co/ApWPGXGQel
2021-04-28	Who in your life keeps you inspired to create? Tag them and share some love. 💕
2021-04-28	YPP creators outside the U.S. - this is your reminder to update your tax info in AdSense by May 31st ahead of upcoming tax changes. Haven’t checked it off your to-do list? The majority of creators say it only takes 15 minutes →https://t.co/mqmIeWIQRA
2021-04-29	Are you making on mobile? 📱 Create quality content with these tips for video making on your phone. → https://t.co/PnFyKq9cOH https://t.co/jekeh2S8Cz
2021-04-29	Creating videos for almost a decade? That’s bananas! 🍌 @RyanLum looks back at some of his most viral videos since starting his channel. → https://t.co/Y0ApeZ39sL https://t.co/yI0dzT2Usy
2021-04-30	Wanna make a great first impression? Then make sure your channel trailer pops. 💥 Trailers help captivate viewers – and win new subscribers. Here are some tips → https://t.co/wfsduZVqfz
2021-05-01	Hey, May! ☀️ It’s already a new month, celebrating big moments like Mother’s Day and World Nurse’s Day. What will you be making a video for? https://t.co/KyONqIX1YK
2021-05-01	May is #MentalHealthMonth! What are some ways that you balance work, life and creative pursuits?
2021-05-02	After ten years of making videos, @hannahwitton has some advice for you. 📝 What lessons have you learned from running your channel? → https://t.co/PioJrX2pAu https://t.co/GIf4MQ1NoI
2021-05-03	Celebrate Asian Pacific American Heritage Month with creators like @steveaoki, @amandarachlee, &amp; @hasanminhaj, who share what it’s like growing up in America and in the AAPI community. → https://t.co/TpXnTzjZTK https://t.co/VcrAg39MnI
2021-05-04	.@blogilates is going to help you add some strength to your channel! 💪🏿💪🏼💪🏽💪🏾💪🏻 What do you want Cassey to give advice on?
2021-05-04	🪞 Prioritize yourself. 💗 Acknowledge your feelings. 📝 Make a list of things you're grateful for. These are a few ways to recharge, so you can share your best you. → https://t.co/MRtY8t5gz8
2021-05-05	Give another creator a compliment for Mental Health Month! 👤💞👤 Tag someone and share how great they are. You never know who *really* needs to hear something positive.
2021-05-05	How do you stay peppy, positive, and happy in your videos? 😊 Share some good vibes and check out these creator (And expert!) approved happiness tips. → https://t.co/MRtY8t5gz8 https://t.co/xLkI3cXU70
2021-05-05	Which Asian / Pacific Islander creators inspire you most? Tag them below and share why you love them 💞
2021-05-06	✅ Do: Regularly change your password. ⛔️ Don’t: Make your password “password.” Keep your account safe by taking proactive steps toward security. #WorldPasswordDay → https://t.co/fjW0Jx724f https://t.co/j1EXsl2ZCc
2021-05-07	Being a creator means being your own boss. Here are tips for managing yourself. 🗓 Balance time with a schedule. 😴 Feel burned out? Make time to relax. 🏝 Take time off! Vacations reset the mind. 💗 Be kind to yourself! Because you're the best. → https://t.co/7OoCQ5i9Xb
2021-05-07	How does @blogilates stay motivated? 🤔 By setting goals and making plans to see them through. Hear more from Cassey 👇 https://t.co/DkzN45nAI7
2021-05-08	Having fans is great. 🥰 But be mindful to not to share too much information with these tips. 📝 Consider a stage name. 🚙 Avoid sharing your license plate. 🗺 Geo-tag only after you've left. 💌 Opt for a PO Box, to keep your address private. → https://t.co/VaSXb3tqGj
2021-05-08	Who's an AAPI creator you think more people should know about? Share their channel and why they’re so great ⬇️
2021-05-09	.@Mythical found some *cringe* videos in an old shoebox. Of course @rhettmc &amp; @linkneal had to watch them. 😱 → https://t.co/H78M35sCei https://t.co/3Js5gxbEbE
2021-05-09	How do you take care of your mental health? 💗 Whether thinking happy thoughts 😊 or finding time to meditate 🍃 share how you care for yourself. 💐 You never know who you might help. ❣️
2021-05-10	A great conversation between @aJaDaNg &amp; @SusanWojcicki about using your channel to help others learn.
2021-05-10	Sometimes you need a team to make videos for your channel. But how do you build a team? 📲 Network to find help. 👥 Work with people you trust. 📊 Get help for parts of the job you don't like. 🔄 Find other ways to pay, like skill trading. → https://t.co/BlJ14AncvU
2021-05-11	Congrats to @jypetwice who recently earned Diamond Play Button status! 💎 Celebrate TWICE and other #YouTubeCreatorAwards recipients by checking our Fleets. 🏆⤴️ https://t.co/3Bsi587M7I
2021-05-11	We're *thrilled* to announce the @YouTube Shorts Fund 🤩 This $100M fund is designed to reward creators for their unique, engaging short-form content. You don’t even need to be in YPP. Learn more → https://t.co/zbJIzHyd0m
2021-05-12	How can you keep your audience happy and engaged? 🎞 Use fan clips in your videos. 👥 Offer polls, via community posts. 💡 Ask for video ideas – and give someone a shoutout. → https://t.co/XK1OD0UXuG
2021-05-12	Take a look around. How far have you come? 🤔 Whether big or small, progress is progress ✅ so celebrate yourself. 💖
2021-05-12	Taking time to rest is important! Why? Because... 🧠 You're better equipped to manage stress. 💡 Relaxing helps you find new ideas. ⚡️ Rest restores your energy. 🥰 It...feels good! → https://t.co/MRtY8t5gz8
2021-05-13	Make what you love and the views will follow. 😍 When you’re enthusiastic and inspired about your videos, your viewers can tell. They’ll love you for that too. → https://t.co/XK1OD0UXuG https://t.co/1ekNfycDkr
2021-05-13	🤗 Hey guys! 🥳 What’s up? 😁 Hey everyone. 😎 All right… What do these phrases have in common? They’re some of the *most* used intro lines that creators use. Can you guess which is the most used? Find out here. ⬇️ https://t.co/CDTjGADM1B
2021-05-14	Sleeping is part of a creator's job. Why? 🛏 Sleep reduces stress. 🌙 Sleep restores your energy. 💤 Sleep helps recharge the mind. → https://t.co/MRtY8t5gz8
2021-05-14	There’s still time to make the most of May! 🗓 Here’s a look at holidays of note for the rest of the month. https://t.co/Beqjo91513
2021-05-15	Retweet this if you uploaded today 😎
2021-05-16	Let's start the week by thanking the people who keep us going. Tag... 🌟 Your biggest influence. 💕 Your most loyal supporter. 🎥 Your favorite collaborator.
2021-05-17	Make an impact with your channel! 💗 By sharing personal experiences in your videos, you help others see the world more fully. Through socially aware comedy or education through animation, there are so many ways to make videos about current issues. → https://t.co/szg9ngJLBC
2021-05-18	How does your channel affect the world? Be sure to share… ❣️ Ways your audience can help. 🏘 Any community efforts for change. 🔗 Links to related projects and organizations. → https://t.co/674XVdU7zq
2021-05-19	.@steveaoki finds power in culture – and uses his channel, his platform, to help expand how the world sees the AAPI community. → https://t.co/FLWZDTjfhd https://t.co/TNs5E2kmYc
2021-05-19	How can your channel make an impact? Your videos can... 🌏 Speak to and demonstrate diversity. 🏙 Reflect on your place in society. 💟 Raise awareness, inspiring tolerance and empathy. → https://t.co/szg9ngJLBC
2021-05-19	Remember: tell people that you admire, that you admire them! 👤💞👤 No matter if they’re a new or established creator, compliments can keep us going. Tag someone and share a lil love!
2021-05-20	Guess who’s taking over our Twitter later today! 🤗 Hint: This creator is a comedian, rapper, and podcast host! Any idea who it is? 🤔
2021-05-21	Embrace what makes you different! ✨ @TheRajaKumari uses her difference to create and share her experience. → https://t.co/qYw4ISRodA https://t.co/QJzVv9JIDo
2021-05-21	If you guessed @TimothyDeLaG for the creator takeover, you're right! Why did he start his creator journey? He wanted to create a different lane for himself and other men in his community! ⬇️ https://t.co/HN4EoCk97Z
2021-05-21	Tell your story with a little pizazz. 💥 Videos with a story arc, a beginning, middle, and end, can help you connect even more with your audience. → https://t.co/vnfTIB5JXz https://t.co/iyV1dXTypD
2021-05-22	.@kindlykeyin is ⏪ ⏪ ⏪ to 5 years ago when he started it all! How has your channel grown over the years? → https://t.co/17FC0ctWs1 https://t.co/tKEeBms5m8
2021-05-22	Time for a tag and share. 💞 Tag an AAPI creator and share why you love them.
2021-05-22	Your videos are more incredible when they’re credible. ✨ Make sure the information being shared is accurate and true. This helps build trust between you and your audience. → https://t.co/WSvqlmINp9 https://t.co/vLKVxVnbFE
2021-05-23	We're 👏🏽👏🏻👏🏿 @AIMEESONG for prioritizing her mental health and being vulnerable enough to share her journey with all of us. ✨ → https://t.co/3Vi1aUvCew https://t.co/tmtHAPvV7h
2021-05-24	Tips for 🆕 fitness-focused creators who are trying to target a specific audience: 🔍 Identify your current demographics. 🏋️‍♀️ Choose relevant topics and formats. ✨ Package your videos. → https://t.co/qIP11LuqGL
2021-05-25	What are 3️⃣ goals that you have for yourself this week?
2021-05-26	How do you find support? For @hellomayuko, coming from an immigrant family taught her about the need to stay strong and be there for each other. → https://t.co/Xdpd8GDQXX https://t.co/DwdTJ8wYcx
2021-05-26	Tips for tapping into fitness culture and events: 📆 Create content around cultural milestones. ⏰ Release early. 🗣 Promote event-specific programming. → https://t.co/qIP11LuqGL
2021-05-26	YPP Creators - did you know the 5/31 deadline to submit your tax form in AdSense applies to *all* non-U.S. countries? Drop your country flag below if you’re done and wave 👋 to your neighbors. Make sure to submit your tax form if you haven't yet → https://t.co/mqmIeWIQRA
2021-05-27	Everyone has the right to feel safe and secure while on YouTube! 💻👥❤️ Here are some tools and features you can use if you’re ever in a situation where someone is not respecting that right. → https://t.co/1SPuCXwSGB https://t.co/jydQq9w6cU
2021-05-27	Sometimes, a failure can help you understand what you were meant to do. 💕 A bit of inspiration from @hasanminhaj to help you be your best self. → https://t.co/3EY2CgTls4 https://t.co/MhbbNZjLce
2021-05-27	Tips for expanding your health/fitness community: ✍️ Consider your existing audience’s demographics and preferences. 📊 Find out what other topics your fans want to learn about. 💻 Research, research, research! → https://t.co/qIP11LuqGL https://t.co/449Id2wAoN
2021-05-28	Here are some actions you can take on your channel if you ever feel like comments are having a negative impact on your mental health: 💻 Set upload defaults. 🚫 Create a blocked words list. 🔍 Add comment moderators. ⏹ Turn off comments completely. → https://t.co/IW2AtGktAj
2021-05-28	That feeling when your batteries run out and you’re only halfway through your filming 😭
2021-05-29	.@AnnaAkana built a channel around getting real with her audience. For example: sharing what it means to be American and Japanese – and the identity issues that come with balancing the two.→ https://t.co/4b7wMTJXWL https://t.co/dwJhM6xogI
2021-05-29	It's important to maintain a safe space on your channel. 💛 Here are some tools that you have access to on the comment level that can help. → https://t.co/TCVIXYM6Uw
2021-05-30	Asian American Pacific Heritage Month is coming to an end in a couple of days, but that doesn't mean we should stop celebrating the AAPI creator community! 🙌 What's one way you plan to continue the celebration after May? ✨
2021-05-30	Thank you @gunnarolla for giving us all the opportunity to listen and learn from you. → https://t.co/Mmu1OQWyVE https://t.co/vvvToHlHib
2021-05-31	What's a small win you'd like to celebrate today? 🏆
2021-06-01	And just like that...today is the 1st day of June! 😎 There is a lot to be celebrated this month: Pride Month, Juneteenth, World Environment Day, and so much more! ⤵️ https://t.co/stvRpuKzA7
2021-06-01	Want to make your idea a reality?! Here are a few simple steps you can take: ✏️ Write every idea down! Big or small! 🔍 Refine your list. 🏗 Build it out. → https://t.co/ZQPjC3IgN1 https://t.co/zthyRGwdPo
2021-06-02	Get more fans by catering to a niche interest group. 📺 Mainstream media can overlook these audiences. 🖼 These viewers love hyper-specific content. 😎 Hobbies are great niche subjects. 💻 These viewers are *super* enthusiastic. → https://t.co/oGiIVaDg9z
2021-06-03	That moment when you realize you were filming out of focus 😩
2021-06-03	When creating a video, it's important to keep in mind that everything that you put in the frame says something! 🎥🖼 By controlling the composition, you can grab your viewers' attention! 😃 Creators often use these tactics → https://t.co/l5mQVOfIqW https://t.co/njJDLuKbXI
2021-06-04	What makes a good channel description? 🤔 🔥 Action words! 🗯 A memorable catchphrase. 🔠 Specific keywords describing your videos. These all help accurately depict what your channel is about and helps search engines point viewers your way. → https://t.co/wfsduZVqfz
2021-06-04	Whose videos do you watch when you need a good laugh? 😆 Tag them! ⤵️
2021-06-05	It's World Environment Day! 🌍 ♻️ Learn about how @mattdavella transitioned to being a minimalist creator by checking out his conversation with @petermckinnon. → https://t.co/8QMZdxxpSP https://t.co/UB6oUJvCQr
2021-06-06	Tips for saving time while filming ⤵️ 📝 Write out your ideas ahead of time. 🗓 Block off time in your calendar so you won't be interrupted. 🎥 Test, charge, and set up your equipment the night before. What are some of your tips for a productive shoot day?
2021-06-07	To kick off the UK #YouTubeCreator360 takeover ahead of this week's events, engineering student &amp; EduTuber @temsfluence shares who and what influenced her to start her channel. For more tips &amp; advice, sign up to the Creator360 panel talks here → https://t.co/TRWBcGUwOl https://t.co/5ddQ1YcrTS
2021-06-07	Want to know how to keep your new viewers coming back after a great collab? 🗣 Ask viewers to subscribe to your channel at the end of the video. ✨ Set up your channel to highlight videos new audiences may like best. 🆕 Don’t stop uploading! → https://t.co/jediM34MuM
2021-06-08	British gaming creator @TommyT999 discusses how YouTube inspires his creativity, and how you can use the platform for good 😃 For more wholesome creator advice, the #YouTubeCreator360 workshops kick off tomorrow, streaming live from the UK → https://t.co/TRWBcGUwOl https://t.co/VuJkztjeV2
2021-06-08	Collaborating with other creators can be a powerful way to reach new viewers! 🎥👯‍♀️👯‍♂️ Here are some things you can do to make sure your channel is ready for your next killer collab! → https://t.co/jediM34MuM https://t.co/ueJ7FzCIf7
2021-06-08	What goals have you set for yourself this summer? 🌞📝
2021-06-09	Don't be afraid to collab with a creator with a different niche! Here are some things to consider: 1️⃣ Could you imagine someone watching both of your channels? 2️⃣ Do you have compatible values? 3️⃣ Do you enjoy their videos? → https://t.co/jediM34MuM
2021-06-09	Happy Best Friends Day! 👯‍♀️👯‍♂️ Do you ever wonder what it's like to make videos with your friend? We've loved watching creators like @EVEEEEEZY and @Hallease create magic over the years! Check out what they are up to now! 👏👏👏 → https://t.co/EXJb68h8IB https://t.co/HpsVtDvnzr
2021-06-09	Today, bubbly British BookTuber @leenanorms talks about the benefit of long-form content and reveals exactly why her party trick gives her 'major apocalypse vibes' 💥 Catch this, plus TONS more advice and inspo in today's #YouTubeCreator360 event → https://t.co/hWl6VnGv5J https://t.co/wR1QjURVHl
2021-06-09	When you forget your tripod and now you have to 📚📚📚 to make it work. Who knows what we're talking about?
2021-06-09	🗣️ Calling all creators! 🗣️ Stuck for ideas? Want to find your creator niche? Establish your channel? @SamCWoodhall has got your back with these video ideas ✅ → https://t.co/rJMP6OzsO3 https://t.co/NREnszOsJE
2021-06-10	Another way to celebrate Pride Month is by reading books about the LGBTQ+ community! 📚🏳️‍🌈 Luckily, @emmmabooks has curated an awesome list of her favorite LGBTQ+ books for you to check out! → https://t.co/TO2EJEU3TD https://t.co/hAPbAoF5FU
2021-06-10	As part of #YouTubeCreator360, established creator @Billywingrove from @TheF2 shares his top tips on setting targets, staying consistent and nurturing your community. Missed the full show? Catch up here → https://t.co/hWl6VnGv5J https://t.co/auZgpnqcGU
2021-06-10	Make sure your pitch is prepared when reaching out to potential collaborators! Here are some tips on how to do just that 🎬📝 → https://t.co/jediM34MuM https://t.co/dMwNglMa2M
2021-06-11	How do you feel about the current state of your channel? 🌟 Proud! 📈 Ready to take it to the next level. 🤔 Unsure of what direction I want to go next. Drop an emoji that describes your mood!
2021-06-11	Toba Courage from @7heHack reveals how other creators inspire his content strategy, and what creativity looks like to him 💥 #YouTubeCreator360 covered all this *and WAY more* earlier this week. Watch again here → https://t.co/hWl6VnGv5J https://t.co/s4OtXcYfKh
2021-06-11	When collabing, make sure your cross-promotion plan is on point! 🙌 👥 Upload videos on both channels. 🔗 Add cards and description links to drive to each other's channels. 🎥 Include their channel info in your video's title and description. → https://t.co/jediM34MuM
2021-06-12	Romee Dussenbroek inspires us with her story and strength. ❤️ In August of 2020 she was diagnosed with cancer and bravely decided to share her journey with her community. This is what she learned through the process → https://t.co/hjVWhcntv0
2021-06-12	Want tips on getting into YouTube? @TheGirlOnABike shared her wisdom on being creative and how you can use YouTube for good at this week's #YouTubeCreator360 🏍️ Watch back here → https://t.co/hWl6VnGv5J https://t.co/ugfEYAD8aw
2021-06-12	Who's a creator that you feel deserves some extra love today? 💛 Tag them! ⤵️
2021-06-13	When you planned to vlog on your phone for the day but it's already at 7%. 🙃 Anyone else?
2021-06-14	Non-binary representation on YouTube and across all media MATTERS! We couldn't agree more, @kearagraves. 🙌 Watch her full explanation here → https://t.co/ALJ5MXLkxz https://t.co/oSDsJYcbxI
2021-06-14	When you're creating a video about a topic that's close to your heart, you want to make sure it's seen! 👏 Give your videos a great chance of getting discovered with these tips → https://t.co/Y0GVxxMI0A
2021-06-15	When creating a video about a social issue, here are some q's to think about when defining your message: 1️⃣ What’s your POV? 2️⃣ Why do you care? 3️⃣ What do you want your audience to do? 4️⃣ How do you want this content to be consumed? → https://t.co/5Duzu6Abha https://t.co/QHimxNSQqv
2021-06-16	11 YouTube channels, 35 employees, and a 360-degree business that includes merch, real estate, brand deals and a new coffee shop in Dallas! How do @BriArsement and @Preston do it all?! 🎥🎮💻☕️ Check out this interview with them to find out → https://t.co/1NCfP8yYVT
2021-06-16	Calling all creators... 🎥 If there was a piece of advice you could give your younger self, what would it be? Comment below ⬇️
2021-06-16	Stories can stick with people forever! 🧠🙏⚡️ So create a video about a cause that's important to you! Here are some tips for telling stories on your channel that have social impact → https://t.co/O5sUphkifB What's a cause you care about? Let us know ⤵️
2021-06-17	We understand that discussing social impact topics can be be a bit daunting. 🤔💭 Here are a 5 creative ways to approach critical topics: 🌍 Explore perspectives. 📙 Share stories of those affected. 🤝 Collab. 🙌 Celebrate diversity. ✨ Infuse humor. → https://t.co/ik2aqKsuzr https://t.co/VQqteW5cZ3
2021-06-18	June isn't over yet! 🏳️‍🌈 There's still so much for creators to celebrate this month! ⤵️ https://t.co/eGOiYEtyJ3
2021-06-18	She's a creator, storyteller, model, stylist, member of the #YouTubeBlack Voices Fund Class of 2020, and so much more! ✨ Today @iamjadefox is taking over and telling us why she loves creating! ⤵️ https://t.co/DFTRASZSh2
2021-06-18	When publishing videos about social issues, you might be met with comments that you weren't expecting. Tips for communicating with your audience: 🗯 Give your audience a prompt. ⚖️ Be selective with your responses. 🚫 Use your moderation tools. → https://t.co/EEJWQUW4uJ
2021-06-18	When you're feeling discouraged and then someone leaves you a comment that pushes you to keep going. 🙏❤️
2021-06-19	Creators create community. 👥 Which Black creators have you turned to find joy, love, and belonging?
2021-06-19	So many Black creators exemplify creativity on YouTube. ✨ Tag a Black creator and share why you love their channel.
2021-06-20	Which creator has most recently taught you and what have they taught you? 💭 Tag them and tell them what you've learned!
2021-06-21	Like other media, YouTube videos reflect &amp; shape culture! 🌎 By creating inclusive content, you can help counter stereotypes &amp; reduce biases. 🙌🏾 🙌🏼 🙌🏿 Ready to explore how you can make your videos more inclusive? Here's how you can get started → https://t.co/385Chb66uk
2021-06-22	If your goal is to create more inclusive content, here are tips for appealing to a wider &amp; more diverse audience: 🔀 Consider a cross-vertical collaboration. 🙅‍♀️ Directly address &amp; debunk stereotypes. 🌎 Work with researchers from diverse backgrounds. → https://t.co/SEKcBnGqKF https://t.co/rfacjknn0r
2021-06-22	Who's a creator who always makes you feel ✨SEEN✨ through their videos? Tag them! 👇
2021-06-23	Creating inclusive content also means collaborating with creators from different communities! 🌍👥🌎 Here are tips for how you can engage creators with diverse perspectives &amp; leverage your channel to support creators from underrepresented communities → https://t.co/PSDt987HPX
2021-06-23	That moment when you publish a vulnerable video and then you realize your audience has your back. 🤗😭❤️
2021-06-23	🤩 Simply, the BEST 🤩 @thejoshgudgeon gives us the low down on the best camera setup for 2021 📹 → https://t.co/Izxa1xMGsB https://t.co/PDcJARMDxi
2021-06-24	.@AyshaHarun started making videos in her bedroom at 16. 😱 10 years later, she’s reflecting on how being in the #YouTubeBlack Voices Fund Class of 2021 has helped elevate her channel and given her the tools to be the best creator she can be, like hiring a video editor! https://t.co/QWlzyhJFhZ
2021-06-24	Do you have a team? 🎥👱🏾💻👩🏻💼 If so, is your team inclusive and diverse? Here are some q's you can ask yourself if you're interested in building out a diverse team → https://t.co/TH4M9feKYE https://t.co/2DxFklOcCU
2021-06-25	Here are some q's to think about when you're trying to create inclusive content: 🤳 In your last 10 videos, is there diversity among the voices represented? 🌈 If you use animations, do they feature a variety of skin tones, genders, etc.? 🤔 For more q's→ https://t.co/YICteG8vji
2021-06-25	We love that @itstarekali isn't afraid to walk in his truth, and that he's encouraging his community to do the same! ✨ Learn more about his creator journey by pressing ▶️ on his takeover today! ⚗️🎥🗣 https://t.co/BmLgf7jJlV
2021-06-26	Where do you plan out your content? 📖 Journal. 🗓 Calendar. ✍️ Whiteboard. 💻 Random docs and notes. Let us know! 👇
2021-06-27	In honor of International Small Business Day, we want to highlight a fabulous creator who has been creating on the platform for 10+ years &amp; just launched her ceramics business! ✨ Meet @LaMadelynn! 🌸 Make sure to show her channel some love &amp; follow 'maddiecakesceramics' on IG! https://t.co/JtyEvJe9lh
2021-06-28	Boost you earnings with Super Chat! Here are some of the perks: 👋 Gives viewers a fun way to engage with you and others. 💰 Develop a new source of income. 🤗 Very user-friendly. → https://t.co/IFq2e7Mo58
2021-06-29	Did you know that viewers can buy Super Stickers during livestreams &amp; Premieres?! These animated stickers allow your community to engage &amp; express emotions in real-time! 🌟 If you are interested in Super Stickers, brush up on your knowledge of them here → https://t.co/V8MLKQALh3
2021-06-30	With Channel Memberships, you can connect with your community on a deeper level and earn more money at the same time! 👏 Viewers can make monthly payments for a variety of perks. Learn more about Channel Memberships here → https://t.co/A1lH3ss7i3 https://t.co/D2nBBJJR1B
2021-06-30	“Remember to be your own kind of beautiful.” @shalom_blac reminds us to appreciate the moment we’re in and the opportunities we have, like the #YouTubeBlack Voices Fund. Apply today at https://t.co/c6g6N2GnSp https://t.co/xjv62dJ38k
2021-07-01	Do you want to make your community feel special, and give them value for money?! It might be time to use channel memberships! 🙋‍♀️🙋‍♂️ Here are some things to keep in mind before launching → https://t.co/NdLikDqfJJ
2021-07-01	In honor of Social Media Day, we're celebrating the wonderful @AhsanteB! 🙌 She's part of the #YouTubeBlack Voices Fund Class of 2021 and recently became a full-time content creator! Learn how she did it here → https://t.co/Zm2pryv32M https://t.co/aHonxnKUcJ
2021-07-01	Storytelling is an act of resilience. Tag a creator who is a storytelling star. ⭐️
2021-07-02	If you have an engaged and expanding audience, then it might be a good time to consider selling merch! ✨ Here are a few things to think about when designing your merch: 🗣 Any inside jokes? 🗯 Catchphrases? 🤠 Characters? → https://t.co/KerKZZrdOy https://t.co/8GTC7w1SNz
2021-07-02	What's your favorite type of merch? 👕 Clothes. 🤳 Phone cases. 🎒 Totes/Bags. Let us know your fav with emojis👇
2021-07-02	🌞🌞🌞 Hello, July! 🌞🌞🌞 From World Chocolate Day to World Emoji Day, creators have a variety of things to celebrate and make content about this month! Here are a few more ⤵️ https://t.co/c1utXe5YMP
2021-07-03	It's #CrownDay, and curly queen @lyssmariexo is sharing how learning to love her natural hair has helped her stand a little taller on camera. Watch and subscribe for more inspo → https://t.co/LK4t7TDhpQ https://t.co/FiHi8eP5m6
2021-07-04	Respond with how your weekend went by only using emojis ⤵️
2021-07-05	For long-term success on YouTube, you need to evolve your channel over time! 🔄 Here are some reasons you might want to evaluate your channel: 📈 Decline in channel performance. 😰 Unsustainable video formats. 🆕 Ready for a new direction! → https://t.co/EaJFVtcxyc
2021-07-05	What's the best filming advice you've ever received?! 📹 Share the wealth! ⤵️
2021-07-06	Want to take your channel in a new direction? ✨ Here are some ideas you might be able to draw inspo from: 💭 Read your recent video comments &amp; look for themes. 🔎 Research industry trends. 🤗 Review your interests. → https://t.co/FCWu6lOjpb
2021-07-06	“YouTube allowed me to see that the kid in South Africa was thinking exactly what I was thinking in my bedroom in North London.” We felt that. @sulibreaks breaks down how YouTube impacts the community, and how he’s using storytelling to give others a platform. ⬇️ https://t.co/mXaNzz8UlC
2021-07-07	Are you looking for tips on how to save time while filming?! ⏳📹 Here are some tips we put together to help you reduce your production time → https://t.co/ALPHCHkgUJ
2021-07-07	Tag a creator who always puts a smile on your face! ⬇️
2021-07-08	Collabs are a great way to test out new content formats and categories on your channel! 👥🆕 Here are a couple q's you can ask yourself when you're brainstorming about your next collab → https://t.co/aVy240ifEx https://t.co/kXBZKg6q5G
2021-07-08	When you sit down to film and suddenly there are 2 lawn mowers, 5 garbage trucks, and 12 cars honking outside of your window. 🙃
2021-07-09	Friends don’t let friends forget to submit their #YouTubeBlack Voices Fund application. That’s why we’re reminding you that today is the last day to apply! 🚨 Learn more → https://t.co/c6g6N2XZgZ
2021-07-09	It's important to realize that topics or formats that might have been popular a year ago may not be as popular now. ♻️ You have the ability to reinvent yourself before your audience starts to lose interest. Here are some ways creators have done this → https://t.co/KGZ0ukR7G1
2021-07-09	Representation matters. Which creators have you seen yourself in?
2021-07-10	Meet @jadedarmawangsa! ✨ She creates videos about being a business owner, the creator economy, and more! If you're interested in hearing her tips on how to build a long-term career on YouTube, press ▶️ below and make sure to check out her channel! → https://t.co/4tyRHOO93P https://t.co/HPilqSk6A6
2021-07-10	What step of the creative process do you thrive in? 💡 Ideating. 🎥 Production. 💻 Editing. Let us know! ⤵️
2021-07-11	Tag the creator who inspired you to finally start your channel! ⬇️
2021-07-12	On average, 2/3 of a channel’s views come from outside the creator's home country! 😱 It's true! A good amount of your viewers might speak a different language/live in a different country. That's why making your channel more accessible is important → https://t.co/gq1BmcwFlP https://t.co/mkMGaglpoD
2021-07-13	How do you know if your channel is ready for a 🌎-wide audience? You can start off by checking your “Build an audience” tab in YouTube Analytics to see where your audience tunes in from. → https://t.co/gq1BmcwFlP
2021-07-13	That feeling when you realize one of your favorite creators also watches your videos. 🤗❤️
2021-07-14	Tag one of your favorite creators who lives outside of your home country! 🌍🌎🌏⤵️
2021-07-14	YouTube is a global platform where there is always a potential for reaching new audiences! 🌐 Check out these 3️⃣ video formats that are more accessible for worldwide viewing → https://t.co/BODXM34Xkv https://t.co/B0m7xmuk2T
2021-07-15	He's been making videos around the 🌎 for the past 5 years now, and the thing that keeps him going is remembering WHY he started! 🎥✈ Today @LukeLifeCharms is taking over! If you need some motivation to keep creating, press ▶ &amp; check out his channel → https://t.co/UIffXVyX7H https://t.co/xPlSnhxO2N
2021-07-15	Topics of interest may vary based on the time of year or major news, but here are a few video genres that tend to export well to international audiences in all places: 🎶 Music trends ⚽️ Sports 🌐 International News 💻 New tech 📝 Compilations &amp; lists → https://t.co/YN9CPsV6hB
2021-07-15	We keep getting asked, “Hey, when can I start creating Shorts?” The answer? NOW. 🤯 YouTube Shorts is now available to everyone. Just tap the create button in the YouTube app. https://t.co/WbzTYIQPYO
2021-07-16	Creating videos about your part of the 🌎 can help expand your audience! Your channel can be a window into a world that may otherwise be inaccessible due to travel costs or cultural constraints. Here are tips for producing cross-cultural videos → https://t.co/4DRAnoJATk
2021-07-16	WOAH! We love this story about @ItsCamCasey and we can't wait to see what he achieves next with YouTube Shorts! 🚀🚀🚀
2021-07-17	It's so inspiring seeing creators build their dream studios! We know how important having a dedicated creative space is for the creative process, and we couldn't be happier for @TheSorryGirls! ✨🔨🎥 What does your dream filming room look like? → https://t.co/dMiY1AB7Q5 https://t.co/cIMCSyrOte
2021-07-17	✨🤗 Happy World Emoji Day!🤗✨ Respond to this tweet with: 🥇 Your favorite emoji to use in a thumbnail. 🎥 The last emoji you used in a video title. 💛 An emoji to describe how you feel about your channel right now.
2021-07-18	What creative goal are you going to tackle this week? ⬇️ ⬇️ ⬇️ Tell us! Let's root for each other! ⬇️ ⬇️ ⬇️
2021-07-19	We can't believe we're more than halfway through 2021! 😱 What days are you celebrating before July is over? 🗓 https://t.co/mTL7niFk9X
2021-07-19	While building your YouTube channel, learning basic business skills can help you decide where to focus your efforts and how to grow your platform. 📈 To start, here are 3️⃣ q's you can ask yourself to determine why people are drawn to your channel → https://t.co/gcXhSeKW6r https://t.co/nBb1lKIXn0
2021-07-20	Having a strong brand will help your channel stand out! 🌟 🌟 🌟 There’s no single playbook for branding, so try using the approach that suits you! Here are five general principles to keep in mind when shaping your brand → https://t.co/UT4mDEvMeb
2021-07-20	Tag a creator who you've been watching for over 5️⃣ years! ⤵️
2021-07-21	Need some motivation today? Then press ▶️ on @YouTubeLiason's interview with the fabulous @mimigstyle! We guarantee her story will leave you feeling inspired ⤵️
2021-07-21	That feeling when someone comes home while you're filming and all of a sudden you become camera shy. 🙃
2021-07-21	We’re passing the 🎤 to ✨ @elenataberr ✨ for this week’s creator takeover! She’s been making videos for about 6️⃣ years now, and here’s her best advice for someone who wants to start a channel 🎥 And don’t forget to show her channel some love → https://t.co/Ucq9aSXxQ0 https://t.co/vvrvFw8L8I
2021-07-21	When you grow as a creator, your channel can become a meaningful source of income. 💰 As you balance creative &amp; business ⚖️, you might reach a point where you need a team. 👥 If you're at that point, here are some q's to ask yourself → https://t.co/a5R4CUwL2F
2021-07-22	Elevate your channel &amp; business by promoting your brand in the media! ✨ Whether a reporter reaches out to you, or you pitch your story to a media outlet, you’ll want to be prepared. 🤓 These tips can help you communicate your messages more effectively → https://t.co/No1qiBTce0 https://t.co/vpxpTMfNzd
2021-07-23	There’s no single formula for a perfect video ad, but here are a few recommendations to help you deliver maximum impact: 🗣 Tell your story. 🔝 Make the first 5 seconds count. 📈 Create multiple ads and test them across audiences &amp; devices → https://t.co/TKr0jarrTN
2021-07-24	That feeling when you start editing while the sun is up and the next thing you know it's 3am 😳
2021-07-24	What are your favorite ways to decompress at the end of the week? 🏃‍♀️ Exercising. 🧘‍♂️ Meditating. 👩‍🍳 Cooking. ✍️ Journaling. Respond with how you plan to unwind this Friday ⤵️
2021-07-25	What's a challenge you overcame this week? ⤵️ Let's celebrate your wins!
2021-07-26	Looking for a beat refresh? @prodbyocean recently created and released a plug-in that can add character to your melodies, improve your drum beats, and overall elevate your final product. That’s why he’s one of our record breaking creators 💪 Learn more → https://t.co/r9SueAWxNR https://t.co/9OiCC15HZZ
2021-07-26	When you don't want to film, but then you get messages from your community saying they loved your last video. ❤️
2021-07-27	Are you interested in knowing how @TiffanyRothe sustains a long-term career on YouTube? All you have to do is press ▶️ on her takeover today to find out! After that, check out her channel → https://t.co/cTqbKaxzuC https://t.co/YVx1K9EVJw
2021-07-27	Community posts give you the opportunity to communicate with and get closer to your fans, outside of your regular videos! 🗣 Through different content types, you can give your community a deeper look into your world and express your creativity. → https://t.co/utwZQFCBpm https://t.co/3c5Ee1Cy7w
2021-07-27	Premieres are another way to build excitement around your content! When using this feature, you can chat with your community while watching your latest video premiere in real-time! 💻👥 Learn more about the best practices for this feature here → https://t.co/TcxFjOE3m7
2021-07-28	360 and VR give your audience the ability to watch AND experience your videos! ⚡️ Here are some categories where creators are using this feature to offer viewers a new perspective: 🗺 Documentaries. 🎵 Music Videos. 🏂 Action Sports Videos. → https://t.co/o6g8YFcEW0
2021-07-28	Tag a creator who feels like your wise, older sibling ❤️⤵️
2021-07-29	YouTube Stories don’t just help creators connect with their existing subscribers, but also help find 🆕 ones! On average, creators who utilize Stories can accelerate their weekly new subscriber count by 8.5%! ✨ Here are some tips on how to create them → https://t.co/49juii6FQO https://t.co/EpoJtf9E6S
2021-07-30	Combining Stories, Premieres, and Community posts can really ⚡️electrify⚡️ your fanbase! Before you upload your next video, here are some ideas on ways to use these features together to build the hype → https://t.co/aC6e0E9Cmr
2021-07-30	In honor of #InternationalFriendshipDay, we invited @missremiashten &amp; @ALISHAMARIE for a takeover ✨ Press ▶️ to learn how they became BFFs, why they ❤️ collabing, and the importance of building a creator community! Don't forget to support @prettybasic → https://t.co/sEKseRpLqP https://t.co/Gp45m4qLL4
2021-07-31	⬇️ Respond to this tweet with your best tips for getting out of a creative funk! ⬇️
2021-08-01	August has arrived! ✨ Are you planning to create content about any of these days? There's International Cat Day, World Indigenous Peoples Day, and more! ⤵️ https://t.co/tj34EyoQbe
2021-08-01	That moment when you're about to fall asleep and then you're hit with the best video idea ever. 💡
2021-08-02	Creators: making content for kids and families? We’re excited to share more guidance on how we define kids content quality and what that means for video recommendations. → https://t.co/jpUFY5Yf2s
2021-08-02	That feeling when you get your intro right on the first try 😌
2021-08-03	Happiness plays a 🔑 role in nurturing creativity for new videos and longevity on the platform. We believe focusing on ✨inspiration and sustainability✨ will help you maintain your joy while creating → https://t.co/29ahGoESL0
2021-08-03	Tag your favorite motivational content creator ✨⤵️
2021-08-03	The Shorts Fund begins paying creators this month! 💰 Learn more, including how to qualify → https://t.co/jpo79BAZzV
2021-08-03	The “10 Fundamentals” are common creative strategies that have helped creators expand their channels! 🎥✨ They fall under 3️⃣ buckets: 👥 Get viewers. 👏 Keep viewers happy. 🧘‍♀️ Keep yourself happy. → https://t.co/kSr33myxOK https://t.co/9dOAjMu3qa
2021-08-04	So you want to start vlogging but you're unsure of what type of vlog you want to create? Here are 6️⃣ ideas to get you started! → https://t.co/ApWPGXGQel https://t.co/thgZ0KltMq
2021-08-04	What did you use to film your YouTube videos when you first launched your channel?
2021-08-05	There are so many creators who make awesome videos with their phones...and you can be one of them! 🤳 Here are our tips for how to make the most out of filming with your mobile device → https://t.co/AlKqpI61WO
2021-08-06	Here are our tips for creating a compelling channel trailer: 🆕 Assume the viewer is seeing your channel for the first time. 👌 Keep it short. 🗣 Ask viewers to subscribe in your video. → https://t.co/Tp2ZV2iwbI
2021-08-07	Respond to this tweet with the best piece of advice you ever received about pursuing a career on YouTube ⤵️
2021-08-07	When you finally film a video that you've been putting off for months 😌
2021-08-08	In @Hallease's 1st episode of her #ConvosWithCEOs series she's connecting with @ShontayALundy, the founder &amp; CEO of @BlkGrlSunscreen! They're discussing funding, having an abundant mindset, and knowing your worth! 💰🧠✨ Check out the full episode here → https://t.co/NZqb3jFKbX https://t.co/dZcqIM180f
2021-08-09	Anyone who interacts with YouTube needs to follow the Community Guidelines. 📖 These 🌍 global rules 🌍 help make sure YouTube is the best place to listen, share, and create community. → https://t.co/cjcZf3G5Co
2021-08-09	Today is #IndigenousPeoplesDay, and we're so grateful to have @patrickisnavajo hosting today's creator takeover. ✨ Press ▶️ to learn a little more about him and subscribe to his channel to continue learning! → https://t.co/fUziIT1H25 https://t.co/wZ0eWOGlGb
2021-08-10	After uploading a YouTube Short every day, for 30 days, @DankScole gained over 1 million subs, more than 300 million views, and is now a full-time creator! That deserves a round of 👏🏿👏🏽👏🏻! Read more about her creator journey in this @tubefilter piece → https://t.co/HANc6yr1S3
2021-08-10	Here are our some tips for creating quick and snappy #YouTubeShorts: 🎭 Try unique editing 🗣 Use fun audio cues 🔠 Incorporate text to move the story along → https://t.co/RtReCTm75f https://t.co/vu0dMPu9UE
2021-08-11	Enjoying dark mode like.. https://t.co/QbbL5ZkERQ
2021-08-11	We only have about 1-2 seconds to grab the attention of viewers scrolling through the #Shorts feed! ⏳⌛️ Here are a few tips to help you stop viewers from scrolling: 💥 Use bold visuals 💻 Try disruptive editing 🔈 Explore trendy audio →https://t.co/I58SWgjc7x https://t.co/7S0OyiyPaP
2021-08-11	When you find the ✨ perfect ✨ audio to match the mood of your Short 👌
2021-08-12	It’s the sentimental #Shorts for us.
2021-08-12	You don't need a bunch of fancy equipment to create fierce visuals on #Shorts! ✨ Spicing up your visuals can be as simple as wearing colors that match the vibe of your video → https://t.co/cbayeUhg7s https://t.co/k8uy3YKysI
2021-08-13	Creating your next 🔥 Short is as simple as 1, 2, 3! 1. Press ➕ in the YouTube app 2. Hit ✨Create a Short✨ 3. Tap 🔴 to start filming!
2021-08-13	There are 2️⃣ ways to incorporate text into your #Shorts: ❇️ On screen. ❇️ In your title. Here are a few suggestions for how to make the most out these features → https://t.co/HybIcWeCqY https://t.co/RJQHy1S6L3
2021-08-14	Happy Friday! Today we're passing the mic to @AustinSprinz, a creator who has been crushing it on #YouTubeShorts! ✨ Press ▶️ to learn more about his journey as a creator, his Shorts goals, and don't forget to check out his channel → https://t.co/nVgTnSs9wo https://t.co/ZdOre3o3eA
2021-08-14	Tag a creator who's already crushing the YouTube Shorts game ⤵️
2021-08-15	Interested in experimenting with YouTube Shorts?! Well @justinbrownpv created a guide for how and why you should get started! 🤳🌟✨ Check it out here → https://t.co/Tq41my8WrB https://t.co/LLyMgSiqPs
2021-08-16	Shorts creation 🤝 collaboration. Using the audio from your favorite Short or from one of your favorite creator's videos is a quick and easy way to collab → https://t.co/hR9t2M35Fo
2021-08-17	Joy in everything we do? that’s #YouTubeBlack ❤️ discover, watch, &amp; subscribe now → https://t.co/ExwtpkUxSK https://t.co/gW2ibRkDom
2021-08-17	Thank you to all the creators whose channels are a source for Black joy. 💗 Who are your favorites?
2021-08-17	We are half way through August 📅 What does your content calendar look like for the rest of the month? Let us know ⬇️ https://t.co/4Ph82mlZtm
2021-08-17	What's your favourite thing about being a creator? 🤔
2021-08-18	Here are 3️⃣ ways you can make the most out of the #Shorts speed tool → https://t.co/QA0fVVGzKz
2021-08-18	That feeling when you just finished filming your dream collab. 🥲
2021-08-19	Learn how to do a magic trick by checking out @seandoesmagic's #Shorts! Sean grew about 3 million subs after he started uploading Shorts and we can't wait to see what he does next! → https://t.co/MS7IBhvER0 https://t.co/PZsTi6wXgf
2021-08-19	We love learning about @seandoesmagic's creator journey and we think you will, too! Watch his takeover to hear how he started creating a decade ago, how #Shorts helped him grow his channel, and his best advice for 🆕 creators! Check out his channel ⤵️ https://t.co/x3Mtsyipgv https://t.co/sTr5NACLZi
2021-08-19	❤️ this tweet if you've pressed the ➕ button in the YouTube app to create a #Short in the past week!
2021-08-20	Ready to start cultivating your creator community through #Shorts? ✨ Here are our tips on how you can do that → https://t.co/WOKF94A3Es
2021-08-20	That moment when you're filming in front of your window and then golden hour hits ✨✨✨✨✨✨
2021-08-20	Top creator tip: be your unapologetic self 🤩 From one creator to another, here are 9 lessons that @AliAbdaal has learned from his favorite channel @petermckinnon 👀 📸 → https://t.co/AcZN7LGsZp https://t.co/dEjiJvTBVV
2021-08-21	What #Shorts tool do you need some help figuring out?
2021-08-22	Tag a creator who you think could use some extra ❤️ today ⤵️
2021-08-23	It's the #Shorts bonus for me 🤩📸🤳💰 It's not too late for you to gain access to the Shorts Fund! Watch the full video to learn more about it → https://t.co/jpo79BAZzV https://t.co/y3dg60NBli
2021-08-23	What's a thought that kept you motivated when you first started creating? ⤵️
2021-08-24	Searching for #Shorts inspo? Here are 4️⃣ places you can find them on the YouTube app: ✨ The Shorts tab. ✨ YouTube home page. ✨ In your subscriptions. ✨ Under the Shorts featured section on a creator's channel home page!
2021-08-24	When you go to edit your video and realize the mic was never plugged in 🙃
2021-08-25	A few #YouTubeShorts best practices: 🌟Focus on making the first few seconds captivating 🔁 Think of ways you can encourage replayability 📈Keep it relevant 🔑 And more → https://t.co/hi0GZVSAsu https://t.co/LA1EHrhDNP
2021-08-26	How to save and access your favorite #Shorts sounds: 1️⃣ Save: Click "Favorites" underneath the title/creator of the audio. 2️⃣ Access: After you click "Add Music" select the "Favorites" tab. 3️⃣ Start creating! ✨
2021-08-27	A few reasons you should start experimenting with #YouTubeShorts: 👀 The #Shorts player gets over 6.5 billion daily views 🤳 You have the opportunity to join the Shorts Fund! ➕ And more! → https://t.co/hi0GZVSAsu
2021-08-27	Making #YouTubeShorts with your best friends just hits different. ❤️ Show us a Short you made with your BFF ⤵️
2021-08-27	This is your reminder from @DankScole to embrace what makes you, YOU! Learn more about what inspired her to start her channel, what keeps her motivated, and her advice for aspiring creators by pressing ▶️ on her takeover and checking out her channel → https://t.co/tWU88yvHMy https://t.co/TqZhozvdmv
2021-08-28	Where do you get inspiration for your Shorts?
2021-08-29	Sorry we’re 60 seconds late... We were watching #YouTubeShorts.
2021-08-30	Respond to this tweet with an editing trick you recently learned ⤵️
2021-08-31	What's something you want to focus on next month with your channel?
2021-09-01	That moment when you realize you've turned your dream of being a YouTube creator into your reality. ❤️
2021-09-02	Looking for some holidays to create content around this September? 🗓 Don't worry, we have you covered! ⤵ https://t.co/sjWlleCg0D
2021-09-03	In this episode of "My Job is YouTube", @YouTubeLiaison connects with @HisandHerMoney! If you're interested in learning about their creator journey, becoming financially free, and so much more, we highly suggest you press ▶️ on this episode! https://t.co/ckoi28r1NM
2021-09-03	Tag 3️⃣ creators who inspire you below!
2021-09-03	What’s the first thing you do after you press publish on a video?
2021-09-04	Learn how this creator couple, Ant x Ana, turned their casual hobby into a full-fledged career! After they began posting #YouTubeShorts they grew over 800K subs in just about 2 months, and this is just the beginning ✨ → https://t.co/hOIXg9c8Es
2021-09-05	That feeling when you look back at your old videos and you realize how much you've grown. ❤️
2021-09-06	Do you get editing inspo from fellow creators? Tag them below! 🤗
2021-09-07	That moment when you finish filming and start taking a million photos so just so your outfit doesn't go to waste 🤣
2021-09-07	🗣Calling all gaming creators who reside in Spain or Andorra!🗣 You have from today until October 1st to apply for a spot in the YouTube NextUp 2021 Class, Gaming Edition 🎮! Find out what the event consists of and who can participate by heading here → https://t.co/zwgnelgG65
2021-09-08	From the halls of his high school to the ones in the White House, @sWooZ1e has drawn Storytimes that keep inspiring us. ⤵️ https://t.co/W0Rkam0DuZ https://t.co/qmqD83bA6t
2021-09-08	In honor of the first day of #FashionWeek, here are some of our tips for how to make your fashion or beauty channel ✨stand out✨ in the crowd → https://t.co/zaNRDQ5e8N
2021-09-09	Did you know that popular beauty and fashion channels get 3x as many comments and likes per view as top YouTube channels overall?! 😱 Here are our tips for turning those viewers into a loyal and dedicated community → https://t.co/qhYyDF1h3p
2021-09-09	We’re loving @Hallease’s #ConvoswithCEOs series! In her 2nd ep. she connects with Cashmere Nicole, the CEO of @beautybakerie. From researching manufacturing partners to learning about chemistry, they discuss it all → https://t.co/VwHGlaGxi7
2021-09-10	Ending the summer on a high note with our #YouTubeBlack community. Check out how creators recently connected! ☀ https://t.co/6nWASTydNd
2021-09-10	That feeling when you finally teach yourself how to color correct your videos 😌
2021-09-10	Want to add tags to your #YouTubeShorts from your phone? All you have to do is: 1️⃣ Open the YouTube Studio App. 2️⃣ Select the Short you want to add tags to from the video section. 3️⃣ Click the 🖋 icon in the upper right corner. 4️⃣ Add your tags to the appropriate section!
2021-09-12	How do you want to learn more about #YouTubeShorts?🤔
2021-09-13	Viewers can find your #YouTubeShorts by tapping Shorts at the bottom of the YouTube app, as well as: 💻 On the YouTube homepage. 🛎 In their notifications. 🆕 Checking their subscriptions. 🌟 Featured on your channel page.
2021-09-13	Which creator do you look to for style inspo? ✨ Tag them below! ⤵️
2021-09-14	From lip-syncing to slowing down action shots, the #YouTubeShorts speed tool can help elevate your content in a variety of ways → https://t.co/FxPlaInJDd
2021-09-14	When you start making Shorts and realize what you're capable of creating on your phone 🤯
2021-09-15	Happy #HispanicHeritageMonth! Who are you currently watching to learn more about Latinx culture? ⤵️
2021-09-15	Where do you edit your #Shorts?
2021-09-15	You can add text to different parts of your #YouTubeShorts with the timeline feature! It's as simple as 1️⃣, 2️⃣, 3️⃣→ https://t.co/XThWDUPKdH https://t.co/GFV9oZrtw6
2021-09-16	There are many opportunities for creators to go beyond the game and do something special for their communities. Here are some ways you can strengthen the ties with your gaming audience 🎮 → https://t.co/yGa0ElAl3U
2021-09-17	Happy National Dance Day! 🕺💃 Are you creating content about it today? Or any of these other moments during the rest of the month? https://t.co/KhFF98Wjor
2021-09-17	Start your weekend off on a positive note by pressing ▶️ on today's takeover with @lily__bae and @mpromando! ✨ They started their channel 2 years ago and haven't looked back since! If you're looking for a sign to start creating, here it is ⤵️ https://t.co/PK184J5BXf
2021-09-17	When launching your gaming channel, don't be afraid to embrace what makes you unique! Take your audience beyond the game with style and flair that only ✨YOU✨ can offer. Here are some ways you can do that → https://t.co/pSn7hDUtP2
2021-09-18	What's your best piece of advice for an aspiring creator? Let's start a motivational thread ⬇️
2021-09-18	Who can you always count on for honest feedback about your videos?
2021-09-19	When you realize you're actually sticking to your content plan for the month 👏👏👏
2021-09-21	Reminder: it’s not too late to join the #YouTubeShorts Fund! ✨ Any creator who makes original Shorts on YouTube, in an eligible country, may receive a bonus! → https://t.co/zR7WYaGHN3 https://t.co/BbzRSdMC7l
2021-09-21	Tag a creator who you watch while doing your morning routine ⤵️
2021-09-22	When you realize the Align tool is how people have been creating the most smooth #YouTubeShorts transitions 😱
2021-09-23	Happy International #DayOfSignLanguages! Today @rikkipoynter, a creator, consultant, and writer who talks about accessibility &amp; disability, is hosting our creator takeover ✨ Learn how to make your vids accessible, and so much more, over on her channel! → https://t.co/vGjD9tHGNk https://t.co/1k3scLKLA2
2021-09-23	Still looking to create your first Short? Follow these simple steps: Tap the ➕ button. Click Create a Short. Touch the 🔴 to record. Add your desired features. Add a title. Upload. 👆
2021-09-23	Today is Bisexual+ Visibility Day! 🏳️‍🌈 Today, and everyday, we're grateful for creators like @Jennica_Hill who share what bivisibility means to them! If you're interested in hearing her perspective as well, check her video out here → https://t.co/eSz4kvd44B
2021-09-24	Listen to @Lilly and @YouTube's @shockallocca unpack the potential of creator economy in the 1st episode of The Upload: The Rise of the Creator Economy, a podcast by @YouTube! ✨ They’re discussing content creators as businesses, disrupters, and more → https://t.co/3YC4iZrEOy https://t.co/0pRDSuiO6p
2021-09-24	What #YouTubeShorts tool do you need a tutorial on?
2021-09-25	Respond to this tweet with a piece of advice that you wish you received when launching your channel ⤵️
2021-09-26	*Packs backpack with a ton of filming equipment* *Ends up vlogging on phone*
2021-09-27	Respond to this tweet by tagging a creator who has a career path that inspires you! 🤗
2021-09-28	Frank Michael Smith, a daily sports coverage creator, attributes the growth of his channel almost entirely to #YouTubeShorts! Learn about his creator journey, how his personal brand has grown, and what he wants to accomplish next with his channel here → https://t.co/fnHxP1rV72
2021-09-28	Take the 1st step toward building your channel into a business! Ask yourself these questions to determine why viewers are drawn to your channel: 🤔 Why does your channel exist? ▶️ What do you deliver? 📝 What more could you do with your channel? → https://t.co/YZpbR8TYMy
2021-09-28	What have you recently made using the #YouTubeShorts creation tools? → https://t.co/Rf263MxOSw https://t.co/HJaztHJq7X
2021-09-29	Below are steps you can take to create a rich &amp; distinctive brand identity ⤵️ 🗒 Develop a channel strategy. 📆 Plan a calendar with potential marketing opportunities, collabs, &amp; social media integrations. 🖐 Ask for help to take your vision forward. → https://t.co/rC2rQWfirx
2021-09-29	The Shorts Fund rewards creators for their unique, engaging short-form content. Learn how to qualify &amp; make money from the fund → https://t.co/MYZNlCjae2
2021-09-30	Looking for a sign to put your podcast on YouTube? Here it is ➡️ 51% of individuals aged 18-44, from various countries, watched a podcast on YouTube over the past year! 🏆 So in honor of #NationalPodcastDay, here are some tips to promo your pod channel → https://t.co/GkHaCv8oIY
2021-09-30	We're celebrating #NationalPodcastDay by passing the 🎙 to Ana and David, hosts of the @how_to_spanish podcast on YouTube! Their goal is to make language learning a more fun experience, and we honestly think they're already doing a fantastic job at that → https://t.co/MHeBSJXIyU https://t.co/EMVv4J0tWj
2021-10-01	Here's a simple step-by-step guide for creating #YouTubeShorts within the YouTube app! So who's joining us in creating some Shorts today? 🙋🏽‍♀️🙋🏻‍♂️ https://t.co/MlT8nj2NfU https://t.co/UaGM60fH7Z
2021-10-01	October 1st marks the beginning of LGBTQ+ History Month and UK's Black History Month! This month, and every month, it is important for all of us to take the time to learn about the history of these communities. https://t.co/FFoaBznoy8
2021-10-01	That feeling when you find the perfect camera for you. 😍
2021-10-02	What are some things you're doing to take care of your mental health this weekend? ⤵️
2021-10-02	What if your family passion could be your career? ✨ Unpack the potential of the creator economy in the 2nd episode of The Upload: The Rise of the Creator Economy w/ Made with Lau → https://t.co/DG9MfbGFqT https://t.co/rpRmax6hCc
2021-10-03	What do you want more #YouTube Shorts tutorials about?
2021-10-04	Sending positive vibes to all creators today 💞
2021-10-05	Don't stress about #YouTubeShorts thumbnails! ☺️ Although they do show up on desktop, they are not displayed on any surface that #YouTubeShorts are recommended on today. For more info, check out our Shorts report → https://t.co/0mqBpu8li5
2021-10-05	We know a lot of the community is curious about how to go viral on #YouTubeShorts, so we put together our best tips for how to ✨pop-off✨ in this Shorts report → https://t.co/SzKVqDtKul
2021-10-06	Gameplay is more than welcome on #YouTubeShorts! Here are some of our gaming #Shorts suggestions: 🏆 Pull out your favorite moment from the game *️⃣ Showcase an epic clutch ✨ Compile your highlights → https://t.co/DgHUvJPU75
2021-10-06	S/O to our fabulous friend, @AyChristene, for hosting today's creator takeover! She's sharing how her journey has evolved and what she hopes to accomplish with her channels moving forward. ✨ To continue following her journey, subscribe to her channel → https://t.co/bImwcYA91i https://t.co/6Zmx8pgE3k
2021-10-06	That feeling when you flow through recording your video without looking at your notes 🤗
2021-10-07	Are you feeling unbalanced, uninspired, stressed, or just exhausted? This could mean you’re experiencing burnout. If so, it's important that you take some time to step back and recover ✨ Here are our tips for how you can do that → https://t.co/Gcsv8zNf52
2021-10-07	Thank you to all the creators involved in Rewind - we’ll be 👀 for your Rewinds as we refocus our energies on celebrating you and the trends that make YouTube 🔥 with a different and updated kind of experience - stay tuned! → https://t.co/kI69C24eL0
2021-10-08	In honor of Black History Month in the UK, this October we’ve curated a program of #YouTubeBlack events to celebrate the richness of Black Joy! ✨✨✨ Learn more about what we have planned &amp; register here → https://t.co/8rQl8EiTx0 https://t.co/7UezUfXTBd
2021-10-08	Remember: YouTube is a public platform so it’s important to think about what personal details you share online. Avoid showing things on your channel like: 🚗 Your license plate 🏡 Where you live ☕️ Places you frequent near your house → https://t.co/TlYdfuw9UU
2021-10-08	Tag a creator who you enjoy watching while you're cooking dinner 🍝⤵️
2021-10-08	We couldn't agree more, @EmanKellam! The ✨joy✨ comes through in everything #YouTubeBlack creators do! Find the full UK community video here → https://t.co/ZCdRBtAi9J https://t.co/PjcP45PRnb
2021-10-09	Tag a creator who inspired you to prioritize your mental health ⤵️
2021-10-10	Today is #WorldMentalHealthDay &amp; we're passing the 🎙️ to @Dr_Julie_Smith! She's a psychologist who started creating because she wanted to educate people about mental health for free. 🧠 We're so grateful for her videos 💛 and we think you will be, too! → https://t.co/TWaN4ft9oL https://t.co/PgBEqPKfEO
2021-10-11	A #YouTubeShorts storytime is a great way to draw new viewers in and keep them engaged! ✨ Check out the our latest #Shorts report for more tips → https://t.co/rMAr8C3fnj
2021-10-11	That moment when you come up with the best idea for your #YouTubeShorts 💡
2021-10-11	To all of our LGBTQ+ creators, we admire your strength and are grateful for the opportunity to hear your stories every day. 💛
2021-10-12	Have you thought about integrating games into your #YouTubeShorts?! 🎯🃏👾 Gamification isn't just for gamers, and you can make any type of video into a fun contest → https://t.co/DVLX6G3HG6
2021-10-13	Maria and Cody, the creators behind @WhyNotSpanish1, are using #YouTubeShorts to teach their community Spanish and we LOVE. TO. SEE. IT! → https://t.co/HP6doTeBMH
2021-10-13	That feeling when you capture your #YouTubeShorts in one shot 💰
2021-10-13	The 🍵 is... if you are making original #YouTubeShorts content you can get paid up to $10,000 per month! 🤑 Learn more here! → https://t.co/5bbpEhdU3I
2021-10-14	For those looking to launch a food-focused channel, here are some tools and techniques we think might be helpful: 🔍 Get up close and personal with the plate 🍛 Highlight finished product first 🍱 Food-centric thumbnails 🖊 Clear and concise titles → https://t.co/AXtWRVfQw3
2021-10-15	Our tips for 🍴serving🍴 up information about food in an entertaining way: ⚡️ Turn a standard how-to video into something special and shareable. 😜 Utilize thumbnails. 📌 Creates fun videos around tent-pole events. → https://t.co/sFw7xmY6Xl
2021-10-15	Tag a creator who you watch for meal inspo ⤵️
2021-10-15	When you are scrolling and the #YouTubeShorts on your page speak to what you're currently going through 🥲
2021-10-16	Meet Larisha and Andrew, the dynamic duo behind @MakeItDairyFree! If you're looking for a couple of creators who can teach you how to make your next 🔥 plant-based plate, look no further! → https://t.co/zIlBsEafgL https://t.co/PGoS4RNheN
2021-10-17	Respond to this tweet by tagging a creator you love to watch on Sunday mornings ⤵️
2021-10-18	From vlogging to lip-syncing, the #YouTubeShorts Speed Tool is a great way to make the most out of 15 seconds! Here's how to use it: 1️⃣ Tap the "Speed" button in the Shorts camera. 2️⃣ Select a speed that works for you. 3️⃣ Start shooting! 🤳
2021-10-19	Not only is showcasing your creative process in your #YouTubeShorts a great way to document your journey, but it also taps into the community's appetite for education! → https://t.co/HmYGMJvM3J
2021-10-19	Still need some help editing Shorts? Check out this #YouTubeShorts report for more editing tips &amp; tricks → https://t.co/QhDTS7dWzy
2021-10-19	That moment when you finally conquer your fear of vlogging in public 💪
2021-10-20	Respond to this tweet with a piece of advice that you'd give your younger creator self ⬇️
2021-10-21	Looking for tips on how to lift up your fellow creator community and how to diversify the types of creators you collab with? We've compiled a few for you right here → https://t.co/BMuz25b01e
2021-10-21	Stop people from scrolling past your #YouTubeShorts by keeping them quick + snappy! Here are some ways you can do that: ✨ Make the 1st frame count. ⚡️ Use bold visuals. 🎹 Incorporate fun tracks. ❗️ Try disruptive editing.
2021-10-21	When you randomly select a timestamp in your video and land on the perfect thumbnail &gt;&gt;&gt;
2021-10-22	Are you leveraging your platform to elevate and support creators from historically underrepresented backgrounds? Here are ways that you can show up and show support for other communities through your channel → https://t.co/kqjbFogku2
2021-10-23	Are you considering creating a second channel just for #YouTubeShorts?
2021-10-24	Tag a creator who just started making videos and show them some love ❤️
2021-10-25	Creating #YouTubeShorts POV content is a tool to spark a discussion in your comments! 🗣 When you find the right audience, we think this format is a great way to keep them engaged → https://t.co/NlHEJxUZQs
2021-10-26	It's the clean #YouTubeShorts transitions for us ✨✨✨
2021-10-26	REMEMBER: You are more than your subscriber count! 🌟 So when you start approaching creators about collabs please don't forget that you have skills, access, and resources that can be valuable to others as well! → https://t.co/06WbjmHJNN
2021-10-27	A few words from your fellow creators to help get you through the rest of your week! ⤵️ P.S. They work as great backgrounds, too! https://t.co/ooQRqelxof
2021-10-27	Looking for ways to improve your #YouTubeShorts audio game? 🔊 🔊 🔊 No worries, we've got you covered right here → https://t.co/laSRwfjfZI
2021-10-28	Happy #WorldAnimationDay! Looking for a new illustrator/animator to subscribe to? Check out @pypahs_art! ✒ She's been making art-related content on YouTube for 7+ years now, and is using her platform to encourage her community to create art as well → https://t.co/Z0D2gUdaX1 https://t.co/pf6pQGMtpV
2021-10-28	Quick q's to ask yourself when picking a potential collaborator: ❓ Can you imagine someone watching one of their videos then immediately watching one of yours? ❓ Do you have compatible values? ❓ Do you enjoy their videos? → https://t.co/uviDJjaWVP
2021-10-29	Did you know the #YouTubeShorts Fund is now available in 3️⃣0️⃣ more countries?! It's true! → https://t.co/nPHscXJ9vn https://t.co/3CvhC7pzXf
2021-10-30	Join @IAmQoy as she goes around the UK to learn about how different creators define Black Joy ✨✨✨ → https://t.co/vSo1Y4PQRf https://t.co/bMXD916YPl
2021-10-30	Want to learn what Black Joy means to @WordOnTheCurbUK and @MakeItCommon? Watch as they discuss this and all things wellness on this special #YouTubeBlack episode of Bridge The Gap✨ → https://t.co/wEXZ1bJBRv https://t.co/ifJ5scW5Hi
2021-10-30	What type of audio do you tend to use more for your #YouTubeShorts?
2021-10-31	Happy #Halloween! 🎃👗✨ It's safe to say that @gunnDEATH understood the assignment 👏👏👏 → https://t.co/sW9M3l3Ya9 https://t.co/1UinBByvHr
2021-10-31	Tag a creator who you look to for Halloween costume inspo ⤵
2021-11-01	"Being able to do more Shorts on our channel has allowed us to do a wider range of content that we previously wouldn’t have thought of doing." - @EllenxBrian Learn how this dancing duo grew their monthly viewership by over 1,150% with #YouTubeShorts✨ → https://t.co/jovLbJ9vnX
2021-11-01	Did you know there are now *10* ways to monetize your channel? We’re going to be diving in this week with all the tips and tricks. First up, find out how to qualify for YPP to earn income through Ads and YouTube Premium → https://t.co/rxWfzDetiD https://t.co/ibdcQpPOB8
2021-11-01	Looking for some #MondayMotivation? Find out how @emmymadeinjapan turned a passion for exploring the 🌏 through food into a thriving business in the latest ep. of The Upload: The Rise of the Creator Economy → https://t.co/2yJNoytfk9 https://t.co/GghbgXpQV7
2021-11-01	Want to learn to brand your channel? ✔️ Make money? ✔️ Grow your community? ✔️ Our new YouTube for Creators site brings you all the info you need → https://t.co/CRYSs6hmJN
2021-11-02	Celebrate the beginning of #DíaDeLosMuertos today by participating in Doris Jocelyn's #DíaDeMuertosEnShorts Challenge ⤵️
2021-11-02	With Channel Memberships, merch, and ticketing, creators can build deeper connections with their fans and showcase new products/experiences right on their channels! Check out @rachana_ranade’s and @PrinceOhakam’s channels for inspo → https://t.co/HWGnxTk3Qs https://t.co/wkfKcVxrIE
2021-11-03	Can you believe it's already November?! 😱 This year flew by...but it's not over yet! ✨ What moments are you planning to make content around this month? https://t.co/6pLU3tOv12
2021-11-03	Looking for 3️⃣ *super* ways to monetize your channel? We got you! Super Chat, Super Stickers for live-streams / premieres Super Thanks for VOD. They’re great ways to let your fans contribute &amp; connect w/ you in real time → https://t.co/sB4fGACvrz https://t.co/g1GCETZPUU
2021-11-03	We're so grateful to @AdeolaPatronne for taking the time to host today's creator takeover! Her positive vibes and words of wisdom are just what we needed today. 🌟💫🌟 Follow her joy and her journey → https://t.co/RzTOSzhDSo https://t.co/iLgDJtdxGQ
2021-11-04	How can a creator who doesn’t have a manager connect with brands? In the U.S., Canada, and the U.K., creators can connect with brands they align with via our BrandConnect Platform. Learn more here → https://t.co/oAs4YysJRy https://t.co/6Ha8EUoxWV
2021-11-04	That feeling when you hit your first 100 subscribers 🤗✨
2021-11-05	Are you currently working another job while maintaining your channel? Respond to this tweet with your best piece of advice for balancing your job and creating ⤵️ P.S. We see you and we're proud of you!
2021-11-05	Even if you’re not yet in YPP, you can still monetize your awesome #YouTubeShorts through the Shorts Fund - now the *10th* way to monetize on YouTube. → https://t.co/lJEjNQOxtc https://t.co/tHuzmeoSh6
2021-11-06	How long are the majority of your #YouTubeShorts?
2021-11-07	Tag a creator who gives you motivation for the week ahead ⬇
2021-11-08	With 2022 approaching, we think this time of year is the perfect time to evaluate your channel! 📈📉 Here a few key questions to get you started → https://t.co/5bFZW0VQFK
2021-11-09	"The most important thing to remember is that you are worthy and that you are deserving of good things. You are deserving of love, and success, and all of the good things you want." - @soundlyawake 🌟 Watch Nicola Foti's full episode of Amplify Voices → https://t.co/uiSDwfUoYy https://t.co/7V8sEpXd77
2021-11-09	When you start editing a video and the footage looks way better than you had expected &gt;&gt;&gt;&gt;
2021-11-09	Your watch time report shows you which videos your community enjoys watching and how much time they spend watching them. ⏰📹 Learn more about what your watch time report can teach you about your channel here → https://t.co/gKnrTAw7lh
2021-11-10	Earlier this year we launched an experiment making the dislike count private. Based on what we learned, the dislike button is staying, but the *count* is now private to creators (in Studio) to help prevent targeted dislike attacks. → https://t.co/z46zI8SfiW
2021-11-11	Are you curious about what the size of your *active* audience is? What about the number of times your thumbnails were shown, or how these thumbnail impressions turned into views and watch time? 📊 Learn more about your YouTube Analytics here → https://t.co/xgETojDNTN
2021-11-12	Need a quick refresher on protecting your online privacy and data? Press ▶️ on this 🆕 video, Pro Tips with Hailey Rhode Bieber → https://t.co/767u33od7V https://t.co/ztaNoDSlq7
2021-11-12	The #YouTubeShorts pages are great for finding inspo! Check out the: 🔈 Audio pages ▶️ Channel pages #️⃣ Hashtag pages → https://t.co/6PmoTv1Jmb
2021-11-12	We're sending love and light to our veterans and their families on this Veterans Day. ❤️
2021-11-13	Do you include the #Shorts hashtag in the titles of your Shorts?
2021-11-13	Happy #WorldKindnessDay! S/O to @MrMidasGames for this great example of how to spread kindness online. ⤵️ Let's follow his lead. Tag your favorite creator below and show them some love!
2021-11-14	Tag a creator who you watch to get editing inspo ⤵️
2021-11-15	Here are five general principles to keep in mind when building your brand on YouTube: 👋 Be present with your audience. 📆 Build patterns. 📌 Don't be afraid to stand out. 💕 Make what YOU love most. 🖌 Create unique assets. → https://t.co/CLcugVCsOR
2021-11-16	That feeling when you've been consistently posting, are ahead of your video schedule, and steadily building the community you've always wanted to build 😌
2021-11-16	We're officially in the 2nd half, of the 2nd to last month of 2021...🤯 WOW! What moments are you going to create content around for the rest of the month? https://t.co/Z9LtJU8R4f
2021-11-17	From teaching dance fitness classes in college, to cultivating a community of over 3 million subscribers, learn more about @TheFitMarshall's creator journey in this episode of #TheUpload! 💪🕺✨ https://t.co/gl2RWaeOOs https://t.co/cfTbLRCOVv
2021-11-17	Looking for more #YouTubeShorts tips and tricks?! Make sure to check out the community tab on our YouTube channel → https://t.co/LFvSdfnMTd
2021-11-17	When you begin building your brand vision, start by asking yourself these 3️⃣ questions: 🌎 What do you care about the most? 🏆 What do you want to achieve? 🤝 How can your brand help you have an impact? → https://t.co/3o5jsRehzX
2021-11-18	Earlier this month we asked you all to share your best advice for balancing a job and maintaining a YouTube channel, and you all delivered! Here's what @mocha_rex had to say ⤵️ https://t.co/pFcEVFEyk1
2021-11-20	What are you currently prioritizing on your channel?
2021-11-21	Respond to this tweet with your favorite motivational video to watch on YouTube ⤵️
2021-11-22	With the holiday season upon us, we wanted to remind you that rest does not have to be earned.✨ If you're looking for tips on how to unplug and balance work &amp; life during this season, check this out → https://t.co/EfkE1FyxS4
2021-11-23	Looking for a refresher on #YouTubeShorts best practices? We got you ⤵️ 🌟 Make the 1st few seconds count. 🔁 Think of ways you can encourage replayability. 📈 Incorporate a current trend. 🏆 Create content that educates, entertains, or leaves your viewers feeling good.
2021-11-23	Looking for some #MondayMotivation? We got you! Last week we launched The Conversation, a new @YouTube series that celebrates and shares the stories of women of color creators. Watch the full first episode with @tylalala ✨ → https://t.co/TYLcxjL0X0 https://t.co/mhCUUbqNvW
2021-11-23	Victoria Rose is creating a safe space on her channel. 🏳️‍⚧️ From Q&amp;A's to tips on how to handle certain topics, Victoria knows how to immediately make you feel less alone through her videos. → https://t.co/fj7jv6bJfy https://t.co/A79JfKBoRT
2021-11-24	A few tips for filming around the holidays: 🗣 Acknowledge before your holiday what you are and what you are not comfortable sharing. ✔️ Get permission from anyone who you might feature in a video. ❤️ Be good to yourself and take time off! → https://t.co/6SgyVolNT4
2021-11-24	We know that balancing a job and maintaining a YouTube channel is not a simple task! Here's what @DoctorFashi0n had to say about how to make it work ⤵️ https://t.co/kpSIBEZTnD
2021-11-24	When you're having a down day but then you get a notification that your favorite creator just uploaded a new video ❤️
2021-11-25	From dropping new dances, to documenting her day-to-day life, @GiaNinasJourney is using #YouTubeShorts to get closer to her online community! Press ▶️ on her takeover to learn about what led her to YouTube, and continue following GiaNina's journey here → https://t.co/yldlyMZm5q https://t.co/UyEhAIy1BD
2021-11-25	Today, and everyday, is a great day to uplift and support Native creators! Navajo Man &amp; Lakota Bae did a great job of putting together a list of 5 creators you can subscribe to today in this video → https://t.co/H53Qzzl1RB
2021-11-26	Learn how to claim your #YouTubeShorts Fund bonus by pressing ▶️ on the video below! For more info about the fund, check out→ https://t.co/Yalcc44sUF
2021-11-26	Looking for some brands to support during #BlackOwnedFriday? Check out @Hallease's #ConvosWithCEOs to learn about Black owned businesses that you can support today → https://t.co/UiaClw71vA https://t.co/19W2LqWCnT
2021-11-26	We love watching creators like @wildlydiera build their businesses! Diera's using her channel to document her journey as an entrepreneur, and to share her learnings along the way. Learn more about her business and how you can support her 💙 → https://t.co/0p9FiqnV9f https://t.co/sWmV9dyP8R
2021-11-27	That proud moment when you look back over all the content you've made so far this year ❤️
2021-11-28	Respond to this with a goal that you set for yourself this year, and how you accomplished it ⬇️ Let's celebrate our wins. Big or small!
2021-11-29	The #YouTubeShorts Fund is waiting for you to join it! Here’s how you do it: 🔄 Post at least 1 eligible Short ✅ Follow YouTube’s Community Guidelines 🚫 Avoid posting Shorts with watermarks from other platforms 🌍 Check your country's eligibility → https://t.co/PZdt9IXOck
2021-11-30	He's been on YouTube for 10 years, creating everything from vlogs to commentary content, and recently hit 1M subs after consistently uploading #YouTubeShorts! Today, @hassankhadair is here to tell you about his creator journey. 📹 Check out his channel → https://t.co/7tCjUFtoJo https://t.co/hY2CH0Q8H7
2021-11-30	We're seeing that #YouTubeShorts viewers really love science educational content 📓 From cool candle tricks to DIY salt fishing experiments, learn more about why this type of content is working here → https://t.co/XADj1l5XTG
2021-11-30	✨BE YOURSELF✨ If you take anything away from @missmariammusa's takeover today, she hopes that's the message you remember! Live your truth and if you're interested in learning more about what that means to Mariam, subscribe to here channel → https://t.co/lcK8iE3oyy https://t.co/xxwpBrNOXV
2021-12-01	Happy 1st day of December! What does your content look like for the final month of 2021? 🗓 https://t.co/DCKGj419R0
2021-12-01	YouTube offers a suite of tools that can help your channel be more accessible. Some of these include: 🔘 Closed captions. 🔘 Subtitles. 🔘 Translated titles and descriptions. Learn more about how you can make the most of these tools → https://t.co/beGsM4IVZH
2021-12-02	Even if you’ve never thought about building an international audience, you likely have viewers who speak a different language or live outside your home country. 🌍 Increasing accessibility on your channel could lead to growth in reach and engagement! → https://t.co/NdXaGhP7GJ
2021-12-02	That moment when you sit down to edit and you realize your fridge was running in the background the whole time 🙃
2021-12-03	Looking to upload #YouTubeShorts from your computer? 1️⃣ Sign in to YouTube Studio. 2️⃣ In the top-right corner, click CREATE and then Upload videos. 3️⃣ Select your Short. 4️⃣ (Recommended) Include #Shorts in the title or description.
2021-12-03	Today we're passing the mic to @JamesRath for International Day of Persons with Disabilities. ✨ James is a filmmaker, who uses his platform to bring broader awareness to accessibility. To continue learning from him &amp; supporting his work, subscribe → https://t.co/bgtyiv8PJE https://t.co/V4Vk79nNeN
2021-12-04	Are you happy with what you accomplished with your channel this year?
2021-12-05	Tag a creator who taught you how to look deeper into your YouTube analytics ⤵
2021-12-06	Sending all of our creators who celebrate Hanukkah lots of love today.
2021-12-07	In 2014, @DemiBagby suffered a back injury that left her injured for 3 months. It's been incredible learning about her journey and watching her use her platform and #YouTubeShorts to motivate her community! Support her by subscribing → https://t.co/HE5IMGcUct
2021-12-07	We love watching vlogmas content during this time of the year! Vlogging consistently is really great for: 🤝 Building a more loyal community. 🌎 Connecting with people like you around the world. 😌 Operating a more sustainable channel. → https://t.co/TiMIiw5CuQ
2021-12-08	Recently found a new sound that you want to use in your #YouTubeShorts?! 🔊 This is how you add it → https://t.co/RLD1h727Iw
2021-12-08	That feeling you get when someone says that your latest upload brightened their day ❤️
2021-12-08	Unsure of what type of vlogs you want to make? Here are 6️⃣ content thought starters: ❤️ Personal topics 🗣 General topics 📖 Storytelling 💭 Fictional characters ♻ Supplemental video 📝 Responding to comments → https://t.co/Eo8LTCKMjB
2021-12-09	The #YouTubeShorts speed tool can be used to enhance your video in so many ways! Here are a few: ⚽ Slow down your trick shot 🏡 Speed up your "day in my life" vlog 👠 Spice up your OOTD vids How are you using the Shorts speed tool?
2021-12-09	We love watching creators collaborate with other artists, and in this 🆕 episode of #BearWitnessTakeAction that's exactly what @kustoo is doing! Watch him step into the shoes of @Tinashe to see what her life is really like in the full episode → https://t.co/uu43Eg9jCC https://t.co/SbaIdK5ecc
2021-12-10	Head over to @YouTube on IG to follow along @amberscloset33 and #YouTubeBlack while they go about The Grounds, an oasis for Black creators to slow down and enjoy the moment. Watch @amnija_ perform and more! → https://t.co/xv35504GSS https://t.co/RlfcxJmgK6
2021-12-10	Surprise! Here are some more motivational screensavers featuring words from your fellow creators! 💫 🔽 https://t.co/DTGjgLFgyM
2021-12-10	Vlogging can be a tricky format to figure out, so we put together a list of 1️⃣2️⃣ tips to get you started. 📹 Frame your shot 😌 Get comfortable 🔃 Edit for pacing Learn more! → https://t.co/NHdCw4QoIH
2021-12-11	How often do you dive into your YouTube analytics?
2021-12-11	Yesterday we recharged and reconnected at The Grounds with #YouTubeBlack🔋Creators enjoyed @amnija’s set, worked on an art piece with @Afro_child, and meditated with @GrimeyRC. Let us know if you spot any of your favorite creators! → https://t.co/xv35504GSS https://t.co/u8baEqkbBl
2021-12-12	Tag a creator who inspired you to start vlogging this year! 🌟📹
2021-12-13	That moment when you stop worrying about what people think of you and just start creating the videos that ✨ bring you joy ✨
2021-12-14	Check out this interview with 5 creators from Asia who are using their voices to raise awareness for people with disabilities &amp; promote inclusivity ✨🌍✨ Read their stories to find out how you can be better allies ⤵️ https://t.co/PFhnmKHsHu
2021-12-14	Scheduling your releases around industry events or global moments is a tactic to increase your channel's visibility. 🌍 Always prioritize creating what you love, but if you have the opportunity to take advantage of these events, go for it! → https://t.co/KcNY2fwclN
2021-12-14	Uploading regularly is a big part of how gaming channels operate on YouTube. 🎮🗓 Consistent releases + motivating viewers to subscribe may keep gaming channels on the top of their viewers’ minds and set audience expectations. → https://t.co/KcNY2fwclN
2021-12-14	We are so excited about today's takeover 🤗 We love the thoughtfulness &amp; care that @AhsanteB puts into her videos! If you're looking for the motivation to pursue your dreams and learn about personal development, now you know where to go✨ → https://t.co/emg8rlqiLW https://t.co/EWM0KdpZBp
2021-12-15	Figuring out which video format works for you (and what resonates with your audience) can take some time ⏰ Keep experimenting and don't be discouraged by the process. It's all about trial and error. → https://t.co/8sa6OhyC8B
2021-12-15	Hannah began creating back in 2013, and has grown up online alongside her YouTube channel. She now has over 400K subs and continues to push boundaries. ✨ Check out @Mussettee's story on overcoming social anxiety &amp; how she creates content with purpose → https://t.co/MJ9ZEYZTBc https://t.co/9bEJmaHgwp
2021-12-15	Jo Beckwith, the creator behind the channel @footlessjo, is using #YouTubeShorts to educate her viewers on things that they might not know about being an amputee. We've learned so much already, and we think you will, too!→ https://t.co/u9aFcviztS
2021-12-16	That moment when you realize creating is not about what equipment you have, but instead about doing the best you can with the resources you have ❤️
2021-12-16	Your audio can make or break your #YouTubeShorts. So keep these tips in mind: 🎶 Find it in-feed. This can be a moment to jump on a trend! 🔊 Check the volume. Make sure the music doesn't overpower your voice. 🖼 Set the scene. Think about how you want your audience to feel.
2021-12-17	2021 is coming to a close 👋 What are some of the last moments of this year you will be highlighting on your channel? https://t.co/6NWs9jDwU0
2021-12-17	Filming #YouTubeShorts in 4️⃣ steps: 1️⃣ Sign in to the YouTube app. 2️⃣ Tap Create and then Create a Short. 3️⃣ Select the length of your Short about the record button. 4️⃣ Hit 🔴 and have fun!
2021-12-18	"That just goes to show you can make YouTube Minecraft videos with any type of gear!" - @Preston A great reminder after a great accomplishment! Cheers to 1 trillion @Minecraft views! 👏🏾👏🏻👏🏽 → https://t.co/09EXI4AzAG
2021-12-18	What do you use to film a majority of your #YouTubeShorts?
2021-12-19	Whose merch have you recently purchased? Tag them below!
2021-12-20	After @onevilage started consistently uploading #YouTubeShorts, he grew his channel from 20K to 2M subs in 8 months!!! WOW 🤯 Congratulations, David! Learn more about his creator journey in this @tubefilter piece → https://t.co/ZNWvkB9Zig
2021-12-20	Last week @kevonstage connected with @SusanWojcicki to share his thoughts about being in the 1st #YouTubeBlack Voices Fund class, diversity on YouTube, and ways we can improve. → https://t.co/UcO6BJXrNc
2021-12-20	Need a refresh on tips for maintaining a healthy work-life balance during the holidays? We got you covered! From creating your own production schedule to keeping everything organized in a physical planner, press ▶️ for more tips → https://t.co/nfcnrBylHj
2021-12-21	Ian Boggs' creator journey is nothing short of amazing. From moving all over the 🌎, to amassing a YouTube community of now over 3M people! Nothing makes us happier than watching creators live out their dreams🌟 Catch up on all of his #YouTubeShorts → https://t.co/oNziRTFQOo https://t.co/6u3PpojhwT
2021-12-21	The #YouTubeShorts align tool allows you to line up your next shot, with your previous shot, for the ✨perfect✨ transition! Here's how you use it → https://t.co/DucQ8HRNxE
2021-12-21	What did 2021 look like to the #YouTubeBlack Voices Fund creators? Check out their recaps below and let us know what 2021 looked like for you! → https://t.co/RXYwIJinrP Toast with Naledi @Tomike_A @amberscloset33 @uatafukeoficial @mumo_mumo_ @KingJaeLDN
2021-12-22	Taking time to unplug from social media and to walk away from your screen is incredibly important. Here's how a few creators set up their 📵 time, and how you can, too! → https://t.co/nfcnrBylHj
2021-12-22	That feeling when you reflect on all the hard work you put into your channel this year, and can't help but smile. 😊 You all have so much to be proud of!
2021-12-22	We're grateful for all of these moments and memories made with the #YouTubeBlack community this year! ❤✨ We can't wait to connect with new creators and make new memories in 2022! https://t.co/56lopvh6md
2021-12-23	Are you planning to create during the holidays?
2021-12-23	Reminder: You can schedule your #YouTubeShorts in the YouTube Studio! 🗓✨ → https://t.co/uOvyeywNWY
2021-12-24	To all the creators who made it through vlogmas, we see you 👀 Tag your favorite vlogmas creator below!
2021-12-24	We know that when you're your own boss it can be difficult to take time off, but you deserve it! Just like anybody else. 🙏 Here's how other creators are setting boundaries and prioritizing rest → https://t.co/nfcnrBylHj
2021-12-25	Merry Christmas to all of our creators who celebrate. 🎄 We're sending you lots of ❤️ today, and we hope your day is filled with joy and laughter!
2021-12-26	Today marks the first day of Kwanzaa. This day is all about Umoja, which means "unity" in Swahili. ✨ We're sending love and light to all creators who celebrate.
2021-12-27	If you're new here and thinking about starting a channel next year, we have the perfect video to get you started! 🌟 → https://t.co/BRQbVxlbuc
2021-12-27	That feeling when the ☕ kicks in and your checklist starts to go from 🔲🔲🔲 to ✔✔✔. #NoInterruptionsDay
2021-12-28	A few things we're grateful for this year: 📳 Friends who randomly call just to check-in 📒 Journaling 🐱 Kitten #Shorts 💛 All of you
2021-12-28	Here's how the #YouTubeShorts Fund timeline works: 🆕 Receive a bonus notification. 📋 Get set up. 💸 Get paid. For more info → https://t.co/TkwpbfBEp4
2021-12-29	Respond to this tweet with the greatest lesson you learned in 2021 ⤵
2021-12-29	✨New year, new branding!✨ From your homepage layout to your channel trailer, here are all the ways you can take your branding to the next level in 2022 → https://t.co/PvF4mY3VY1
2021-12-30	How we plan to spend the rest of 2021: 📒 Reflecting 💤 Resting 💛 Re-watching our favorite videos How are you planning to spend it?
2021-12-30	Viewers may find your #YouTubeShorts by tapping 'Shorts' at the bottom of the YouTube app, OR: 💻 On the YouTube homepage. 🔔 In their notifications. 📑 Their Subscriptions. 🌟 Featured on your channel page. ▶️ Once they tap into a Short, viewers can scroll to watch more!
2021-12-31	One year ago we asked if you had any goals for your channel in 2021 📆 Did you meet your goals? Are you still working towards them? What's the vibe?!
2021-12-31	Thank you to all of the creators who took the time to share their journey, and words of encouragement with us. 💙 We're grateful for each and every one of you, and we plan to carry all of your words of wisdom into the new year with us! Cheers to 2022 🎉 https://t.co/z5JorRputg
2022-01-01	Happy New Year! 🎉 What's the first month of 2022 looking like for you? https://t.co/PHKSST3T9K
2022-01-01	What's your 2022 mantra? ✨ Let us know ⤵
2022-01-02	Are you planning to create more #YouTubeShorts this year?
2022-01-03	Respond to this tweet with 3 emojis that describe 3 goals you have for yourself this week ⤵️
2022-01-03	🚨 Comment filters are now available in your mobile YouTube Studio app! 🚨 All thanks to your feedback! Find out how you can see these new filters here → https://t.co/gKiRGYPPCy
2022-01-04	If you're someone who prefers to edit your #YouTubeShorts on your computer, know that you can upload your Shorts on desktop as well! → https://t.co/uOvyeywNWY
2022-01-05	Are you familiar with YouTube BrandConnect? It's our service that can help you get 💰paid💰 to include content by advertisers in your videos → https://t.co/9QDszsxxQn
2022-01-05	That moment when you sit down to write out one video script but then you end up with 5 more 🤯🙌
2022-01-06	Start the new year off by joining the #YouTubeShorts Fund! 💰 Here's how you can make it happen → https://t.co/XuyulOVumc
2022-01-06	We love how @daviefogarty is using #YouTubeShorts to teach and empower his community to invest in themselves! 👏👏👏 https://t.co/pRYSNuEUfG
2022-01-07	The YouTube Studio mobile app can help any creator gain a better understanding of their channel's performance! 📈📉📊 From engagement to audience demographics, there's so much you can learn → https://t.co/A9D9qWFts0
2022-01-07	This weekend you should: 💛 Be gentle with yourself. 💤 Rest when you can. You deserve it! 🗣 Share something you're proud of. ⤵️
2022-01-08	What would you like to learn more about this year?
2022-01-09	Respond to this tweet with one word that describes how your first week of 2022 went ⤵️
2022-01-10	Start off your year by creating #YouTubeShorts with 5 simple steps: ➕ Tap the "Create" button within the YouTube App, then hit "Create a Short" 🎵 Select your music 🔴 Record your Short 🔠 Add text/filters, if you want! ▶ Upload + share!
2022-01-10	Today is #CleanOffYourDeskDay and we’re curious about what our creators’ desks look like around the world! 🖥🖲⌨️🎥🌍 1️⃣ Show us a photo of what your editing area looks like and 2️⃣ let us know where you’re tweeting from!
2022-01-11	This is your sign to tidy and organize your workspace 🖥✨ Here's a great video by @TomFrankly that you can watch while you do it → https://t.co/XpvyrYOiP2 https://t.co/uW5tLfTJYY
2022-01-12	Explore the ways you can make your #YouTubeShorts better by watching our playlist on everything from transitions to creating catchy intros! 🌟🤳🌟 → https://t.co/b26YftUuzB
2022-01-12	Looking to spice up your workspace? ✨ Look no further, Blondesigns is taking over today to give you tips on all things DIY, decor, beautification, and organization! Subscribe to her channel for more → https://t.co/lKIJ8dE9yl https://t.co/KqrGYYPeTm
2022-01-13	She went from just making a scrunchie as a Christmas gift, to now running a studio with her family! 😍 Check out @graphictina's, founder of @xxl_scrunchie, beautiful workspace here → https://t.co/KSExeS7ada https://t.co/Q7QpKGPdeO
2022-01-13	We're halfway through January 🗓 What days are you planning to make content around in the 2nd half of the month? https://t.co/NDtQuNsEIq
2022-01-13	When it comes to making the most out of your space, @mattdavella is a PRO! 👑 Here are some ways you can incorporate minimalism into your workspace. → https://t.co/LuoqQ5qT7H https://t.co/gRi0ldi79I
2022-01-13	💸New year, new revenue stream!💸 Learn how you can join the #YouTubeShorts Fund in 2022 → https://t.co/4WERU9P2LD
2022-01-14	That moment when you finally get to design your dream workspace 🤩 We're so stoked for you, @studiomeggy! → https://t.co/abKuTxJjwu https://t.co/oUnZEssICX
2022-01-14	Watching creators transform their rooms into multifunctional studio spaces brings us so much joy! 🖼 @findingkubi's video is a perfect example → https://t.co/wfJkVd0ZuN https://t.co/eHo4JwfytA
2022-01-14	We loved seeing all of your desks and work-spaces from around the world! If you’re still looking for workspace inspo, here are a few that might inspire you! ⤵
2022-01-15	What do you say to intro your videos? Do you always say the same thing?
2022-01-16	Who's channel do you turn to when you are looking to relax and unwind?
2022-01-17	How to create YouTube Stories: ✅ Sign in to YouTube on mobile. ➕ Tap the create icon, then Add to your story. 🤳 Tap the capture button. 🖌 Add effects like filters, stickers, and text. You can also trim your story or save it. ⭐️ Tap Post → https://t.co/rXKma7svSX
2022-01-18	Did you know you can make up to $10K per month with a #YouTubeShorts Fund bonus? It's true! 💸 → https://t.co/knZ9jlGFaz
2022-01-18	When you're only halfway through January and already thinking about a channel re-brand 🤔
2022-01-19	Looking for inspo to start posting #YouTubeShorts? Subscribe to @AlexStemplewski! A single #Short helped him grow his channel by 167,000 subs, and it's only 📈 from here. Watch him use his talents to make his community smile → https://t.co/ULP6OUjZs2
2022-01-19	What are your tips for achieving your 2022 channel goals? 🗓 Tracking your progress. 😴 Taking breaks when you need them. 📊 Regularly updating/tweaking your strategy. ⬇️ Leave your tips below!
2022-01-19	👀 Want to personalise your channel profile? 👀 @kalinskanatalia's got you → https://t.co/7mNlYgEJMQ https://t.co/PiANZ7OBIt
2022-01-20	Tag a creator who you turn to learn more about mindfulness ⤵
2022-01-20	YouTube Live is a great community strengthening tool because it gives you the opportunity to engage with your community in real time. Here are just a few ways you can use it: 🎥 Stream events 📚 Teach classes 🎮 Gaming And more! → https://t.co/bcvWVxbfAa
2022-01-21	From polls to photos, to special announcements, publishing posts on your community tab is another way to strengthen your connection with your community 💛 Learn more! → https://t.co/6D2cLiXq9Q
2022-01-21	So proud to see two #YouTubeBlack Voices creators getting the recognition they deserve ⭐️ Huge congratulations to @KevOnStage and @terrellgrice ❤️
2022-01-21	That moment when you get vulnerable on your channel and your community can relate to what you're going through 🥺
2022-01-22	Did you know that for @howieazy's entire creator career he has filmed, edited &amp; published every video he's ever made from his phone? 👏👏👏 So impressive! Learn more about his creator journey by pressing ▶ on his takeover, and help him get to 2M subs → https://t.co/rSa7pIcdrn https://t.co/myCq5EP27O
2022-01-22	How is your 2022 content planning going so far? ✨ Feeling very inspired and excited! 📆 Planning some great videos. 👀 Still trying to find motivation.
2022-01-23	Tag a creator you look to when you need editing motivation ⬇️
2022-01-24	Happy 💘 #NationalComplimentDay! 💘 ⬇ Drop a compliment for a fellow creator below ⬇
2022-01-25	"Shorts are more convenient with my schedule at the moment, and they have played a big role in my growth on YouTube." - Ryan Woodmansee, aka Dr. Ryan on YouTube ✨ Learn more about how this dermatologist's subs skyrocketed using #YouTubeShorts 🚀→ https://t.co/tc8hdCT6zU
2022-01-25	.@SusanWojcicki just shared her 2022 letter to the community- here are some highlights: 💡 Insights about the creator economy 📈 Investing in creator success via Shorts, Gaming, &amp; Shopping 💓 Supporting creators w/ policies and product features → https://t.co/E6s6dYFyP7
2022-01-25	The #YouTubeShorts creation tools let you create Shorts by sampling music from official music videos or original audio from videos across YouTube! Here's how → https://t.co/79Nim4HrhS
2022-01-26	🚨 Channels do NOT need to be currently monetizing on YouTube to be eligible for the #YouTubeShorts Fund 🚨 In fact, over 40% of creators who earned 💰 from the fund in 2021 weren't in YPP! Here's the eligibility requirements → https://t.co/E2SYt2w0wb
2022-01-27	Congratulations to everyone in the 2022 #YouTubeBlack Voices Fund Class! 🏆 Take a moment to explore and celebrate the incredible work that these creators do!
2022-01-27	How to nail your next #YouTubeShorts transition: 1️⃣ Record a segment. 2️⃣ Change up the background/makeup. 3️⃣ Press Align 👻 on the right side to see where you left off. 4️⃣ Record another segment starting in the same position. → https://t.co/BFM1BLn97C
2022-01-27	That feeling when the years of hard work are finally starting to pay off 👏😌
2022-01-28	Here's how you can upload your #YouTubeShorts from a 🖥 or 💻: 🔹 Sign in to YouTube Studio. 🔹 Click CREATE and then Upload videos. 🔹 Select your #Short file. 🔹 Feel free to include #Shorts in the title or description. 🔹 Publish or schedule for later!
2022-01-28	When you sit down to edit and the audio is all ✈ 🚁 🚑 🚌 🚗 🛺
2022-01-29	What type of content are you planning to make in 2022?
2022-01-30	.@Dr_Hunnay's serving up some serious Sunday motivation!! Press ▶ on her takeover to learn why she started making videos, what content creation means to her, and why she loves #YouTubeShorts. And don't forget to show her channel some ❤! → https://t.co/DzIDeufpDB https://t.co/UsxpAM5cgm
2022-01-30	Respond to this tweet with a link to a video that silences your Sunday Scaries 🙏
2022-01-31	Creating more inclusive content can help your viewers feel more seen, and your videos can be a tool to help counter stereotypes &amp; reduce biases. Ready to explore how you can do this? This week we'll be sharing questions that you can ask yourself to get started. First question ⬇ https://t.co/rdL3rsAUsu
2022-01-31	Take a moment today to appreciate how far you've come with your channel. Your younger self would be so proud of you. 🥲
2022-02-01	Today is #NationalGetUpDay! 💪🦾 Tag a creator who has an inspiring story of perseverance.
2022-02-01	When you're trying to create more inclusive videos it's important to consider the topics you're covering, and perspectives you're including! Here's another question you can ask yourself ⬇ https://t.co/XVtaYqJYyA
2022-02-02	Hello, February 👋 How will you be celebrating the first half of the month on your channel? https://t.co/fEUWe7MTHP
2022-02-02	When attempting to create more inclusive content, it's important to consider ALL of the elements in your video. From talent, to voice-over, to animations! Now, ask yourself this ⬇ https://t.co/ppgM5q6Yov
2022-02-03	.@petermckinnon doubted his aesthetic craft could fit in &lt;60s, but in 2021 he tested making 1/3 of his content Shorts. The results? Shorts = 69% of his views 😮 Watch the full vid for an insightful take on the value of Shorts, and prepare to be inspired→ https://t.co/NRuVlWYrvY
2022-02-03	Creating an inclusive &amp; diverse channel also means engaging with creators who have diverse perspectives! Think about this question ⬇ https://t.co/ls7IUJnMRt
2022-02-04	Before we head into the weekend, here's one more question to ask yourself as you begin creating more inclusive videos ⬇ https://t.co/Ge5tHLvaHO
2022-02-04	That feeling when your community is loving your new content ☺️
2022-02-05	I would consider myself a... Long term Last minute planner crammer ⬇️ ⬇️
2022-02-06	That face when you're ahead of your content schedule 😌
2022-02-07	Tag a creator who has been making some iconic #BlackHistoryMonth content 🌟
2022-02-07	Tips for encouraging more of the conversation YOU want to see in your comment section: ❤ Respond to positive comments with the heart icon 📌 Pin your own comment or a viewer's comment that stood out 🗣 When you feel comfortable, respond to comments that made you feel good
2022-02-08	If someone has written something inappropriate and/or hurtful in your comments, you can: 🗑 Remove the comment and replies ✖ Hide the user from your channel 🚩 Flag the comment to YouTube
2022-02-09	.@MattKoval, thank you for being an amazing champion for the creator community as @YouTubeLiaison!! We’re all excited to see what you’ll create next 🌟
2022-02-09	Here's an innovative #YouTubeShorts pizza recipe for you to try out on 🍕 #NationalPizzaDay 🍕 Courtesy of @5m_crafts → https://t.co/uQMpdCWQDx
2022-02-09	In efforts to keep your channel a safe space, here are a few ways you can moderate your comments: ⚙ Set upload defaults 🤚 Hold potentially inappropriate comments for review 🚫 Create a blocked words list 👥 Add comment moderators
2022-02-09	The 2022 #YouTubeBlack Voices Fund Class made an entrance for the ages 🔥 Get to know these creators, who will be making waves this year 😍 ⬇️ https://t.co/29dIRQlz37 https://t.co/18qIxV1yLE
2022-02-10	.@JaleesaJaikaran wants you to embrace who you are and to create content that you feel in alignment with! 🌟 You can watch her lead by example in her incredible YouTube videos &amp; #YouTubeShorts → https://t.co/yQVo1NdOyF https://t.co/XFmWpvCYp7
2022-02-10	Check out @nealmohan’s announcements for exciting (and highly requested) 2022 product updates: 🤝Live stream collabs 💰Testing new Shorts monetization, from BrandConnect to Shopping 🌐Tools for deeper community engagement Read more → https://t.co/19sqVuRtWn
2022-02-10	Tips for building community in the comment section from @ColinandSamir: - Use screenshots from the comment section within your videos. - Create situations &amp; give your audience prompts to talk to each other. - Be an active member in other communities. → https://t.co/kqjbFogku2
2022-02-11	Explore the outdoors through the eyes of #YouTubeBlack Voices Fund member Adventure Time Loui 🌲 → https://t.co/kovvC1Flgh https://t.co/mzjz70OzFM
2022-02-11	How do you most like to learn and develop your craft as a creator?
2022-02-11	That feeling when someone tells you that your channel inspired them to start a channel 🥲
2022-02-11	We're almost halfway through February ⭐️ Let us know if you will be creating content for any of these holidays ⬇️ https://t.co/3OlHldc4CK
2022-02-12	Choose your Saturday starter pack: 🥬 Grocery shopping, cleaning, admin. 👨‍💻 Writing, filming, editing. 🛌 Resting, recharging, relaxing.
2022-02-12	Jamie from Aquarium Info found success in taking clips from long-form videos and turning them into short-form content 👏 "You’d be surprised at how engaging a 40-second edit from a three-minute video can be." Read about her #YouTubeShorts journey → https://t.co/ZeCDQQX7Xh
2022-02-13	2022 mantra: it's never too late ⭐ @reannetamia inspires new beginnings → https://t.co/vJ6YLLp4JG https://t.co/hwmru2lkUc
2022-02-13	Learn how @AhsanteB is using her experience and skills to build her life as a full-time creative 🌟→ https://t.co/aoLXc5Hfdh https://t.co/tVez1u05In
2022-02-14	Your muse for creating Shorts? Your community! Open the YouTube app, record a message celebrating your fans, and boom – you made #LoveNotes with Shorts. Get started: https://t.co/mOKzmbHG8w https://t.co/wi8clheh9J
2022-02-15	That moment when you realize you left your camera's battery on the charger 🥲
2022-02-15	This week we'll be sharing some resources that explain how we uphold our commitment to keeping you safe online🔒 Let's start by learning how YouTube helps you control your privacy, and more! → https://t.co/le7AMbXC4M https://t.co/7POWtAMrJy
2022-02-16	I prefer creating videos with the following format... Multiple Chatty/ segments sit down ⬇️ ⬇️
2022-02-16	We're back with more information about protecting your privacy on YouTube ⭐️ Today, learn how YouTube determines if content should be removed for a privacy violation → https://t.co/93Eh9oCdob https://t.co/5LUcvH1Yy4
2022-02-17	The #YouTubeShorts speed tool is great for: ⛳️ Slowing down a trick shot 📱 Making the most out of a 15-second vlog 🎤 Perfecting your lip-syncing videos
2022-02-18	Waiting for feedback on a vulnerable video like... 👁👄👁
2022-02-18	We hope that the data privacy information we've shared this week has been helpful to you. 🔒 Here are a few more tips on how to protect your privacy on YouTube → https://t.co/Jd3Q9exLti https://t.co/WCnnPJT1Xr
2022-02-19	Do you batch film your videos?
2022-02-20	We're grateful for @drkojosarfo's #YouTubeShorts! He's empowering his community with tools to take better care of themselves! 🙏✨ Press ▶ to learn about his journey from working in a forensic psychiatry unit to creating content &amp; support his channel → https://t.co/L1TDIHHtkx https://t.co/RhEYC93SNI
2022-02-21	How do you feel about vlogging in front of people?
2022-02-21	YouTube has a wide range of programs dedicated to empowering and uplifting creators ⭐️ The YouTube Contributors program is a community of passionate people who enjoy sharing their knowledge with others. This program is powered by @TeamYouTube → https://t.co/fl3SuODi9K 🎥
2022-02-22	Help us build a better YouTube for you and your community by signing up for user research studies and sharing your thoughts❤️ → https://t.co/8VdjjMJj4y
2022-02-22	Today is 2/22/2022 and we are seeing double 👀 Drop your favorite YouTube duos below! ⬇️
2022-02-23	I am more likely to misplace one of the following... Camera SD battery card ⬇️ ⬇️
2022-02-23	In @SusanWojcicki’s ✨ 5 Questions for @theorderlymoney ✨ you’ll have the opportunity to learn about how she started her financial journey, and what she hopes to take away from being a part of the #YouTubeBlack Voices Class of 2022! Read more → https://t.co/SIP3a1LYqD
2022-02-23	Want to use your platform to support and spread awareness about a specific cause? If so, consider YouTube Giving 🤗 YouTube Giving allows creators to support the charitable causes they care about. Learn about eligibility requirements → https://t.co/GuDzv4F9Rd
2022-02-24	Ваша безпека та безпека вашого облікового запису – наш головний пріоритет. За допомогою цих чотирьох простих кроків ви можете захистити себе та свій канал, завантажуючи контент на Youtube.
2022-03-02	It's the first day of March 🤗 Will you be creating content around any of these days? ⬇️ https://t.co/gndGaJwf5Q
2022-03-02	Looking to Level Up with #YouTubeShorts? Creators @HassanKhadair and Hannah Warling will be discussing just that on this live panel all about Shorts creation, hosted by Tiffany Matloob ✨ Tune in today at 1:45pm EST → https://t.co/jxCELXVO6m
2022-03-08	Happy #InternationalWomensDay! 👑✨ We're passing the 🎤 to @HelloMelissaM. Learn how she turned an "F" in school into a career as a chemistry-focused content creator, as well as 3 tips for women who want to start creating! Show her channel some ❤️ → https://t.co/LdEEwPNLsv https://t.co/8bt0MQmGcM
2022-03-08	Here's to all the incredible women who make YouTube, YouTube. Tag a creator who inspires you 👑
2022-03-09	"I think it's just probably my personality more than anything else, to encourage folks. You can do this, you can do this!" - Leah Bolden, aka SeeJaneDrill 🛠🧰 Hear why she took her own advice and started a channel in her ep. of 'My Job Is YouTube' → https://t.co/vjRCIScQSg
2022-03-09	"The purpose isn’t just to start the conversation but to make people acknowledge that this exists. To inspire them and to remind them that they aren’t alone." - @kanwalful ❤️ Learn more about why Kanwal creates in @SusanWojcicki's latest blog → https://t.co/rKNeIo7Kpb
2022-03-10	This episode of 'Amplify Voices' featuring @TiffanyRothe will have you picking up your 📸 to start your channel TODAY! → https://t.co/yYHX9WtRGW
2022-03-11	"Even if 1 person finds your video, and they learn something and it changes their life, then you did your job." - Tai, of @HisandHerMoney A reminder to lead with purpose and the community will come → https://t.co/zyQc27RDJy
2022-03-11	.@ambermelsmith has taken the knowledge she gained from her journey of starting a non-profit &amp; created a channel full of resources for aspiring changemakers! 🌟 If you're looking for a channel to support &amp; subscribe to, Amber's should be on your list → https://t.co/HvsN4psD53 https://t.co/VCORBkqraN
2022-03-11	This year I would like to improve the quality of my... Lighting Sound ⬇️ ⬇️
2022-03-12	.@mimigstyle's story is one of strength and resilience. Her episode of 'My Job is YouTube' will have you throwing every excuse out the door. → https://t.co/OXeU9PBGHP
2022-03-12	How are you feeling at this point in 2022?
2022-03-13	That overwhelming feeling of gratitude you get when an OG subscriber leaves a comment on a video. 🤗
2022-03-15	Looking to create a YouTube channel? ✅ Pick a name that represents what you want to be known for. ✅ Your channel banner is a great place for your upload schedule. ✅ A channel trailer can help viewers understand what to expect. → https://t.co/KKt6L2XhTO
2022-03-15	We love watching creators come together and collab! ✨ For #WomensHistoryMonth @CoynieReads and Brittany (aka LiterarilySmitten on YouTube) are hosting a readathon 📚 Learn more about their 'Her-storyathon' and how you can participate → https://t.co/QsaqyLBvJM
2022-03-16	If you're new to YouTube, learn about the Community Guidelines created to ensure that the community stays protected. 🛡 → https://t.co/dStvVU2Hfi
2022-03-17	3 reasons why accurate thumbnails, titles &amp; descriptions are important: 1⃣ They make your videos easier to find. 2⃣ Your videos are more enticing for viewers. 3⃣ All of these things can help YouTube's systems recommend your videos. More here → https://t.co/PznsJ8DCyf
2022-03-17	This year I would like to learn more about... Filming Editing ⬇️ ⬇️
2022-03-18	Since posting her first Short, @temi_danso's earned 60+ million views &amp; recently hit 300K subs! She transformed her passion for art &amp; her ability to teach others about it into beautiful #YouTubeShorts 🎨 that we think everyone should see → https://t.co/aJnZsMiifg
2022-03-18	Tools to use in your videos and/or on your channel to keep your viewers watching: 🔸 Cards 🔸 End screens 🔸 Playlists 🔸 Channel sections Head to this video for a deeper dive into how each of these tools work → https://t.co/mDWUmGqXB4
2022-03-19	Gohar Khan is a great example of what can happen when you set a goal to empower people through education &amp; you stay focused on that goal!✨ He gained 500K+ subs in half a year by helping his audience and creating #YouTubeShorts to meet their needs → https://t.co/FFuzPeLnPX
2022-03-20	Happy #WorldStorytellingDay! Who's your favorite storyteller on YouTube? 📖💫 Tag them below to show them some love!
2022-03-20	Spring has nearly sprung! 💐☀️ What does your content look like for the rest of the month? https://t.co/UeKI2VvE3P
2022-03-21	Before the end of #WomensHistoryMonth, we want to share some helpful tips from women on YouTube! Starting with this tip from @Joannahausmann about getting specific ✨ https://t.co/KdjQvunLIL
2022-03-21	When you're suddenly out of your creative funk at 3:02am ⚡⚡😳⚡⚡
2022-03-22	This #WomensHistoryMonth, and every month, we want you to remember that you have the right to set your digital boundaries. 💫 Give energy to the people who are celebrating your work and helping you grow with their comments! Tip courtesy of @MollyBOfficial ✨ https://t.co/bpuZQprreX
2022-03-22	What can you create that makes people more curious, invested &amp; better off? That's the q Kaiti Yoo asked herself when expanding to #YouTubeShorts🙌 By answering that, she was able to grow an engaged community &amp; TRIPLE her sub count in about 5 months! 🤩 → https://t.co/ErwvEjj5Nv https://t.co/XyUyVj3XBX
2022-03-23	How do you push through a midday slump? 🎧 Putting on a good playlist 🌞 Getting some fresh air 💃 Dance break ⬇ Let us know!
2022-03-23	We hope that this #WomensHistoryMonth you take the time to share YOUR story! The triumphs, the stumbles, the ups, and the downs -- it's all part of who you are. ✨ Thank you for this reminder, @shalom_blac! https://t.co/SulRDwE55E
2022-03-24	Congratulations on reaching your 10K subscriber milestone, @maya_loves_code! 👏🏿👏🏼👏🏽 If you want to work in the tech space, and you're looking for inspiration &amp; tips from another woman in tech, we highly recommend subscribing to Maya's channel today! → https://t.co/mE0CeLsI3b https://t.co/PW1dxg3hog
2022-03-24	Don't hold yourself back any longer. Let your voice be heard during #WomensHistoryMonth and every month! We appreciate your words, @MollyBOfficial ✨ https://t.co/fM6ILHT7LG
2022-03-25	.@thephysicsgirl wants you to remember the most important rule of all: BE YOURSELF! ✨ #WomensHistoryMonth https://t.co/5wokqYY8vY
2022-03-25	Looking to add some inspirational content into your feed? Well, here are 5⃣ women who you should definitely subscribe to then! 💫 → https://t.co/ZqKX5KAAw6
2022-03-25	That feeling when you find the perfect place to edit from 😍
2022-03-26	Do you batch film your videos?
2022-03-27	Tag your favorite creator to listen to while you make Sunday breakfast 🍳⤵🥞
2022-03-28	Sharing a special event to close out International Women's Month 💜 this Wednesday (3/30) @Malala is speaking live about breaking boundaries and supporting womxn creators off and on our platform. Register now to join a powerful community conversation → https://t.co/7Dtmufk7R4 https://t.co/lU691ip9ee
2022-03-29	This is your reminder that Comment Search Filters are available on Studio Mobile! All you have to do is go to the Comments tab in the app 📱 Learn more → https://t.co/p01fPYktQy
2022-03-29	When it comes to #YouTubeShorts, I... Create them Want to regularly learn more ⬇️ ⬇️
2022-03-30	She's a creator, world-traveler, writer, host and so much more! 🌎✈✨ S/O to @jofranco for turning her love for languages, and the people who speak them, into a visual diary that we can all watch and learn from → https://t.co/5WoOpgFKnu https://t.co/AyJ0BFZ45s
2022-03-30	You can filter your comments in Studio Mobile by: ☑ Comment type ☑ Response status ☑ Channel member status And more! → https://t.co/nkmjpUdUHd
2022-03-31	Tips for keeping your live chat safe &amp; positive for your viewers: ☑ Assign moderators ☑ Create a blocked words list ☑ Hold potentially inappropriate chats for review For more tips → https://t.co/16JzdTy0it
2022-03-31	Today is #TransDayofVisibility &amp; we want to shine a light on ✨@MathildaHgberg✨ She is using her channel to share her journey, her experiences, and help people in the community feel more seen. We 💙 the work she is doing, and we think you will, too. → https://t.co/fBF1QVxnE6 https://t.co/IJCfaw3QLX
2022-04-01	Happy 1st day of April! Here are some days you can plan your Spring content around 🌼💐🌻 https://t.co/Wvwuj1RCes
2022-04-01	In honor of #AprilFoolsDay, we want to know what your favorite prank channel is! Tag the creators down below ⤵
2022-04-02	Have you incorporated #YouTubeShorts into your current content strategy?
2022-04-03	When you get into your editing flow and completely lose track of time 🌀⏰⏳
2022-04-04	Tag a creator whose videos are the ultimate #MondayMotivation! ✨
2022-04-04	Worried about asking your fans to show their support for 🆕 monetization methods? Well, we're hoping to alleviate some of that stress! YouTube is running ads about certain monetization features, to inform viewers about the perks. Stay tuned this week for more info.
2022-04-05	Channel Memberships are a great option for creators who want to monetize exclusive members-only content. 🔑 From exclusive badges &amp; emojis, to members-only videos, learn more about what you can offer via Channel Memberships → https://t.co/J9TegLdptp https://t.co/pdacCmqS4h
2022-04-05	How long were you creating on YouTube before it became your full-time job?
2022-04-06	Nas Daily's channel is our daily reminder to 🌟DREAM BIG🌟 Don't limit yourself to your surroundings! He focused on finding the most compelling stories, all around the 🌎, and transformed them into the most captivating #YouTubeShorts → https://t.co/C56TYO3ueN
2022-04-06	Super Chat gives you the opportunity to earn 💰 on YouTube in a way that's fun for you &amp; your fans! It's a monetization tool that allows fans to 💫shine💫 in the Live Chat &amp; get pinned to the top for a set time. → https://t.co/4VTdNfH6JC https://t.co/doJ4TU43lK
2022-04-07	In addition to Super Chat, Super Stickers are another way your fans can pay to show support in one of your live chats. Learn more about who can use these in this video → https://t.co/r14sFPghrQ https://t.co/sUhP28xIhv
2022-04-07	Tag a creator down below who inspired you to take better care of your health 💛⤵ Let's show them some love on #WorldHealthDay!
2022-04-08	It's officially *how can I move my editing bay outside?* season ☀️🤔
2022-04-09	How are you planning to spend this weekend? 🫂 Catching up with friends 💻 Batch filming videos 🥱 Resting 🔽 Other! Respond with emojis that describe your weekend plans below!
2022-04-10	Tfw you start filming and your upstairs neighbors decide they want to rearrange all of their furniture 🥴
2022-04-11	Do you have something you want to teach people on YouTube but are unsure of how to bring your idea to life? Well, this video is the perfect place to start 🙌 → https://t.co/ShbdCQvQhd
2022-04-12	When you've been putting in WORK on your channel and finally land your very first brand deal 🥹💫
2022-04-12	💫 Here's your sign to launch that educational channel you've been thinking about 💫 and @nurse_bass has 5⃣ tips to help you get started: ➕ Do your research ➕ Be authentic ➕ Find a consistent format ➕ Make useful videos ➕ Make sure your channel is easy to navigate
2022-04-13	After @omgitsalia helps you create a #YouTubeShorts for your uTure application, you’re one step closer to becoming the next big gaming creator 😎 Learn more → https://t.co/uiVMbR9kag https://t.co/NBs473oNNO
2022-04-13	Tag your favorite educational creator below to show them some love on #EducationAndSharingDay! 🍎
2022-04-13	Your educational content deserves to be ✨seen✨ Adding a channel trailer, incorporating discussion questions into your videos, and going live are all things that can help boost your channel's visibility. Check out this video for more tactics!→ https://t.co/WMNHgDqa8z
2022-04-14	Beyond YouTube, here are some other ways that educational creators can monetize their content: 🗣 Speaking engagements 🏫 Partnering with schools &amp; institutions 🗒 Selling customized resources like lesson plans &amp; worksheets And more! → https://t.co/I4glfRIUkP
2022-04-15	"What is the gap and how can I fill it?" That's the question that started @hudabeauty's incredible creator journey. 🎥💄 By answering that question, she was able to find her community in the beauty space and build a dedicated following → https://t.co/P0GKA5Idhg https://t.co/hEy70ImIpc
2022-04-15	We're halfway through April! 🌬 Which one of these days are you planning to make a video about? https://t.co/q8oKxfJUiN
2022-04-16	Cody &amp; Maria identified a gap in the educational content space, and created @WhyNotSpanish1 to help fill it! 👏🏿👏🏼👏🏽 If you want to launch a language-focused channel, this takeover is meant for you! And don't forget to support their channel → https://t.co/ZM50lI8j0W https://t.co/6YP3MlYhBN
2022-04-16	Saturdays are for... Filming Content planning ⬇️ ⬇️
2022-04-17	Next week is #EarthDay, so we want to know who you watch to learn more about sustainability ♻🌱🌎 Tag them down below!
2022-04-18	Where are you currently getting your #YouTubeShorts content inspiration?
2022-04-19	Exciting update - Channel Guidelines are gradually being rolled out to more channels. Creators can set up to 3 guidelines for viewers to acknowledge before adding comments or live chats. It’s your community, so you get to set the tone. Read more → https://t.co/7Clfp7s4mk
2022-04-19	This #YouTubeEarthDay your favorite creators have brought their love for the 🌎 and content creation together to create this incredible Non-Fungible Planet series. From the Yellowstone Volcanoes to the depths of the Sudwala Caves, they're taking you along with them everywhere ⤵️
2022-04-19	This Friday is #EarthDay so today we're passing the 🎤 to a sustainability queen, @Shelbizleee! ♻ She's sharing tips on how to create merch more sustainably, but you can find more advice on how to be eco-friendly in your everyday life on her channel → https://t.co/yrIZbtfrCb https://t.co/tKexyPwEK5
2022-04-20	Major 👏🏼👏🏿👏🏽 for @Keemokazi1 for finding a #YouTubeShorts format that works for him! Check out his channel to watch how he's turned his love for music, comedy, and creating with family into captivating short-form content → https://t.co/5K3aajSbof
2022-04-20	Nothing in this world will be as durable as your first vlogging camera.
2022-04-20	We're showing love to the Black women creators who are planting the seeds to build a better 🌎 for themselves &amp; the next generation. Learn more about these fabulous 💐women in full bloom💐 in #CrownAndGlory → https://t.co/s6LGTv4stg https://t.co/cp6xCte9Hk
2022-04-21	FAQ: How often should you post #YouTubeShorts? Answer: It's up to you - post based on trends or set a regular schedule. Starting out on Shorts is all about experimenting, it's okay to try out different strategies - as long as it feels sustainable and you're having fun with it 🔑
2022-04-21	Let's ✨manifest✨ together. This year I will... Become a Work with full time my dream creator brand ⬇️ ⬇️
2022-04-22	.@iamMostlySane, @manualdomundo, @bretmanrock and 8 other creators set out on a mission to learn more about the planet &amp; how we can do our part to heal it. 🌍♻💚 Follow their journeys &amp; find out what they learned about our Non-Fungible Planet → https://t.co/dGkr57DdpO https://t.co/6CraJ16cNL
2022-04-22	Happy #EarthDay 🌎🌍🌏 Today @aime_maggie is talking about her journey as a sustainability-focused creator, and sharing her tips for how you can be more sustainable when creating your own content! Subscribe to her channel to continue learning from Aime → https://t.co/3kF8GRhDm4 https://t.co/knL6LnOOjK
2022-04-22	Tap the ANALYTICS button in the #YouTubeShorts player to view your: 📈 Views 👩‍💻 Subscriber growth 👥 Audience retention 🚙 Traffic sources ➕ And you can view even MORE of your Shorts analytics within the YouTube Studio app! https://t.co/jR4rqLQStJ
2022-04-23	When you told yourself you would edit all weekend but the video files are still sitting on your SD card 🙃
2022-04-24	What is your favorite thing to vlog? Travel &amp; Day special in the occasions life ⬇️ ⬇️
2022-04-25	me 🤝 filming 5 minutes before sunset
2022-04-26	It's #GetOrganizedDay so here are tips from Simon Whister (@TodayIFoundOut1) on how to optimize your creativity: ✅ Batch your production steps ✅ Create a Google Sheet for notes ✅ Try to get ahead of schedule ✅ Note repetitive steps you can streamline→ https://t.co/Vzpi4qxoBC
2022-04-26	Let @BeanNotHere's #YouTubeShorts live as a reminder to prioritize creating content that you enjoy, and your community will come. Through authenticity, they were able to build an engaged community and earn the record for the most comments on a Short! → https://t.co/UswK5dLFrj
2022-04-26	Super Thanks is now available to YPP creators in 68 countries! Learn more here → https://t.co/lfGJGnAip6 https://t.co/q3IQkEA1t1
2022-04-26	When you join the #YouTubeShorts Creator Community you have the opportunity to learn from other creators &amp; get firsthand support from a YouTube Partner Manager! Tune in tomorrow, April 27th at ⏰11AM PST / 2PM EST⏰ for our FIRST Twitter Spaces event to learn about how to join! https://t.co/XTxQ7nDPw4
2022-04-27	Interested in joining the ✨YouTube Shorts Creator Community Program ✨? Apply here: https://t.co/WnAUCHzg6T
2022-04-27	Managing your channel becomes a lot easier when you implement these steps: 🔘 Set your upload defaults 🔘 Design a thumbnail template 🔘 Create an end card template More tips → https://t.co/AHwLHiRo6F
2022-04-27	T-minus 1 hour until our ✨YouTube Shorts Community: Creators in Conversation✨ on Twitter Spaces with @roydubois_, @clara_dao_, @goharsguide &amp; @SushiBAEYT! Respond with any q's you have about the community &amp; we’ll try to answer them during the event ⬇ https://t.co/F3I0JFmmLp
2022-04-28	Filming at home with your family be like 🚨🎷🚁💥⏰📡
2022-04-28	Have you ever considered collaborating on a channel with another creator? ✨👥✨ It's a great way to split the workload and increase the volume of videos you put out → https://t.co/ptUNHdK1Jg
2022-04-28	We loved chatting w/ @roydubois_, @clara_dao_, @goharsguide &amp; @SushiBAEYT during our ✨YouTube Shorts Community: Creators in Conversation✨ yesterday! ICYMI, you can still apply to join the community (link in thread) + listen to the convo ⬇ https://t.co/KKt15Ts005
2022-04-29	Not only is collaborating on a channel a great way to split the workload, but partners can also help keep you on track with your upload schedule! 👌✨🗓 → https://t.co/ptUNHdKzyO
2022-04-29	The journey to creating more eco-friendly content doesn't have to end on Earth Day! So today @manualdomundo, who is featured in our Non-Fungible Planet series 🌍, is sharing his conscious creator tips with all of you. Check out Manual's channel → https://t.co/cdQp34bKV4 https://t.co/gxHXEWyLmy
2022-04-30	Press ▶ to hear @itsmeTroi's message for women who want to start creating gaming content⬇⬇⬇ And then when you're done watching her takeover, make sure to subscribe to her fabulous channel! https://t.co/yXtU4fS7i3 https://t.co/UuX2veGTsl
2022-04-30	We love seeing @FaleshaAJohnson, @aliyahsimonee, and @TruleyTalented in their crowns, and grateful for their contributions to culture on and offline! ✨🌸👑 Learn more about their stories by checking out #CrownAndGlory → https://t.co/s6LGTv4stg https://t.co/K9s6eJT1LM
2022-05-01	Do you regularly back up the content on your hard drives? Yes No ⬇️ ⬇️
2022-05-01	If you need some days to create your content around this month, look no further ⤵ https://t.co/HOQvU42yUj
2022-05-02	Want to make your transitions in your fashion Shorts even more 🔥? The Align tool can help you do that! → https://t.co/3fJcqGc35D
2022-05-02	When you FINALLY get the courage to ask your fave creator to collab...and they say YES 😰🙃😆😭
2022-05-03	Did you know that you can use the audio from your fave long-form vids in your #YouTubeShorts as well? All you have to do is: 1⃣ Tap 'Create' below the title 2⃣ Drag to adjust which portion of the video's audio you want to use 3⃣ Click ✨Done✨ + tap 🔴 to record with the audio!
2022-05-04	Happy #TeacherAppreciationWeek! 🍎 Today on the blog, Kimberly Harrison (@socratica on YouTube), @mrbrianmclogan, @shiffman, and @AmoebaSisters are sharing how &amp; why they started teaching on YouTube → https://t.co/6gX0mgYxqu
2022-05-04	Have you ever explored vlogging via #YouTubeShorts? 🤔 It's a great way to show your audience little snippets of your day-to-day life, and the Speed tool can help you fit more segments into a single Short → https://t.co/Ulhh7eVdPJ
2022-05-05	Here are some ideas for ways you can utilize text on screen in your next #YouTubeShorts: 🥘 Recipe steps 👠 Outfit details 🗺 Travel tips How are you currently using text on screen?
2022-05-05	This is ICONIC. @MISStiffanyMA had a billboard on Hollywood Blvd and it looked 👌! We love this for you, Tiffany 🌟 → https://t.co/IQjoA2FlpY
2022-05-06	Let a creator know how much their channel means to you in the comments ⤵
2022-05-06	You can still earn #YouTubeShorts bonuses this year 💸💸💸, even if you're not in the YouTube Partner Program! Learn more → https://t.co/XBP1J1GlEU
2022-05-07	What are you manifesting more of this month? Time to be Inspo for creative videos ⬇️ ⬇️
2022-05-08	When your "editing" day turns into a "just one more episode" day 🙃
2022-05-09	may is #MentalHealthAwarenessMonth, so all week we'll be sharing tips on how to talk about mental health on your channel. for more info: https://t.co/8chOvXky1p https://t.co/j4hssE4Fns
2022-05-09	tag a creator below whose channel is helping you get through your monday 🙌
2022-05-10	tip 2⃣ for how to talk about mental health in your videos: collab with mental health care experts! collabing with mental health professionals + nonprofits can help you share safe, credible content, &amp; can be reliable sources for viewers in need. 🧠📋🏥 → https://t.co/8chOvXky1p
2022-05-10	want to talk about mental health on your channel? tip 1⃣: speak from personal experience. 🗯 use phrases like “this works for me, personally” to make it clear that you’re not sharing evidence-based info. 🗯 share your struggles &amp; triumphs more info → https://t.co/8chOvXky1p
2022-05-10	what would you like to work on this month? my my video storytelling aesthetics ⬇️ ⬇️
2022-05-11	keep an eye out for Green Screen(!!) the newest way to remix #YouTubeShorts starting to roll out (on iOs, android soon). use it to create w/ existing YouTube vids or pull from your own gallery. bonus, green screen auto attributes the original vid - so more discoverability too💚
2022-05-11	that moment when you realize that REST is one of the most important parts of the creative process 💡💡💡
2022-05-11	want more tips on how to discuss mental health in videos? we got you. tip 3⃣: be inclusive. 🗯 empathize with their experience 🗯 acknowledge mental health issues do not define a person 🗯 avoid problematic slang bookmark the blog to save these tips → https://t.co/8chOvXky1p
2022-05-12	tip 4⃣ on how to discuss mental health on your channel: maximize the impact of your content! @alimattu recommends: 🗯 combine mental health + video elements your audience loves 🗯 share your own story 🗯 take time to heal &amp; share when you’re ready → https://t.co/8chOvXky1p
2022-05-13	.@jjasminele's channel is a constant reminder to embrace who you are. from your unique sense of style to your personality. we love the advice she shares in this video and the energy she brings to youtube! 💛 ⤵ https://t.co/HkC4bl4n3e https://t.co/JC7m5lYyLp
2022-05-13	if you want to continue to learn more about mental health, and how to talk about it with your community, we highly recommend checking out the videos/channels in this playlist ⤵ https://t.co/GFVcw6A42A ✨share a tip you're going to start using below!✨
2022-05-14	respond to this tweet with an emoji that describes how your week went ✨
2022-05-15	let's manifest some positivity! this week i will.. gain at post a video least 15 i'm really new subs proud of ⬇️ ⬇️
2022-05-16	live redirect is a 🆕 feature that can help you build excitement around a premiere and/or support another creator's stream. learn how you can try it out ⤵ https://t.co/B6AVUrbPSc
2022-05-17	are you a new creator looking for tips on how to make money on YouTube and grow your channel? the creator tips hub is a great resource for learning how to make your channel thrive 🙏 → https://t.co/oJBrFXVpdI
2022-05-17	waking up and seeing @bretmanrock, @chellamanart, @jayshetty, @Valkyrae on the #A100 list for #AAPI excellence !!! it is a good day so proud of u all!!
2022-05-18	come thru this friday, may 20th ! ⤵ https://t.co/0IulSrbwzU https://t.co/nLMwC6mXD5
2022-05-18	tfw you planned to film a 'day in my life vlog' but it's 11pm and the only footage you have is of your morning coffee 🙃
2022-05-18	with the subtitle editor role, you can invite users you trust to add subtitles to your videos via your channel permissions. don't worry, this will not give them access to your full channel. learn more! → https://t.co/xvEkVJMTC8
2022-05-19	there are still plenty of moments in may for you to create content around 📷 https://t.co/pSu2T7nAUL
2022-05-20	ever wonder what search terms your audience uses the most? you can find this out by heading to the 🔎research🔍 tab within your analytics → https://t.co/CCMgk3lkoG
2022-05-20	okayyy @realsprometheus, @ShrdShack, @ZackCherry8 + all the creators featured in may's creators on the rise playlist !! we see you 👏🏽👏🏻👏🏿 if you are into coffee, horror movies, or skateboarding, check them out → https://t.co/tSlISuebyb
2022-05-20	super excited for today's panel with @JosephSimmm, @christxiee, @HassanKhadair + EatsByRamya !! going live @ 11am pst / 2pm est right here: https://t.co/iSXOMUOBaP https://t.co/DATz9skQex
2022-05-20	tag a creator whose energy you are channeling this weekend ⚡
2022-05-21	be honest, saturdays are for.. content brunch, planning duh ⬇️ ⬇️
2022-05-22	sustainability tip, make plans after filming your makeup tutorial so you don't waste the look 🤌
2022-05-23	3 things to remember for new creators who are trying to find their voice: ✳ prioritize creating content that brings you joy. ✳ connect with creators &amp; ask them how they found their voice/niche. ✳ trust your gut.
2022-05-23	ok, tell me a goal you've already accomplished this month 💫
2022-05-23	wednesday is #WorldTarotDay so Vanessa Somuayina is blessing us with tips for aspiring tarot creators ☄ subscribe to vanessa's channel here: https://t.co/pnv6ebiKwd https://t.co/PGgegx1d71
2022-05-24	we love @itslisanguyen's #YouTubeShorts because not only does everything look *delicious*, but she creates such a wide range of recipes 🤩 there's something for everyone → https://t.co/IzCQvQg0tr
2022-05-25	creating videos for a specific niche can help you: ✅ build a connection with your fans based on your common interests. ✅ potentially gain more views from a specific community. ✅ determine how you should structure your videos.
2022-05-27	are you interested in learning more about super thanks over the weekend? connect with viewers and find a new revenue stream all in one go 💸 → https://t.co/66dx1dpTBU
2022-05-28	saturdays are great for catching up with your community in your comment section 🗯 pro-tip: if you want to encourage conversations below your videos, try to make it a habit to comment 1st with a question, or use the 1st hour after publishing to interact with your viewers.
2022-05-28	starting off on your channel can seem like a huge challenge but with @aliabdaal's guide to help, the sky is the limit 🙌 → https://t.co/xRMRe5e2q3 https://t.co/WnZvxwJoBD
2022-05-29	if you're looking to freshen up on some creator best practices, here's where to start 📝 tag a new creator below who should know about the YouTube Creators website !! → https://t.co/D7aPq26W4k
2022-05-30	comments are half the fun of videos !! here are a few ways you can use the pinned comment feature: 🔘 clarify something from your video 🔘 ask a question 🔘 drop an easter egg 🔘 thank your viewers for watching how are you using pinned comments? 🤔
2022-05-30	what's your fave way to engage with your audience? in the in the community comment tab section ⬇️ ⬇️
2022-05-31	ok respond to this tweet with one word that describes your next video ⬇️⬇️⬇️
2022-06-01	no wait when did it become june? 👀 https://t.co/6n3qhsJ3wg
2022-06-02	it's Pride month bby! ♥️🧡💛💚💙💜 join the celebration with @WillowPillQueen, @itstarekali, &amp; @Tender_oni and join the #YouTubePrideChallenge to show support for the Trevor Project and LGBTQ+ youth. https://t.co/q4lpyNrxS9
2022-06-02	not to be overeager but we did already try this on our channel ... v excited for this update
2022-06-02	tag a creator whose videos are helping you on your self-love journey 💛
2022-06-02	you'd think I was editing a feature length film with the way my computer sounds like it's about to literally blast off 🚀
2022-06-02	your stories matter, 🇨🇦 creators 👇 #FixC11
2022-06-03	.@brandongonez, @JJ_McCullough and @simplypodlogica explore what Bill C-11 could mean for the creator ecosystem in Canada 🧵 #FixC11
2022-06-03	doNUT miss out on the fun this #NationalDonutDay! 🍩 create a tasty Short and don't forget to use #MyYouTubeRecipe. get inspo → https://t.co/zoqdTTw1rW https://t.co/Vnx6l1JbR0
2022-06-03	here for this 👏👏👏 bitesized #YouTubeShorts tips/info and we see you @blogilates !!
2022-06-04	being a content creator isn't easy but pay attention to Jade Beason and it will be a much smoother ride 👌 → https://t.co/wwOTAiuoQZ https://t.co/i54faROPtA
2022-06-05	tag a creator who inspired you to pull it together today... asking for a friend lol
2022-06-06	wednesday is #NationalBestFriendsDay 💘 this whole week we'll be sharing our tips for connecting with other creators on YouTube ! up first ⬇️ (pssst you can still apply to join our YouTube Shorts Creator Community here: https://t.co/WnAUCHzg6T) https://t.co/vMr4AMVdsT
2022-06-06	when you told yourself you would step up your audio this year but now it's june and that mic jack is still dusty 💀
2022-06-07	have you made friends on YouTube? yes &amp; i'm want more tryyying ⬇️ ⬇️
2022-06-07	if you're trying to make friends and connections on YouTube... let it be known !! https://t.co/Q7JzSAMpSp
2022-06-08	ok tag your creator bff below and tell them what you love about them for #BestFriendDay ⤵
2022-06-10	here's your chance to become part of #BTS history 💜 make a Short with your most memorable @bts_bighit moment #MYBTStory → https://t.co/jsApai3Vdc https://t.co/HTa3Fz5w3g
2022-06-10	hey ARMY 💜 tag some who should make a #MyBTStory Short and upload their ultimate #BTS moment → https://t.co/ywMOE2l6Vi https://t.co/3h4eT5l27H
2022-06-10	this is your reminder to think about everything you've learned and created. your younger self would be proud of you today and every day. you got this !!
2022-06-11	sometimes simply showing up and showing support can spark a friendship ✨ https://t.co/sc5Dpc1qvH
2022-06-12	this is your daily reminder that you deserve to be on YouTube just as much as any other creator. don't dim your light !!
2022-06-12	what's a tip you've recently learned that helped grow your channel? let's spread the knowledge 🤔
2022-06-13	are you a 🇨🇦 creator wondering how Bill C-11 could affect you? then check out @brandongonez in conversation with YouTube’s Director of Product Todd Beaupré → https://t.co/MWYiXvbDUp #FixC11
2022-06-14	always in awe of how Black creators create community, create an impact, and create videos 💕 be a part of the next generation of Black creativity on YouTube and apply for the #YouTubeBlack Voices Fund Class of 2023 now 💌 → https://t.co/c6g6N2XZgZ https://t.co/IhbzYzJsgU
2022-06-14	editing summer vlogs literally brings me so much joy. like 🌞🌞🌞🌞🌞
2022-06-14	ok tell me about the exact moment you fell in love with @bts_bighit? 😍 and share the story with a #MyBTStory Short !!
2022-06-15	from his dad's salon to crushing it as a hair creator... @bradmondonyc is truly an icon ✨ loved learning more about his creator journey in this new blog &amp; i can't wait to see him live at #BeautyFest tomorrow → https://t.co/tqLd1r37Wp
2022-06-15	more perks of joining the #YouTubeBlack Voices Fund !! grantees will have the opportunity to work with a partner manager 🤝 → https://t.co/c6g6N2GnSp
2022-06-15	you know your unique style and perspective is needed on YouTube, right? ok just making sure 🫶
2022-06-16	the #YouTubeBlack Voices Fund program will also help you secure the 💼. aka seed funding !! just saying… → https://t.co/c6g6N2XZgZ
2022-06-17	just a lil somethin' somethin' to get the creative juices flowing :) https://t.co/bkUFxY3RtH
2022-06-17	the #YouTubeBlack Voices Fund grantees will be part of workshops focused on production, community engagement + well-being. it's giving growth ! and it's not too late to apply: https://t.co/c6g6N2XZgZ
2022-06-18	creators *are* YouTube!! our #VCUS22 lounge is a canvas of art dedicated to YOU ✨ to be immortalized at @VidCon with creators from around the world, reply with… 📸 a selfie 🔗 your channel link #️⃣ #CreatorCanvas https://t.co/LYY13CCKHq
2022-06-18	start your weekend on an inspiring note from these creators on the rise 🤩 https://t.co/VqqqysJ4tu
2022-06-19	it's not @VidCon without creators like you 💕 for #VCUS22, we want to celebrate creators from around the 🌎 and this is how you submit! https://t.co/TFPSVlQHtE
2022-06-19	she's a creator, globetrotter, member of the #YouTubeBlack Voices Fund class of 2022, and today she's here to tell you a bit about her journey + what Juneteenth means to her. friends, meet @BrianaGreen011! check out her channel 🏀 → https://t.co/tRUNWX7ZPT https://t.co/KjDltAsvO1
2022-06-19	we all have that 1 subscriber who motivates us to keep going 🫶
2022-06-20	get excited ! #VidCon is this week and we wanna give you some tips to help you collab with creators while you're there. collab tip 1️⃣ : think about what your audience wants. what does your community care about? what video ideas will you have prepared?
2022-06-20	ok ok who will i be seeing at @VidCon this year ?? ⬇
2022-06-20	reply with a selfie of you in ~creation mode~ &amp; #CreatorCanvas…and you might just end up on the wall of YouTube’s #VCUS22 lounge 😍
2022-06-21	collab tip 2️⃣ : if you've had the opportunity to land a collab at #VidCon remember to agree on a day to publish your vids before you leave. communication is 🔑 bby !!
2022-06-21	creators make history every day and, at #VCUS22, YouTube's lounge is dedicated to you ❤️ respond to this with a selfie, your channel, and #CreatorCanvas and you might be featured alongside creators from around the world in an unexpected way ✨
2022-06-22	the #CreatorCanvas drops at #VidCon on thursday. here's what it means to be a creator in the words of @FredericChenYT &lt;3 it's all love 💘 submit a selfie &amp; your channel for your chance to be featured from home !! https://t.co/6nyEMXEQFH
2022-06-22	this could be you 👀 send us a selfie, your YouTube channel, and #CreatorCanvas !!
2022-06-23	collab tip 3️⃣ : understand that #VidCon is not going to be your last opportunity to collab with creators. if you still want to collab but you don't live in the same cities: try a remote collab!
2022-06-23	did ya know your favorite #YouTubeShorts creators made SNACKS for #VidCon? we're loving these nostalgic games on @Dream's box ! join the Shorts challenge and you might get some free treats, on us 🤩 → https://t.co/sf7FNo0D3P https://t.co/KRCNc8A8DO
2022-06-23	don't miss !! the wonderful @KreekCraft and @johncampea will be chatting all things channel memberships and supers this evening at #VidCon. join him at 5:30PM PST today! → https://t.co/B2oNYZpuhk
2022-06-24	only subscribers could spot the creator who invented the 12-3-30 👟💪 #CreatorCanvas #VidCon https://t.co/XLLXxodxK1
2022-06-27	when: tomorrow, tuesday, june 28th at 12:30pm PST / 3:30pm EST what: come hang with @ChefJonKung, @realasantem + @therosemontoya where: right here, ofc ! https://t.co/kOENuTEWvA dare i say.. dress code: shorts? https://t.co/Xn7oNJ9b8x
2022-06-28	give your older vids a moment to ✨shine✨ through cards + end screens! this is a super easy way to slide in a lil self promo: https://t.co/Lk4y22DNT5
2022-06-28	have you tested out breaking a video up into multiple parts? it's an easy way to keep your viewers coming back ! ooh and you should put the vids in a playlist so that the story is easy to follow: https://t.co/RLQG6JYbBB
2022-06-28	soooooon ⬇️ join the community → https://t.co/WnAUCHQQYr
2022-06-29	"when you have a YouTube question like, 'how often should i upload for the algorithm?' replace 'algorithm' with 'audience' and you'll be on a better path to your answer" ICYMI: more gems of wisdom from @hitsman and @MrBeast's #vidcon panel here → https://t.co/C27TsShHTr
2022-06-29	.@lifewithschi's #YouTubePrideChallenge submission is STUNNING thanks to creators like schi and everyone else, we're extending our fundraiser for the @TrevorProject beyond pride so that we can raise even more 🌈 aka don't stop submitting your shorts pls! https://t.co/Y4kV8Asy9Q
2022-06-29	ok what's a new video promo tip you think everyone should try? tell us in the comments plsss
2022-06-30	#VidCon 2022 was a blast. thank you to all creators who joined us virtually and in-person on our #CreatorCanvas !! 🎨 who can you spot up there? tag them ! https://t.co/LT9p2YK2yX
2022-06-30	1/ we know how important it is to protect you and your community from bad actors. That's why we’re launching https://t.co/hfqgqfRIzJ to combat identity abuse related spam that starts in the comments section. read on below ⬇️
2022-06-30	that moment when you realize it's #SocialMediaDay and you've taught yourself how to build a business, brand and connections all through social media 👏👏👏👏👏
2022-06-30	we hope that @ChefJonKung's takeover lives as a reminder that it's never too late to embark on your creator journey, and that every day is a great day to celebrate who you are 🫶 continue following his journey: https://t.co/yx3Z5qcgHr https://t.co/URdZxi6GWq
2022-07-01	get into this july calendar moment !! https://t.co/cHUo8yXPDq
2022-07-01	the sheer talent of @JonathanWinbush, @byoola79, &amp; Hn Clothings...WOW 😍 apply for our #YouTubeBlack Voices Fund Class of 2023 now → https://t.co/c6g6N2XZgZ
2022-07-01	when's the last time you streamed? 🤔 live streaming is a fun way to connect with your community when you don't have the bandwidth to edit a video! or you just wanna drop in with a quick update → https://t.co/NmhwOkTqOn
2022-07-02	anyone filming a *weekend in my life* video this weekend? 🤗
2022-07-02	what have you been putting off that you want to try to work on this weekend? brand content pitches schedule ⬇️ ⬇️
2022-07-03	jubril agoro, aka @PassportHeavy, is dropping in today to share his experience in the #YouTubeBlack Voices Fund class of 2022, and drop some helpful creator tips with all of you 🎤🎤🎤 more from jubril → https://t.co/NqGoMd10U2 https://t.co/692q7q2LWS
2022-07-06	heard #NationalVideoGameDay is this friday 🎮 so we're dropping tips for gaming creators this weeeek https://t.co/0kWXdwP9Xk
2022-07-06	jan 2022: i'm going to create a gaming budget and stick to it this year. july 2022: *backlog is typing...*
2022-07-07	.@AyoDen_ posted his 1st YouTube video on feb 7th, 2021. he's currently sitting at 2.3M subs (!!!) and attributes his recent growth to #YouTubeShorts and showcasing more of his personality on his channel → https://t.co/xDtq3nukR0
2022-07-07	just a few years ago you were coming up with reasons for why you shouldn't start a channel and now look at you !! creating videos that are touching people from all over the world. i'm so proud of you 🫶
2022-07-07	ok so you want to start creating gaming content? we recommend simplifying things + getting organized 📝 https://t.co/H4iZFqqzwj
2022-07-08	happy #NationalVideoGameDay !! which creator inspired you to start a gaming channel? tag 'em below
2022-07-09	arguably the most important tip for gaming creators: give yourself permission to evolve 💫 you're not always going to want to play the same games, or stream in the same style, and that's ok !! https://t.co/kquQf7HhUE
2022-07-09	drop a link to the video you’re most proud of! i wanna watch them :)
2022-07-09	how do you like to communicate with your audience through your gaming videos? https://t.co/IGZ7c4MDHD
2022-07-10	i gotta know... which creator has the best intro ? tag them ⬇️
2022-07-10	when do you come up with the best video ideas? at in the 3am shower ⬇️ ⬇️
2022-07-11	have you checked out @rkyncl's milestone meetups series on our channel yet? so many great lessons, like this trend tracking tip from @BriArsement! ⤵ https://t.co/bJ3DjUuAal https://t.co/0cY6H6l24Q
2022-07-11	who’s your favorite #YouTubeBlack Voices Fund creator? whether @AyChristene or @TheGrapevineTV, @fosudo or @kat_blaque, *you* could be your next fave: applications close 7/13, apply for the Class of 2023 now!! → https://t.co/Dz9UBEn0yv
2022-07-12	my fav thumbnails are all
2022-07-12	pro-tip we love from @BriArsement: reassess your channel goals every month ⤵ https://t.co/bJ3DjUuAal https://t.co/cwdlaEmmhe
2022-07-13	it's that 3 am creative spark for me ✍✍✍
2022-07-13	thx for this tip, @EllenxBrian 🙂 when it comes to sharing a relationship online, it's all about what you're comfortable with. don't feel pressured to share every aspect. when did you learn to set your own digital boundaries? ⤵️ https://t.co/3IB9daaKj7
2022-07-14	you're doing the best you can friend !!! this is your daily reminder to be gentle with yourself.
2022-07-15	there's loads of tips you could use to gain creator skills but @finzarYT's might be the most important one yet 🙌 → https://t.co/Ys0Uaa31xF https://t.co/BZr3vdat5x
2022-07-15	what's the vibe
2022-07-15	when it comes to audio, do you prefer using background music or voice over? either way, take notes on this tip from dylan lemay 📝 make sure you visual story is just as appealing as your audio ⤵️ https://t.co/PnClrexuCy https://t.co/avRHlGdtDx
2022-07-16	i posted my first video on my channel.. less than more than 5 years 5 years ago ago ⬇️ ⬇️
2022-07-16	tag who you're creating a cute video with for international day of friendship !! https://t.co/OaEqFaf0gI
2022-07-17	ok i wanna see the last emoji you used in a video title 👇 drop it below 👇
2022-07-17	tfw you finally press *export* &gt;&gt;&gt;&gt;
2022-07-18	it's #WorldListeningDay, so tell me, which creator has the most soothing voice ?
2022-07-18	speaking of #WorldListeningDay, when's the last time you reaallly listened to the audio in your video ?? this can help ⤵️ https://t.co/DGi2e4Nw11
2022-07-19	major key alert 🚨 want your audio to sound crisp? here are some tips that will have your videos sounding *chefs kiss* 🤌 https://t.co/3RNDjMkX2R https://t.co/EWuojYnvLu
2022-07-19	my youtube obsession🤝my online shopping habit @ creators lmk once you’re set up so we can check it out !!
2022-07-19	when @itslisanguyen advised @jeanelleats to start working her foodie vids into #YouTubeShorts, jeanelle took a leap of faith and it paid 👏 off 👏 we 🫶 seeing creators encourage each other - check out jeanelle's @TubeFilter feature for more: https://t.co/uUjiJLppSZ
2022-07-20	mic or no mic when filming?
2022-07-20	we want to see those #YouTubeShorts vacay compilations 😎🌴 and it's suuuuper easy to make them: https://t.co/SYcBviqt28
2022-07-21	how do you use the voice-over feature in your #YouTubeShorts? some ideas: 🏖️ sharing travel tips 🍽️ recipe steps 🛍️ ootd details share yours !
2022-07-21	show me your favorite #YouTubeShorts !! drop the link for the 1 you're most proud of
2022-07-22	being vulnerable and honest on your channel requires a lot of courage. don't downplay that 🫶
2022-07-22	struggling to come up with ideas for daily #YouTubeShorts ? start by picking themes! for example... 📌 mon - food-related/recipes 📌 tues - travel vlogs 📌 weds - lifestyle vlogs 📌 thursday - share advice 📌 friday - fashion and ootds 📌 sat/sun - freestyle!
2022-07-23	nothing will make my stomach drop faster than when i think i've lost my external hard drive 🪦
2022-07-23	what video are you working on today?
2022-07-24	ok it's the last week of july (how !!) what are we manifesting? a brand a new in my series dms idea ⬇️ ⬇️
2022-07-24	when you look back at all the content you've already made this year 🥹
2022-07-25	what are you determined to accomplish today? edit? publish? clear out your inbox? tell us ⤵
2022-07-25	whether you're a new creator or OG, you can find loads of great advice, info and help right here: https://t.co/ukMVE8HaYM
2022-07-26	if i text you "🪐" it means my next video is about to be outta this world.
2022-07-26	this page on the creators site is a great place to start if you want to learn how to: 🗣establish your voice on YouTube 🎥 create a production plan 📈 optimize your videos ...and more! https://t.co/PBVQWlZBRF
2022-07-26	your safety on YouTube matters. check out the new https://t.co/3joRsue03b --&gt; https://t.co/RwmAZbOo2F
2022-07-27	sooooo how frequently are you all uploading these days?
2022-07-27	we know everyone's trying to secure the bag and we support it 👏 so here's how you can learn more about how to have your own storefront on YouTube, the benefits of channel memberships, how to utilize Super Thanks + more! https://t.co/0AYDFFUEYG
2022-07-28	proud of you for pushing through and finishing that video that's been chilling on your drive 👏👏 be honest, how long was that footage sitting there?
2022-07-28	some topics to think about when trying to grow your channel are: ▪️ how to make decisions using data ▪️ ways to keep your content fresh ▪️ how you are reaching your audience that, and more channel growth tips are right here: https://t.co/I2oGAkQuTp
2022-07-29	being a creator means coming to terms with the fact that you will have to re-explain your job to your fam every time you see them lol
2022-07-29	for those moments when you want to find answers to those creator questions we're all thinking like: how do i start creating on YouTube? how does the algorithm work? how do i promote my videos? how do trending videos happen? more on our FAQ page ! → https://t.co/cQJAcGlV29
2022-07-30	happy international day of friendship 🫶 tag that friend who you always send your vids to before posting
2022-07-30	who's the first creator you remember watching on YouTube ?? bonus q: do you remember the first video of theirs that you watched ?
2022-07-31	distract me from the fact that tomorrow is august👇
2022-07-31	why are my video ideas and my video budgets never in the same universe lol
2022-08-01	how does it feel like january and august at the same time ?? https://t.co/V2YxmnFru8
2022-08-01	this month i'm changing up my.. editing style entire strategy ⬇️ ⬇️
2022-08-02	let's be real. today you're going to
2022-08-02	shout out the #YouTubeShorts trim tool ! for those moments when you just can't get that wing perfect on the first try 👌 https://t.co/3QTVOkc0qT
2022-08-02	you gotta try the "create" feature on #YouTubeShorts !! it's great for 1⃣ using iconic quotes as the audio 2⃣ when a vid is so funny you need to make it your background. 3⃣ promoting your own long-form vids how are you using this feature? ⤵️ https://t.co/z8iMoKi2gx
2022-08-03	like this if you're finally going to upload that video that you said you were going to upload last week 😅
2022-08-03	you can use green screen to remind your followers (and yourself) just how far you've come → https://t.co/ddxeRVQ49m
2022-08-04	i feel way more motivated at my 9-5 job when i know my creator time is protected. let this be a reminder to make time for the things you love !!
2022-08-04	🚨 a #YouTubeShorts PSA 🚨 if you upload a Short that you've created elsewhere, plssss make sure that any copyright-protected material you’ve used is approved for your use on YouTube. for more info on content id claims: https://t.co/p9QZvUmnHZ
2022-08-05	.@imjoelm, @jessechuku, @fitwaffle and @Mrwhosetheboss are sharing some things you need to know to make great #YouTubeShorts !! ⤵️ https://t.co/wpeubm1oQY
2022-08-05	it's the 10-year anniversary of #YouTubeCreatorAwards and we wanna take a moment to celebrate the creators who've earned their plaques, and all of you who are on your journey to earning your 1st. we're rooting for you! https://t.co/JEhdS05dyy https://t.co/cpGKqTnGfl
2022-08-05	which creator do you watch when you're looking for that REAL, honest camera review? 📷
2022-08-06	they're a 10 but they always forget their sd card in their computer at home 👀
2022-08-06	whose old vlogs do you watch as comfort videos? 🥰
2022-08-07	little miss says she's going to edit over the weekend but is at brunch instead
2022-08-07	where are you in your creative flow rn ? too many unfortunately, ideas to it's giving keep up ! drought lol ⬇️ ⬇️
2022-08-08	if your fave creator wrote a book, what would it be called? 🤔
2022-08-08	tomorrow is national book lovers day and... wouldn't hosting a virtual book club on your channel be kinda cute?? i'm going to share some tips on how to make it happen all weeeek 📚 https://t.co/tpHZYFSPKU
2022-08-09	national book lovers day is a great day to record your book club announcement vid 🙃📖 https://t.co/iGJwOzH3pt
2022-08-09	we're continuing to celebrate the 10-year anniversary of #YouTubeCreatorAwards by shining a light on a creator who worked very hard to earn hers, @ying_verse. 🫶 press ▶ on her takeover to hear her #1 tip for creators &amp; check out her channel: https://t.co/tSzdTO2iGI https://t.co/crFwUZtKFX
2022-08-10	any typo i discover after hitting *export* is just part of the video now lol
2022-08-10	bring your book club community together with weekly lives! https://t.co/oMriIGMJVV
2022-08-10	i find new vid inspo through.. watching my my fave subscribers creators feedback ⬇️ ⬇️
2022-08-11	do you have a good understanding of how to use all of the #YouTubeShorts tools? (if you choose b or c, reply with the tools you could use some more clarity on!)
2022-08-11	ideas for planning content for your YouTube channel? 🤔 share your tips with the community ✍️
2022-08-11	if you're eligible for channel memberships, your book club could be a great time to test out some exclusive content 👀 https://t.co/LHDAo2Tjnx
2022-08-12	here's our final tip for the week for hosting a book club! what are some of your tips tho ?? leave em in the comments ⤵ https://t.co/8i7g7RkHfR
2022-08-12	looking for some inspo to keep you motivated while editing this weekend? if so, you should def watch @enxo's 10-year #YoutubeCreatorAwards anniversary takeover. 🥹 learn what has kept him motivated on his creator journey, and his top tip for yours! → https://t.co/wBOMkk7f81 https://t.co/SJxK41PQht
2022-08-12	trying to create a thumbnail 🤝 "scratch disks are full"
2022-08-13	how do you organize your production process ? chaos on docs on a sheet docs on of paper docs ⬇️ ⬇️
2022-08-13	which one of your videos best represents who you are as a creator? ⬇️ let's see it ⬇️
2022-08-14	is your lighting giving casper the friendly ghost? 👻 or is your set up top tier? 💡 drop some of your lighting pro-tips and no go's 👇
2022-08-14	when you start dating someone and they try to watch your videos in front of you 🥴🫠 i literally can’t
2022-08-15	for #WorldPhotoDay this friday we're sharing some tips/ideas for photography creators! for example, you can try creating #YouTubeShorts on how you captured some of your favorite photos. the green screen tool makes it so easy 📷 → https://t.co/TV3hOe4tnx
2022-08-15	mid-month check in, how we feeling ?? on top need of the some world motivation ! ⬇️ ⬇️
2022-08-16	want to brighten up your day + subscription tab? then you need ✨ @the_odditty ✨ in your life !! today she's talking about her creative journey and her fave parts of the #YouTubeBlack Voices Fund. https://t.co/DF0kEv4ETl https://t.co/UXtNZb87W7
2022-08-16	🗣 calling all photographers on YouTube 🗣 have you ever thought about using 'channel memberships' to share your *top* photography tips with your community? your knowledge is valuable and there are people who would invest in learning from you! https://t.co/H89qs2ffXa
2022-08-17	despite what leos want you to think, there are other things happening this month OUTSIDE of their birthdays 💀 https://t.co/sg7mKPf1Qi
2022-08-17	who do you watch when you need some editing inspo? ⬇️
2022-08-18	ok but have you rsvp'd for #Creator360 UK yet ?? https://t.co/SDOgl7gFN0 https://t.co/Hz2agwi3w1
2022-08-18	that feeling when you finally start owning the title "creator" &gt;&gt;&gt;&gt;&gt;
2022-08-18	what's something you would like to start an educational channel about?? whatever you're passionate about, there's an appetite to learn it on YouTube ! https://t.co/NAJt8NPnZG
2022-08-19	happy world photo day! tag the creator who inspired you to start creating photography content :)
2022-08-19	we're continuing the #WorldPhotoDay celebration with @westcotttt 📸 he's a photographer and creator, who turned his childhood passion into his career, and today he has an important tip for other photographers who want to do the same ! https://t.co/10CACO65SV https://t.co/53CMSZ802c
2022-08-20	here’s a lil preview of some of the knowledge Raven, of @TheCyberNerds, will be dropping at #Creator360 UK next week! sign up here → https://t.co/SDOgl7yhbA https://t.co/KvcUNZrOAq
2022-08-20	hi, i'm proud of you. that's it. ❤️
2022-08-20	when it's an upload day but your wifi doesn't care -_____-
2022-08-21	dear computer, please stop asking me to update my editing software. i'm attached to this version and i'm not ready to let go. xoxo, me
2022-08-21	let's spread some positivity this sunday! tag your fave creator and link to your fave video of theirs ⬇️
2022-08-22	anyone else feel like they've been editing without a mouse for so long and can never go back ??
2022-08-22	you have another chance to learn more about the #YouTubeShorts program this wednesday! https://t.co/hPuE0he2KU https://t.co/RAJxOPICo2
2022-08-23	.@wunmibello wants you to embrace how unique and fabulous you are !! learn more about her tips on how to build and grow your personal brand at #Creator360 UK: https://t.co/SDOgl7yhbA https://t.co/VG8rQxsl7n
2022-08-23	friday is #WomensEqualityDay so we're sharing tips on how to inspire social change through your channel. a few ways to get started: 1⃣ find an issue you care about 2⃣ think about *how* you want to start the convo (lives, q&amp;a's, comments, etc.) 3⃣ collab w/ passionate creators
2022-08-23	tag a creator, UK edition! tag a creator from the UK who you look to for channel inspo 🇬🇧⤵
2022-08-24	*it's about damn time* to start that YouTube channel 🖥 need some extra guidance? we got you covered with this step-by-step process from @AliAbdaal 👉 https://t.co/vs3bSDRafj
2022-08-24	https://t.co/962WM84wzw
2022-08-24	today !! come learn about the #YouTubeShorts community from some OGs. @heycafemaddy, @rishidraws, @jtcaseyy and @jaleesajaikaran ⬇️ https://t.co/hPuE0he2KU
2022-08-25	i'm so happy your channel exists 🫶📹
2022-08-26	.@UnViewer_ reminds us of a v important lesson: ✨it's important to strike a balance between producing content that brings value to your audience AND allows you to have fun while creating it!✨ for more creators on the rise: https://t.co/TGgYbB4OC4
2022-08-26	honestly, rn my camera battery is.. charged flashing ⬇️ ⬇️
2022-08-26	s/o to all of the creators who uplift and create safe spaces for other creators on #WomensEqualityDay ! looking for inspiration? check out how @hannahwitton approaches taboo topics and advocates for women 💞 → https://t.co/DNwtoF2RYY
2022-08-27	absolutely love how @Max_Carrera and @Nowirp, of Mexicanos en China, have approached #YouTubeShorts! it really is a great way to test out your long-form video concepts. is this something you would try?? subscribe to their channel: https://t.co/y3mQYqUkya https://t.co/hH7H9EQTJY
2022-08-27	anyone else love watching their old vlogs? it's such a great reminder of how far you've come 🥹
2022-08-29	which channel goals did you accomplish this month ?? p.s. i'm so proud of you.
2022-08-29	you know you can review and edit the automatic captions that are added to your #YouTubeShorts, right?? it's trueee: https://t.co/UFYR45Avb9
2022-08-30	when do you look for the background music for your videos? b4 editing afterrr ⬇️ ⬇️
2022-08-31	communication is the 🔑 to many things in life, including pivoting your content. @imurgency is taking over today to tell you why :) watch how he did it on his channel: https://t.co/q5cYRmctpr https://t.co/lZg0Q2Kf5e
2022-08-31	do you remember what @chahatanand taught us earlier this year? just bc you have a niche doesn't mean you should hold yourself back from trying new formats: https://t.co/zOSbFGSaza
2022-08-31	when you finally decide to invest in a new camera but still can't break your attachment to the old one 🥹
2022-09-01	.@SusanWojcicki sat down with @NajwaShihab on @MataNajwa to discuss their shared passion for helping women access educational opportunities, and how creators in Indonesia are turning YouTube into the world’s largest classroom 🙌🌏 https://t.co/2nSkUEK8mM
2022-09-01	this is your month. all those dreams, ideas and goals you've had written down all year. this is the month you start bringing them to life.
2022-09-02	hi hi! click here if you want to download all of the #YouTubeShorts tips from this week (+ more!) and save them in one spot...here you go: https://t.co/xkgZuFX7lz
2022-09-02	hispanic heritage month, nyfw, positive thinking day, and more! what are you creating content around this month? ps. we'll be dropping another cal in a couple weeks with more moments in sept! keep your 👀 peeled! https://t.co/ruz34oS43G
2022-09-02	your new video notification just brightened someone's day ☺
2022-09-03	once i put on my noise cancelling headphones, that video is getting DONE.
2022-09-03	where are you most likely going to edit this weekend? from a from my new cafe bed lol ⬇️ ⬇️
2022-09-04	me every time i need to pack: "ok but can i fit my tripod in here?"
2022-09-04	sunday scaries = remembering you have a brand video due tomorrow and you haven't even looked at the notes yet 😩😩
2022-09-05	new week, new opportunity to crush all your goals. &lt;3 i'm cheering you on, friend!
2022-09-05	wanna know @hannahwarling's # 1 tip for keeping her audience interested in her #YouTubeShorts? pose a question in the beginning and wait until the last 2 seconds to reveal the solution ➡️ https://t.co/l17zwN6N0N
2022-09-06	when there are more dishes in your editing area than in your sink... it's time for an editing break lol
2022-09-07	"shifting the focus from performance to execution allowed me to produce better videos that ultimately lead to better performance." - Albert, of Albert &amp; Mia 🐱 on #YouTubeShorts → https://t.co/MKBDQ2n3uP
2022-09-07	this is your mid-week reminder that a finished video is better than a perfect one !! don't let your perfectionism hold you back.
2022-09-12	pov: in front of the mirror giving urself a pep talk when magically - the creator u admire most is looking back 🫣 @blogilates, @BrentRivera, @sofiedossi &amp; more will be answering questions from creators at Creator Summit '22. what advice would u ask for? ⬇️ #YouTubeMagicMirror https://t.co/XIr5o25Pxy
2022-09-13	if you had the chance to learn from a creator expert, what would you ask? 🤔 drop your question using #YouTubeMagicMirror… and @Mythical, @blogilates, @BrentRivera, @sofiedossi &amp; more will share some help at Creator Summit '22!
2022-09-13	those videos you thought you'd never be able to create... you're making them. those audiences you thought you'd never reach... you're speaking to them. you're doing it !! you really are 🌟
2022-09-14	.@hannahwarling is another great creator to follow for #YouTubeShorts fashion content inspo and tips. 🤩 Hannah's top tip is to increase watch time by asking a question at the start of your Short, and waiting until the end to reveal the answer: https://t.co/IMVOSTaS3c
2022-09-14	with #NYFW coming to an end, we're sharing tips for how to keep the runway show going on your channel. first, think about how you can add bits of fashion to the videos you're already creating. an ootd moment, a trend prediction segment or haul are just a few ideas 👗
2022-09-14	✨magic mirror on the wall, how do I level up my creator game? ✨ create a Short using #YouTubeMagicMirror or drop a question in the comments and @Mythical might just answer at Creator Summit '22!!🪄 https://t.co/a3SWmOtZax
2022-09-15	that moment when you realize you belong on YouTube just as much as any other creator 🥹
2022-09-15	we couldn’t let #NYFW pass without getting fashion creator @aliyahsimonee on the 🎤 !! her advice for breaking into the fashion niche ✨ is to start by hitting the binssss and wearing what looks good to you ➡️ https://t.co/tdI9KTLEX1 https://t.co/hxByq8GnPX
2022-09-16	it's happening !!! @YouTube's launching a close friends story on IG made by creators, for creators 🤫 if u want me to add u make sure you are following @YouTube on IG, and respond to this tweet with a 🐛 + your @ on IG https://t.co/QY5oso2OJi
2022-09-16	nyfw might be over, but there's still more fashion tips to be shared !! use playlists to make it easier for your audience to watch the fashion content they already like. here are some playlist ideas: 🛍 clothing hauls 📈 trend forecasts 👔 college and/or career styling tips
2022-09-17	my ideal editing location is.. a coworking my dream space home office ⬇️ ⬇️
2022-09-17	nothing is more humbling than those old videos you stumble upon when you're trying to clear up some disk space
2022-09-18	creator summit is fast approaching! now's the time to ask a top creator your burning questions 💯
2022-09-18	who's a new creator that you think everyone should start watching this month?? tag em!
2022-09-19	loved this collab @johnhilltube + @UPS ❤️
2022-09-19	what are the best fall themed videos to film/edit? 🍂
2022-09-20	creators, you're forever taking creativity on YouTube to new levels, so we’re launching even *more* ways for you to make money: 💰 Shorts ad revenue sharing !! 🙏 Super Thanks for Shorts 🎵 Create with music and earn learn more → https://t.co/0CDlrWXRKb https://t.co/65fTQOEVn1
2022-09-20	looking for more info on today's announcements? we gotchu 👊 this full explainer has it all → https://t.co/mzN8c9neOb https://t.co/guRcTUVIqs
2022-09-21	feeling creatively stumped? @jasmincorley has a tip for how to improve your #YouTubeShorts ideation process: write it alllll out! ✏️ 📓 → https://t.co/289I0Vccib
2022-09-21	tag the creator who inspired you to start creating #YouTubeShorts ⬇️
2022-09-22	ICYMI: we've announced even *more* ways for creators to make money on YouTube. we're expanding our partner program to include: 🤗 Shorts eligibility criteria 💰 Shorts ad revenue sharing 🎵 Create with music and earn watch the full explainer → https://t.co/mzN8c9mGYD https://t.co/Vgyf1AsCB3
2022-09-23	hi creators! today we’re w our friends @glblctzn talking about **talking about** the climate crisis. not easy, but so impt. we’re asking @glblctzn some qs to help us become better and more responsible creators on the subject - stick with us &amp; add urs👇#creatorsforclimateaction
2022-09-23	mirror mirror on the wall, how do i stay motivated? @blogilates is at Creator Summit answering your rapid fire questions at the #YouTubeMagicMirror 💫 https://t.co/U1976qpT4I
2022-09-23	when @Reedjd (@MrBeast’s manager !!) speaks…we’re all like👂✍📝 a few gems he dropped at Creator Summit: 〰️ u don’t have to live in LA to be a successful creator 〰️ prioritize ur mental health by taking time off when needed 〰️ and his top tip: don’t be afraid to take risks !!
2022-09-23	when the manager of @MrBeast, one of the biggest creators in the world, says just what u need to hear 🥹 @Reedjd's message: don't be afraid to fail ! it's an inevitable part of the creator journey and an opportunity to learn &amp; grow. keep moving forward, keep pushing boundaries.
2022-09-24	looking for inspo from fellow creators but only have 30 seconds? we got you 👏 hear the advice that @AmberScholl, @dtayknown, @sofiedossi, @thebrianjung, Sheena Melwani, and @KyleExum had to give at Creator Summit and let us know your top tips for creating ⬇️ https://t.co/mgqrkbLXCt
2022-09-24	that feeling after you post your drafts &gt;&gt;&gt;&gt; refresh your memory on all things drafts !! → https://t.co/4azP1limUR
2022-09-25	here's some Shorts best practices from Creator Summit for ya: ✔️ focus on making the first 1-3 seconds of your short the strongest ✔️ figure out if you’re going for mass appeal or creating for your core fans ✔️ in studio peep the “channels / videos your viewers watch" card 😉
2022-09-25	me: i'm just going to edit for an hour. me, 6 hours later: one last thing...
2022-09-26	drop a link to a video that will brighten everyone's monday 🌟
2022-09-26	friday is #InternationalPodcastDay and we already know you have a great podcast idea that you've been sitting on. sooo - let us help you bring it to life this week !!
2022-09-27	tip # 2 for our future podcast channel hosts is to figure out your format, length and frequency: 📓 format: solo host, chatcast, interview, etc? 🎙️ length: under or over 30 min? 🎧 frequency: how often can you consistently drop new episodes?
2022-09-27	you asked, they answered. check out what advice your fave creators had for you via the #YouTubeMagicMirror at our Creator Summit → https://t.co/d8HUtSycOv
2022-09-28	tip # 3 for creators who want to start podcasting is about recording 🎙️ the best mic is the one you *already* have. after that, it comes down to what YOU think sounds the best. if rn all you have to work with is the mic on your phone, that is 100% fine!
2022-09-28	we learned a lot from everyone at the Creator Summit this year 🤩 here are the top 5 lessons: https://t.co/QlmVvwnglX
2022-09-28	weren’t able to tune in to #Creator360 UK? no problem. Joel M, @kateelisaxo, @wunmibello and @flexutd have you covered with their Creator Close Up where they’ll be sharing their top tips &amp; tricks. sub to catch the 1st ep next wednesday. oct 5th !! https://t.co/VdPfLjSxCJ https://t.co/jd4CvFihpn
2022-09-29	asking for a friend.. what’s in your drafts, creators? 🤣 join #MyBloopers by sharing your outtakes on Shorts – the funniest ones get featured in a playlist! inspo here: https://t.co/PuRad6pL8V ps keep your eyes 👀 peeled for viewer favorites, dropped here
2022-09-29	here it is, our final podcast tip: start filming/recording your audio before the interview begins (and let the person know you're recording). let it roll the *whole* time so that you don't miss filming a 🔥 moment, you never know what will happen !
2022-09-30	get to know *yourself* by creating a list of things you love, content you watch, and things you want to do for the world !! @brendablanco shares how that helped her kick-start a channel with content she absolutely 💕loves 💕 to make say hii: https://t.co/qnEkAUmE2C https://t.co/haU0LFxLVS
2022-09-30	hey hey @ramizeinn! the mccarty's got you on this one! you're going to want to grab a ✏+🗒 for sure: https://t.co/mAYjiYSR3b
2022-09-30	is it just me or do you also have to watch 570,439 reviews before buying any new camera equipment now ??
2022-09-30	what is your go to emoji to add to your video titles?
2022-10-01	october content calendar checcck 👇 p.s. we'll drop another one with moments for the 2nd half of the month in a couple weeks https://t.co/rQwJecINj5
2022-10-01	october is going to be your month. i'm claiming that for you ✨
2022-10-02	one day i will learn how to properly reduce the noise in my videos, but that day is not today lol
2022-10-02	whose new video just saved you from your sunday scaries? 👇
2022-10-03	gotta know, who made your channel banner 🤔 made it hired a myself designer ⬇️ ⬇️
2022-10-03	this is your daily reminder that no one benefits from you tearing yourself down. no one.
2022-10-04	this week we’re recapping what we learned at the #CreatorsForClimateAction summits bc it was SO inspiring. starting with...⤵
2022-10-05	today is world teachers' day, so we're saying thank you to all of the incredible educators on YouTube. we see the work you're doing and we deeply appreciate you all 💞
2022-10-05	tomorrow, @gulnazkhan (the @TEDTalks climate editor!) will be chatting with @lecrayonmedia, @inspiroue, @priscilliaokpan, and @ShivSoin about their experiences creating content around the climate crisis 🌲 promise you don't want to miss it - tune in → https://t.co/L4MK27Lp4k https://t.co/rFF281CSVZ
2022-10-05	🇨🇦 creators, we want you to Keep YouTube Yours, to tell your stories and share your creativity with Canada and the world. #BillC11 could change that. learn more ➡️ https://t.co/d56FUnXm1H https://t.co/b8lpxYMEnO
2022-10-06	.@wunmibello and Joel M are here to tell you to enjoy the journey! whether you're just beginning, or looking to level up your channel, take note of the essentials you *have* to do. here’s why: https://t.co/NhDJOYHXj0 https://t.co/5dBqnCGX0X
2022-10-06	https://t.co/0KIdzx5DnC
2022-10-07	for days when the climate anxiety is hitting pretty hard, @GlblCtzn has our backs: https://t.co/Ev9hsfws7F it also helps to break it down into small steps: i like to ask myself, what’s *one simple thing* i can do to help today? add yours ⤵
2022-10-07	what type of friday are we having? editing edi..🍿📺🤳🛌 day lol ⬇️ ⬇️
2022-10-08	oooo that feeling when you are actually ahead of your content schedule 😌
2022-10-08	this is your daily reminder that...you got this. 😊
2022-10-10	excited to be introducing @ handles, the *truly* unique channel identifier. lots more details here → https://t.co/gPjDa6UIXu
2022-10-10	in this #WorldMentalHealthDay thread, @Surgeon_General, @NIDAnews, @NAMICommunicate, @jedfoundation, @OneMindOrg &amp; @aboutKP are sharing their expertise on how creators can protect, and talk about, their mental health ❤️ thank you for being part of this important convo!
2022-10-10	😄 breathe in 😄 😙 breathe out 😙 what's one tip you would give fellow creators who are feeling uninspired or burnt out ?
2022-10-11	creators are artists, and artists need to feel inspired 🫶 @ChefJonKung has a few secrets to keeping the inspiration flowing. 🔸 listen to stories 🔸 consume other genres of content 🔸 look at the world through a diff lens learn more: https://t.co/gCcINNnV2f
2022-10-11	tfw you show your best friend the concept for your new video and they love it 🙌
2022-10-12	sometimes standing out from the crowd and telling your unique story leads to 26M views on your #YouTubeShorts. at least, this is what happened to Cafe Maddy !! learn more from her here → https://t.co/nvXv05lOxZ
2022-10-12	tag a creator who just vlogs that fall feeling 🍂 immaculately 🍂
2022-10-13	3️⃣ tips for creating #YouTubeShorts from @realasantem: 1. just go for it, put yourself out there! 2. focus on the first 5 seconds to hook viewers 3. find new ways to add to the YouTube community → https://t.co/mI4k0w8mhd
2022-10-13	stay true to who you are, set goals and get focused on expanding your YouTube career. these are just a few of the money-making tips you’ll learn from @flexutd’s and @kateelisaxo ! → https://t.co/cX3hwffEaN https://t.co/DDOzSNfU54
2022-10-14	it’s so important to have a community of creators around you! no one else will understand your journey as much as them
2022-10-14	your audience cares about you, so show them that you care about them as well. @isabelladrawsss has a few tips for this! - reply to comments - ask questions - use the ❤️ on comments to ensure your viewers feel seen → https://t.co/xo2E8jUbrl
2022-10-15	if something isn't working on your channel, BriTheMathGuy is here to encourage you to try new things 👏 ▪️ new formats ▪️ new topics ▪️ new thumbnails you can learn even more from Brian here → https://t.co/Hb4kCSER6d https://t.co/cHi8Oj02py
2022-10-15	whether you are into at home work outs, cooking spinoffs of classic dishes, bookbinding, or gaming reviews, there is a creator out there for you 💪🥑🎮 📖 check out this month's creator on the rise → https://t.co/piQXh5mGLM
2022-10-16	look, even @MKBHD started his journey at 144p 💗 https://t.co/7zTD7eelTn
2022-10-16	what do you need in order to edit? a quiet snacks and a space good playlist ⬇️ ⬇️
2022-10-17	your fans want to see more of your content ! Channel Memberships are a great way to give your community the exclusive access that they want while you make more 💲💲 learn more about memberships here: https://t.co/x3a2IXhomV
2022-10-18	a little inspo to finish spooky season strong 📆 https://t.co/E1m4WeYz7Z
2022-10-18	psst! the Creator Summit is coming back to Europe and rumor has it some of your fave creators are gonna be there! hint: @noorstars26, @lasizwe, @TheNaomiJon, to name a few 👀 tag the creator you are most looking forward to seeing!! #CreatorSummit https://t.co/cUtnd0VIbY
2022-10-18	when creating Channel Memberships, you will need to set up your levels and perks. here are some things to consider: - exclusive videos and live streams - members only community tab posts - milestone chats - shout-outs ➡️ https://t.co/31JhPPgXRy
2022-10-19	if you could collab with any creator who would it be and what would the video be titled? 🤔
2022-10-19	✅ collaboration ✅ support ✅ connecting with your audience @wunmibello and @flexutd give you the inside track on engaging with your community and navigating opportunities ! https://t.co/uSeln5gXFb https://t.co/KQDhUbgx8p
2022-10-20	coffee makes me feel like i'm filming at 2X speed
2022-10-20	connect with your viewers during premieres and live streams by using Super Chat and Super Stickers 🫶 these features allow your community to stand out in chats with colors and animated stickers → https://t.co/6EWRwOQpoa
2022-10-21	creators offering their best advice at the #CreatorSummit in Europe? priceless ✨ hear from @DanRhodesMagic, @markangelcomedy, @ELEANORXNEALE &amp; more on what they would say to all the creators out there. what piece of advice are you taking with you? https://t.co/hkW5XJexIW
2022-10-21	so you're interested in enabling Super Chat and Super Stickers but don't know where to start? we've found that these tips help in breaking through: 🤝 provide the value to your fans 💞 show gratitude 💬 foster a conversation &amp; answer q's more info: - https://t.co/cvq9uLnN6N
2022-10-21	we're already friends, but wanna be close friends? get access to exclusive content, relatable moments, and insider intel, *made by creators, for creators* by: 1) following @YouTube on IG 2) replying to the most recent post with a 🐛 !!
2022-10-22	be for real, what's on the agenda today? editing napping ⬇️ ⬇️
2022-10-22	hey (with the intention of complimenting your thumbnail)
2022-10-22	scrolling through all the pics from #CreatorSummit in Europe to take us back to hanging out with all these creators 💗 https://t.co/uNGlqiLYXa
2022-10-23	drop the video that always gives you a little more motivation 🧠
2022-10-23	that feeling when you finally finish planning out your content for the following month 😌
2022-10-24	before international internet day this saturday, check out these steps to proactively keep you and your channel safe: ☑️ enable two-step verification ☑️ consider using a separate email just for your channel ☑️ create a strong password more on security: https://t.co/TIEJ6O3C7q
2022-10-24	drop a link to a video that taught you something new today ⤵
2022-10-25	did you know you can create blocked word lists in Studio? this prohibits specific words from showing up in your comments. consider adding the following to your list: - your real name - home address - hurtful words - personal info https://t.co/ABiSX4gRPR
2022-10-25	the best part about being a creator is.. the the creativity ✨ community 🫂 ⬇️ ⬇️
2022-10-25	tomorrow is the day ! join us as we chat all things #YouTubeShorts Community 🤳 https://t.co/4gW1LYWqgY https://t.co/GH13drn9io
2022-10-26	and we are LIVE❗ interested in joining the #YouTubeShorts Community? → https://t.co/WnAUCHQQYr
2022-10-26	https://t.co/2QxnaZ9UxQ
2022-10-26	it's 🔑 to be vigilant about what you share on your channel. avoid sharing your real name, places you work/frequent, street signs, house numbers, and pieces of mail. once you share something on your channel, it will always be out there. learn more → https://t.co/iaZYvsn86D
2022-10-26	share your funniest blooper moment ⬇️
2022-10-26	✨ monetize your videos while using the perfect song ✨ choose from artists like @marshmello and @odesza, with options for every budget. Creator Music is starting to roll out to YPP creators in the US. watch the full explainer → https://t.co/wiQ56vRcEj
2022-10-27	joel m and @kateelisaxo show YOU how to evolve your channel and reach new audiences by using new and exciting formats – like #YouTubeShorts ! joel’s #1 tip? *start NOW* → https://t.co/hSGb9Pqx7L https://t.co/3mnePrdetd
2022-10-27	so… who’s got Halloween video plans? 🎃
2022-10-28	3 tips from @AndruEdwards on starting a channel? just what we needed! hear what he had to say for creators just starting out in the tech industry, and beyond ⬇️ more from andru: https://t.co/rBcCbiFLJS https://t.co/qodanDyDQz
2022-10-28	confidence ✅ passion ✅ ambition ✅ @flexutd @thehackofficial @kaisercoby and Temi Danso are creators with all three. discover the limitless worlds they and others from the community have built, and start your own #YouTubeBlack journey: https://t.co/1rUEgTcHj3 https://t.co/SNvo4f8zMw
2022-10-28	i hope that the safety tips shared this week were helpful to you !! for more info on all things protection and security, visit the Creator Safety Center ⬇️ https://t.co/9jD3Eh9PS7
2022-10-28	scared of contracts? Wine n' Chill is here with advice for her fellow #YouTubeBlack creators, and it's about asking *all* the right questions 💬 more from her: https://t.co/w4loXAUYms https://t.co/oFggZJBWMb
2022-10-28	🚨 set boundaries with your audience! 🚨 determining how much of your life you want to share on your channel should help prevent unwanted interactions. more info: https://t.co/icru2LUXNw
2022-10-29	did anyone else feel like @MisakoEnvela when they became a full time creator? it's 👏 a 👏 valid 👏 emotion 👏 https://t.co/Ss5LZXeyqX
2022-10-29	science.. but make it fun 🤩 📖 @HelloMelissaM discusses how she went from failing chemistry class to having that very topic lead her successful channel. hear more about her creator journey → https://t.co/xFAhYik7SW
2022-10-29	✅ snacks ✅ drinks ✅ cozy sweater ok i’m ready to edit some videos
2022-10-30	my creator community is.. my my inspo 💞 motivation 🤝 ⬇️ ⬇️
2022-10-31	"make sure you don't get caught up in posting schedules and strategies and end up making videos just for the sake of making videos. if you're just filling space, that's not going to connect with anyone." - @itsginnydi on creating what YOU want to 🌟 https://t.co/q9itRjFrTd https://t.co/u9yTs1etG8
2022-10-31	like if your channel just got spookier 🕸
2022-11-01	no edit november, everything has to be one take lol
2022-11-01	november has arrived 🍂 what are your plans for content? check back in a few weeks for the moments from the second half of the month 👀 https://t.co/1d1bLFys0y
2022-11-01	whether she's teaching you to grow online or create a profitable business, creator coach, @jadebeason, always has the *best* advice to help creators thrive !! keep watching for her top tip 👏 more from jade: https://t.co/C9kjFcWPVS https://t.co/kHtHt3Jwqn
2022-11-02	ambient mode adds ~flair~ to videos... and gives you the opportunity for creativity !! this mode splashes a lil color to the app background, so you can try playing with borders, closed captions, and color. learn more ! ⤵️ https://t.co/8ukZfho1LE
2022-11-02	are you a licensed healthcare professional? do you discuss health topics in your content? 🤔 you now can apply to make your channel eligible for health product features. @RealDoctorMike's here to tell you more ⬇️
2022-11-02	morning cuppa 🤝 video editing
2022-11-03	from traveling the world with brands, to thinking beyond long form video, joel m and @kateelisaxo dive into the world of #YouTubeShorts, podcasts, merch and more: https://t.co/hSGb9Pqx7L https://t.co/2B7KugaEAI
2022-11-03	ok you’re in the kitchen cooking up a feast… tag that creator you can *always* rely on for some recipe videos 🥘
2022-11-04	who else watches their friends’ channels in theater mode and 1080p so you support them in ✨high def✨
2022-11-07	so many more people believe in you than you realize 💗
2022-11-07	your boy @FlexUTD has nothing but incredible things to say about the motivation and inspiration he gets from the whole #YouTubeBlack community. discover him and other creators here → https://t.co/1rUEgTuiaB https://t.co/QRE9dnKgBx
2022-11-08	CAPS LOCK STAYS ON WHEN I’M WRITING VIDEO TITLES
2022-11-08	recently we chatted with a few creators from the #YoutubeShorts creator community about all things content creation !! this was @fritzdoesart_'s take on staying inspired 👏 miss the event? listen to it here → https://t.co/lO5M00gvg7 https://t.co/waeAqpEi0w
2022-11-09	first date idea: we fall in love, start a travel channel, name our children You &amp; Tube
2022-11-09	from engineer to one of the most creative voices in the community! #YouTubeBlack Voices Fund class of '22 member, @temi_danso, is building a world free of judgment 💞 find out more → https://t.co/1rUEgTdf8B https://t.co/fk0qT0s2oX
2022-11-09	if you could get 1:1 coaching from a top creator, what would you ask? 👀 #YouTubeCreatorSummit is heading to Asia, where top creators will be sharing their words of wisdom. drop your questions for them below ⬇️ https://t.co/iSZ7Zqj43O
2022-11-09	it's never too late to work on maintaining your work-life balance. when asked about digital wellbeing, @studiojibby_ weighed in with this take 💞 more from our #YouTubeShorts creator community → https://t.co/lO5M00y67F https://t.co/z55rcYh601
2022-11-10	crazy how creators are actors, directors, &amp; editors all in one
2022-11-10	when creating #YouTubeShorts, @Laframbuesaa stressed that it's all about quality over quantity 💫 more tips from our Shorts community here → https://t.co/lO5M00y67F https://t.co/dYUl7mAQMR
2022-11-11	11/11 make a wish 🤩 i wish that my footage wasn't corrupted 😭
2022-11-11	rounding out the week with this beautiful message from @itsheidiwong ✨ this is exactly what we needed !! to listen to more wise words from the #YouTubeShorts community, click here 👉 https://t.co/lO5M00y67F https://t.co/Ed9aTuCCgd
2022-11-12	drop the link to the video you are most proud of ⬇️
2022-11-12	what video would you pull up if asked to show 1 video that represented your channel? this month's creators on the rise were asked just that, see what they picked! → https://t.co/8CdCbNYnnJ
2022-11-13	although everyday is a good day to be kind, today is #WorldKindnessDay 🫶 shoutout a creator who stays using their channel for good !!
2022-11-13	🍗 reminder to make cooking videos this month 🍗
2022-11-14	"i'm just gonna stay on for 5 more mins guys" 🤝 2 hour-long livestream reply with some of your go-to tips for a 10/10 livestream 💻
2022-11-14	sense. of. belonging. we asked @thehackofficial to describe the #YouTubeBlack community and how the Black Voices Fund has unleashed his creativity 🌟 discover him and other creators here → https://t.co/1rUEgTdf8B https://t.co/HeR8JhBHZp
2022-11-15	content or behavior intended to harass or bully others is not allowed on YouTube. here's a few scenarios violate community guidelines: ▪️ maliciously sharing info about another individual ▪️ threatening someone's physical safety ▪️ much more, here → https://t.co/9k2u3vFOhY
2022-11-15	tag the creator that already has holiday videos up 🤗
2022-11-15	the way we are already half way through november... 🫣 https://t.co/iQLGIboNmF
2022-11-16	"eating is what motivates me, so that’s what I do!" staying consistent with your channel can be hard, but foodie @bayashi_tv_2's advice at #YouTubeCreatorSummit is simple: it's all about finding what motivates you and building your channel around it. https://t.co/DSStiTizFA
2022-11-16	.@amandarachlee shares her ~ favorite ~ YouTube updates! watch how ambient mode helps you create an immersive experience, while pinch-to-zoom gives you the opportunity to hide a few easter eggs 👀 https://t.co/KvJuNVkHeN
2022-11-16	creators are sharing their wisdom at #YouTubeCreatorSummit in Asia. here’s Mister Vit's tips on balancing the demands of being a creator: ⏰ find your ideal work schedule and stick to it 🍏 eat well, exercise, and stay healthy! 🤝 don't go it alone, find experts to partner with https://t.co/lYofYdpD7k
2022-11-16	not here for hate speech !! content promoting violence or hatred against individuals or groups based on any of the following attributes will be removed: 🔹 age 🔹 ethnicity 🔹 gender identity 🔹 sexual orientation 🔹 more here → https://t.co/La21aWiueL
2022-11-16	which is more important ?! catchy fire title thumbnail ⬇️ ⬇️
2022-11-17	if you've got an idea 💡 you should just go ahead and do it ! @MrHunterMedia giving me the inspo i needed → https://t.co/SmgQx0BXf2
2022-11-17	we’ve spent the last few days being inspired, educated and motivated by all things #YouTubeBlack UK at the end of year celebration event. some highlights
2022-11-17	what’s one thing you wanna say to allllll your subscribers? 💗
2022-11-18	let's set the scene.. it's 7pm and you just made dinner, you get your plate together and then sit down. you open up YouTube... what video are you clicking on?
2022-11-18	rounding out #TransAwarenessWeek with some wise words from @_samanthalux 🙌 she encourages you to create content that you feel proud to show off !! more from her → https://t.co/sDxLN4B9k8 https://t.co/Orj2MAtfuF
2022-11-19	another year, another #YouTubeBlack celebration complete. we have a hundred highlights from London and Cape Town - but here are four! 🎉 https://t.co/KeOR8jZE22
2022-11-19	fall is vlog season i don’t make the rules
2022-11-19	you’re doing amazing sweetie 📹
2022-11-20	thank you for giving the community something to like &amp; subscribe ❤️
2022-11-20	👏 use what you already know 👏 by doing this you can educate and connect with your audience ! check out more from Sierra this Native American Heritage Month: https://t.co/AYHQK5V9xr https://t.co/UpL6WCpTnS
2022-11-21	be honest: how long did it take to get comfortable listening to the sound of your own voice? 🤔
2022-11-21	do you have a presence in your own comment section? here's a few ways to create conversation and build excitement in your comments: 🤝 acknowledge and listen to audience feedback 💬 answer questions 💓 thank viewers individually
2022-11-22	whether it's challenging yourself, getting out of your comfort zone, or experimenting with new ideas, @mistahindz wants you to think about your end of year goals 📆 listen to his resolutions and click the link to enter the #1 chill spot on YouTube ⤵️ https://t.co/1OcxWF8xHY https://t.co/j5K97jb0pR
2022-11-22	who do you collab with most? family friends, members duh ⬇️ ⬇️
2022-11-23	show your viewers you appreciate them by interacting with comments !! heart, pin, and reply to the type of comments you want to see more of ❤️ 📍 🗯️
2022-11-23	⬇️ share your pre-filming process ⬇️
2022-11-24	if you were to collab with your favorite creator on a food video, who is it, and what would the video be titled? 🍽
2022-11-24	which creators inspire you to keep making content? let them know you are thankful for them ⬇️
2022-11-25	ok but what is the best part of the content creation process? filming, posting &amp; reading editing comments ⬇️ ⬇️
2022-11-25	pro-tip: creating videos for a specific niche can help you build a connection with your viewers based on common interests, gain more views from a specific community, and determine how to structure your videos 🌟
2022-11-26	don’t forget to hit record!!!!! 🔴
2022-11-26	who else is heating up leftovers while waiting for their video to upload? 😋
2022-11-27	those butterfly feelings when you get a great video idea 🦋✨
2022-11-27	your videos might be the reason why someone started building their confidence in creating 💗
2022-11-28	have you been using the #YouTubeShorts align tool ? this allows you to line up your clips for the ✨perfect✨ transition. learn more → https://t.co/hNUt4onz6u
2022-11-28	it was never a flop era. you were just resting 😌
2022-11-29	reminder: you can schedule your #YouTubeShorts in the YouTube Studio 🙌 need a refresher? more info here → https://t.co/HRmmZa40aa
2022-11-29	you have so much time to hit *all* those milestones you’re manifesting 💫
2022-11-30	in just 30s, @shahveerjaay, @techsatire, and @theofficialgeet share what advice they would give themselves when they were first starting their channel! 📍 #YouTubeCreatorSummit in Asia. https://t.co/OY7YvUmimk
2022-11-30	like if you are a sagittarius content creator 👑 ♐️ ️ drop your channel below!
2022-11-30	soooo how did it go?
2022-11-30	your next #YouTubeShorts are only 3 steps away !! 1️⃣ tap Create and then Create a Short. 2️⃣ select the length of your Short above the record button. 3️⃣ hit 🔴 and enjoy!
2022-12-01	december was made for vlogmas and it's time to have that discussion
2022-12-01	have you heard? it's already december 😳 check back in a few weeks for more holidays that might not have been on your radar ! https://t.co/MER81xeLYC
2022-12-02	remember the creator you were a year ago? yeah, they’re super proud of you now ✨
2022-12-02	you can enhance your content in many ways using the #YouTubeShorts speed tool. a few thought starters: 👠 spice up your OOTD vids 🤳 speed up your "day in my life" vlogs 🏀 slow down your trick shot
2022-12-03	just starting your YouTube journey? here's what @muselk, @chloe_ting, and @HollyKunicorn would tell their younger selves, from #YouTubeCreatorSummit in Asia. https://t.co/56pdQVwmMi
2022-12-03	what's your fave element of your filming background? neon light? empty mug? half dead succulent? let me know.
2022-12-04	after posting a video i.. immediately go touch rewatch it ✅ grass 🌱 ⬇️ ⬇️
2022-12-04	drop an emoji to describe your winter content ⬇️
2022-12-05	looking to make your channel more accessible for your viewers? here are some tools to use: 🔘 closed captions 🔘 subtitles 🔘 translated titles and descriptions learn more → https://t.co/KfXJ7hgsKc
2022-12-05	quote tweet this with your fave video moment from your channel in 2022 with no context, and we will respond with what we think is happening - GO ⬇️
2022-12-05	you're invited! 🤩 to the funeral 💀 your camera battery has been dead for days 😤
2022-12-06	pro-tip: if you light enough of the candles from your black friday haul they can double as the world's worst ring light
2022-12-06	you can add subtitles to videos you have already uploaded !! take one of two routes to make the content on your channel more accessible: 🔹 the "Subtitles" page in YouTube Studio 🔹 a specific video's "Details" page more info on captioning: https://t.co/KfXJ7hgsKc
2022-12-07	captions allow you to share content with a wider audience, including viewers who speak another language and deaf or hard-of-hearing viewers. explore adding subtitles to your content the following ways: 🗣️ auto-sync 💻 type manually 💬 auto translate → https://t.co/6qsYWmlj1h
2022-12-07	how much time do you think you spent editing out your own awkward pauses in 2022?
2022-12-08	bestie vibes only from @heybriajones 💞 even if you aren't getting the results you want right away, Bria is here to encourage you to stick with your content and the community will come !! more from your internet bff → https://t.co/KGb90tkUtu https://t.co/neWoiQvjfw
2022-12-08	i can’t create without.. my lil 8 hours of bevs 🥤 sleep ☁️ ⬇️ ⬇️
2022-12-09	for best results when creating a transcript file for captions, consider these tips: ✅ to start a new caption, use a blank line ✅ to designate background sounds, use square brackets. ex: [laughter] ✅ add &gt;&gt; to identify speakers or change of speaker → https://t.co/IKlXhj6446
2022-12-09	the editing on the couch to 3 hour nap pipeline 🫶
2022-12-10	.@lydiadinga was the host of #YouTubeBlack Creator Day, with sessions covering everything from YouTube’s latest updates, to advice on working with some of the best brands in the biz! watch the highlights right here → https://t.co/VkK2ODkLry https://t.co/2BMH1EHiEO
2022-12-10	if you could gift 3️⃣ items to a creator just starting out what would they be?
2022-12-10	need some motivation 💗 tag the creator who always knows what to say!
2022-12-11	my new year's resolution is cable management 🔌
2022-12-11	whatcha filming today?
2022-12-12	Taf of @thewallofcomedy has some tips for working with top brands: ✅ define yourself ✅ define your values ✅ define your community discover more from #YouTubeBlack Creator Day → https://t.co/U05qCQDBR9 https://t.co/yyrdqgng40
2022-12-12	just in case you needed to revisit Blondesign's sage advice for making a sage workspace in the new year 🥰 https://t.co/JP7i54LIb0
2022-12-13	manifesting only the best comments for you &lt;3 read below for updates on how we’re working to keep you safe from meanies --&gt; https://t.co/xbEopsutgw
2022-12-13	trends come and go in a blink of an eye. why not add your flare and make them your own? @JaleesaJaikaran with some 🔥 advice! https://t.co/e7qCQqPybN
2022-12-13	what’s a creators natural habitat? wrong answers only 🎥
2022-12-14	.@ChefJonKung's here to tell you not to let minute-long content intimidate you! ready to try it out next year? https://t.co/jPS06BFYEd
2022-12-14	see how the Black Voices Fund enabled @flexutd to take that *next* step in creating, via new equipment and a studio space catch the highlights from #YouTubeBlack Creator Day here → https://t.co/RLyJN9stf5 https://t.co/rI7B2HucbS
2022-12-15	even when transitioning to a new niche, remember this wisdom from @imurgency: ✨you've got this✨ https://t.co/9WQ2LFXEEa
2022-12-15	how are you planning on spending the last 2 weeks of 2022? https://t.co/aJNLbH8df1
2022-12-15	miss some of the #YouTubeShorts Community Twitter spaces events this year? don't worry, we took notes → https://t.co/7MQ8roVASD
2022-12-16	BriTheMathGuy 101: having fun with your content *always* means getting a little experimental! 🔬 https://t.co/e2vVe8GXJL
2022-12-16	when you're in a creative rut, you can always count on going back to the content that speaks to YOU ❤️ check out how @heynadine prioritizes making content that she stands by! → https://t.co/9ForSUwtes https://t.co/eJ85kEjTZB
2022-12-17	the holiday creator MVPs are.. DIY creators cooking creators ✂️ 🍗 ⬇️ ⬇️
2022-12-17	this is your sign to film a day-in-the-life vlog 💫
2022-12-18	drop a channel tip, take a channel tip ⬇️
2022-12-18	hey i really like that 10 hours of crackling yule log playing in the background of your new video 🔥
2022-12-19	anyone making videos with the family over the holidays? ❄️
2022-12-19	say it with me: resting is a *right* not a privilege. here are some tips for avoiding burnout during the holidays and beyond → https://t.co/OaPFcWPZys
2022-12-19	who better to introduce the #YouTubeBlack Voices Fund Class of 2023 than…the Class of 2022 💞 @Adaezes_space is here to introduce you to @cent_twinz. take a look at how these two are bringing ✨ energy ✨ to their channel!! https://t.co/0jABnuHb8q
2022-12-20	gift your viewers with bloopers !!
2022-12-20	your ultimate guide to filming during the holidays: 🎁 know what you feel comfortable sharing! it's ok to set boundaries ❄️ ask for permission from anyone you feature in a video! ✨ need time off? take it!
2022-12-21	how do the holidays affect your productivity?
2022-12-21	let's leave burnout in 2022 😤 setting a content schedule and making a to-do list (and sticking to it! 👀) are great ways to prevent burnout. → https://t.co/OaPFcWPZys
2022-12-22	#YouTubeBlack Voices Fund Class of 2022’s very own @Adaezes_space is blessing the timeline to introduce the Class of 2023’s Olive Nkirote of ONR! Olive is all about helping you get that financial glow up 💸💸💸 https://t.co/4KtsFEYhMc
2022-12-22	all upstairs neighbors are obsessed with rearranging furniture after you hit record 😤
2022-12-22	when you continue to do work in bed, you're not getting the proper rest you need!! make sure that space is screen-free and dedicated to 😴😴😴 → https://t.co/OaPFcWPZys
2022-12-23	DIGITAL WELLNESS CHECK!!! are you... 1️⃣ recognizing your burnout? 2️⃣ scheduling your time? 3️⃣ unplugging from devices, if you can? 4️⃣ taking breaks?
2022-12-23	sending creativity and patience to everyone who’s stuck in an editing wormhole rn !!
2022-12-24	SO MANY fun channels featured on this month's creator on the rise!! ~including~ 🎂 cake decorating ⛺ van life 🛹 fingerboarding 👀 much more, here → https://t.co/tkkkt6a2hS
2022-12-24	even if you didn’t finish making all your ideas *this* year, you'll have plenty of time next year ☺️
2022-12-24	✨ manifesting many gifts for an unboxing vid ✨
2022-12-25	today’s affirmation: 2023 is my YouTube Creator Award era 🤩
2022-12-25	🌟 take a breath ☕ drink hot cocoa 😌 enjoy time off
2022-12-26	.@aJaDaNg's here to help you set a ✨VISION✨ and achieve your goals!! check out how Aja uses vision boards when feeling creatively stuck → https://t.co/C92zciNSnb https://t.co/22Kl7SWKNJ
2022-12-26	sometimes the most random things inspire a video idea lol
2022-12-27	*takes a 2023 planner out* you ready to set some goals?? 😤 here's how Mariana's Corner makes a plan &amp; gets things done → https://t.co/go87datfky https://t.co/2s7CuTGEF9
2022-12-27	thinking back on 2022 has me.. in my feeling feelings 🥹 motivated 😍 ⬇️ ⬇️
2022-12-28	the villain has *always* been procrastination 🥹 @AliAbdaal shares some much needed advice for understanding &amp; solving distractions!! → https://t.co/d6pAcdC8YJ https://t.co/x9uudcDH6m
2022-12-28	thinking about all the amazing videos that are gonna be made in 2023 😌☁️
2022-12-29	2022 is nearly coming to an end! try the following activities in the last moments of this year: 💛 reflect on all you have accomplished 💤 take a rest 🗣 share something you're proud of ⤵️
2022-12-29	if you need help getting comfortable in front of a camera, you are NOT alone! thankfully @ErinOnDemand's here to walk you through some tips for getting that on-camera confidence 🎥💫 → https://t.co/eSogFejVJ6 https://t.co/pBVT5USl2r
2022-12-30	how are you planning to spend this weekend? 🫂 catching up with family 💻 editing 🥱 much needed rest 🔽 other, tell us!
2022-12-30	this New Year commit to ✨ putting yourself first ✨ it's a journey worth taking, and Lynette Adkins is here to tell you why → https://t.co/BMIv7hm83p https://t.co/9CbtpW2asD
2023-01-01	a New Year's ball drop but it's just me dropping a like on all my fave creators' videos 🪩❤️
2023-01-01	it’s ok to take a little r&amp;r before making your first video of the year ✨
2023-01-01	may your views be plenty and your comment sections be full this year 😌
2023-01-01	ok it's NYE... mantra check in 👀
2023-01-02	what’s a more iconic vlog cameo? my pet duh my mom lol ⬇️ ⬇️
2023-01-03	make your brand *known* by editing the following tabs on your channel: ✅ channel trailer ✅ featured video ✅ banner ✅ description ✅ much more, here → https://t.co/2BPFXDs9DD
2023-01-03	you have an *entire year* for your resolutions: don’t burn out this month!!
2023-01-04	don't forget to add featured sections to your channel !! these sections allow you to customize what viewers see when they land on your homepage. more on curating these videos and playlists ➡️ https://t.co/ySmwKzalJC
2023-01-04	on wednesday's we.. film 💫 edit ✨ ⬇️ ⬇️
2023-01-05	are you using the video watermark feature on your channel? you can choose when you want this small graphic to appear, whether at the end, at a custom start time, or throughout the entire video !! learn more about channel customization: https://t.co/ySmwKzalJC
2023-01-05	what’s the longest video you’ve ever edited? 🖥️
2023-01-06	build your brand on your channel by including basic info like: 1️⃣ channel name 2️⃣ description 3️⃣ translations for your name and description in other languages 4️⃣ links to sites you want to share 5️⃣ contact information more tips→ https://t.co/ySmwKzalJC
2023-01-06	top 3 things you wish you knew when you first started creating? ⬇️
2023-01-07	collabing with other creators = joy 🥹
2023-01-07	reminder to find your light when filming ✨
2023-01-08	any tips for creating an ✨ aesthetic ✨ on your channel?
2023-01-08	hoping all the videos you make this week are easy &amp; fun &amp; that people love them!!
2023-01-09	interact with your viewers beyond video over on community tab! use this feature to post: 📈 polls 🌟 gifs 🖼️ images more, here → https://t.co/hOxoi3po2g
2023-01-09	what is one *brand new thing* you’re going to do to freshen up your videos this year?
2023-01-10	ok so you want to get community tab up and running on your channel? 🤔 there are a few ways, like hitting 500 subscribers! follow the link to find out more → https://t.co/hOxoi3po2g
2023-01-10	what's a creator thing you do that you're CONVINCED no one else does?? 🤔 maybe it's a pre-filming superstition, maybe it's an unconventional editing routine: share in the replies!!
2023-01-11	creating a YouTube Story is as easy as 📲 → ➕→ 🎬 just hit the ➕ sign on mobile to add to your story, and use fun effects like filters and stickers. for more info on Stories, check this out → https://t.co/Uj7s91xmui
2023-01-11	💗 a reminder that your videos are amazing 💗
2023-01-12	sending unlisted videos to my friends is my love language 😚
2023-01-12	this one's for channel members 😌 share exclusive content with subscribers who sign up for a channel membership, and show them some love for supporting you! click the "content" tab in YouTube Studio to manage your channel membership → https://t.co/ecmlaF3yJs
2023-01-13	"don't do it for numbers, do it for you" - Andrew Bernard from Nard Dog Cooks with a great take on loving the content you put out 💞 for more inspo ➡️ https://t.co/hR9GphxiGO https://t.co/JIgEFa8rj5
2023-01-13	are you introducing any new formats on your channel this year?
2023-01-13	make your Story 💥POP💥 with stickers! tap "Stickers" in Stories to add customized elements that tag creators, locations, and more! for the full 411 on YouTube Stories, check out → https://t.co/Uj7s91xmui
2023-01-14	manifesting this perfect day ⬇️ 9AM: wake up and film a GRWM Short 12PM: receive my #YouTubeCreatorAward in the mail 3PM: nap 6PM: film a mukbang from my fave restaurant 8PM: watch my fave creator's new video 10PM: goodnight
2023-01-14	⬇️ SOS: share ways to spark creativity when you simply aren't feeling creative!! ⬇️
2023-01-15	halfway through the first month of 2023 ❤️ what have you accomplished on your channel that you're most proud of?
2023-01-15	when your pet appears in the background of your video...that's called a collab
2023-01-16	instead of saying "literally" i'm going to start saying "no clickbait"
2023-01-16	lighting, sound, and framing are *key* when creating #YouTubeShorts !! take into account these 3 elements and learn more here → https://t.co/LklbkpHwxc
2023-01-17	did you charge your camera battery today? 🔋
2023-01-17	how to use Green Screen on #YouTubeShorts: 1️⃣ go to the Short or video you want to use as background 2️⃣ select the 3 dot menu, then "Green Screen" 3️⃣ use the trim tool to edit the video featured 4️⃣ pinch to move yourself in frame 5️⃣ record!!! https://t.co/uh4aL07Gwl
2023-01-17	ready for some cash?? Shorts ads revenue sharing starts February 1 😍 if you’re in YPP, review &amp; sign new contract terms in YouTube Studio to start earning. and, if you’re not yet in YPP, no sweat: learn more about eligibility here → https://t.co/iGRrq4XJoy
2023-01-18	best type of videos to make during winter? ⬇️
2023-01-18	psst: cutting #YouTubeShorts is super fun! have you tried it? https://t.co/KM2L2BBhER
2023-01-19	be proud of yourself!! 😤
2023-01-19	save the date 6.21-6.24 xoxo https://t.co/L7SJSpZfoz
2023-01-19	🌟 pro-tip 🌟 you can create #YouTubeShorts from existing videos on your channel: 1. select the video 2. hit the "Create" button and select "Edit into a Short" these shorts will link back to your original video, offering a lil promo! https://t.co/GSwZAuOyot
2023-01-24	creators really make something out of nothing and that’s amazing 🔮
2023-01-24	one way to know if being a creator is for you? bank ✨ your ✨ content ✨ hear Norm from @Tokyo_Lens' take on starting a channel and ensuring you love what you do ➡️ https://t.co/o4xc5mF0tK https://t.co/XvdHTNvc6d
2023-01-25	beware of phishing scams 📩👀 these emails may ask you for your login, credit card info, and more...but don't fall for these suspicious emails!! learn more about phishing &amp; how to protect your account here ➡️ https://t.co/VC5uKlqOly
2023-01-25	one thing about me is i *will* like my friends' videos before i even watch them 💗
2023-01-26	✨ this is your sign to enable 2-step verification ✨ with this extra level of security, you'll be able to log into your account with your password and your phone. for a deeper dive into this security measure → https://t.co/pDdCqCmggQ
2023-01-27	grant your team access to your channel with Channel Permissions 🤗 1️⃣ go to YouTube Studio settings 2️⃣ click "Permissions" 3️⃣ click "Invite" and enter their email address 4️⃣ click "Access" and select the role you’d like to assign more on roles → https://t.co/dnxJAUcQoy
2023-01-30	creating inclusive content can help your viewers feel connected to your content! use your channel to combat stereotypes by considering the perspectives and sources you use. here are a few questions to ask yourself ⬇️ https://t.co/i1Wzsff5UC
2023-01-30	ok let's hear it.. dream collab?
2023-01-31	have you ever wondered how your channel looks in the eyes of a new viewer? think about all aspects of your videos, like thumbnails, titles, descriptions, and features! now, ask yourself this ⤵️ https://t.co/SeGiTGDYo1
2023-01-31	wait.. january is about to be over already?? *squints at resolution list*
2023-02-01	Shorts ad revenue sharing starts TODAY 🚀 learn more about how it works, and how to qualify for the YouTube Partner Program → https://t.co/UthBPShGds https://t.co/HaX6TLj3UX
2023-02-01	engaging with creators who have diverse perspectives is a step towards creating inclusive content 🌟 consider how your channel can support creators from underrepresented communities and ask yourself these qs! https://t.co/W2QoLWvZ6Q
2023-02-02	would you rather.. 👀 never be able to read your comments again 💌 never be able to leave a comment again
2023-02-02	your team is a reflection of you! diversity among your production and editorial teams is crucial to creating inclusive content 💗 consider these questions ⬇️ https://t.co/29xMxZJSGA
2023-02-03	don't ask me why there are tears in my eyes (also don't ask me where my SD card is)
2023-02-03	meet @ThatWalkerYT, a longtime creator that pushes himself to feel uncomfortable 💕 tune in to hear his approach to content creation and then head on over to @YouTube's channel to check out some other incredible creators featured this month ➡️ https://t.co/cpzDiWvCin https://t.co/WEOGMMzkT3
2023-02-04	what's your most used emoji in video titles?
2023-02-04	when you’re editing and hear what your voice actually sounds like 🫠
2023-02-05	what does your perfect day of creating look like?
2023-02-05	🚨 qrt this with your latest video 🚨
2023-02-06	a few trends to note while brainstorming new content! 1️⃣ creator-driven content is taking over 2️⃣ long-form &amp; short-form video pack a punch when used together 3️⃣ creators are the new content studios hear some of @Youshaei's input on these topics ⬇️ https://t.co/gKyYILQhMF
2023-02-06	me at the coffee shop getting ready to edit: “ya can i have one of everything please”
2023-02-08	if you create #YouTubeShorts with lip-syncing, voice over, or action shots, consider testing out the Speed tool. this feature can help enhance your Shorts! more info ⤵️ https://t.co/ieFCiMQ7Nt
2023-02-09	from creator to CEO 😎 @FeelGoodFoodie, @studiojibby_, Spencer Barbosa, Huxley The Panda Puppy, &amp; Mike Osterman are here to inspire you to build your passions into your brand, just like they did! 💞 https://t.co/i9ZK1NhHca
2023-02-09	tag the creator that made you want to level up your channel 💕
2023-02-10	it's not too late to set your 2023 goals 💞 if you're feeling inspired this weekend, check out these goal-setting tips from Jade Beason! 📝 make habits, not resolutions 🌅 broaden your horizons 🌞 establish a morning routine more tips here! → https://t.co/WAX2N9UXdL
2023-02-10	⬇️ drop a video that your younger self would be proud of ⬇️
2023-02-11	looking to learn more about Shorts and ad revenue sharing? @ColinandSamir, @YouTubeLiaison, &amp; @tdd deep dive into: 🤝 how ad revenue sharing works 📈 succeeding on Shorts 🗑️ algorithm myth-busting check it out → https://t.co/E3EApNPcwo https://t.co/sWGAPfHcqE
2023-02-13	if you could send a rose to *one* creator, who would it be? 🌹
2023-02-13	roses are red, violets are blue, you can be rewarded just for being you! 💕 turn on channel memberships to give your fans member-only ✨exclusive✨ content and get rewarded in return! learn more about channel memberships here → https://t.co/4jIRR4lRCw
2023-02-14	i ❤️ creators
2023-02-14	your audience can show you some love with a channel membership 💖 from making an announcement video to telling your members about gifting memberships to the community, let the people know about your membership perks! 🗣 → https://t.co/4jIRR4ljMY
2023-02-15	take a walk to clear your mind &amp; leave that creative rut behind 💫
2023-02-15	your members are the ultimate Valentine 🥰 and, by gifting memberships, they can give other fans 1-month access to your channel perks (members-only content, loyalty badges, custom emojis, and so much more!) → https://t.co/loClbpzZv3
2023-02-16	thank you @SusanWojcicki for all your amazing work over the years to make YouTube home for so many creators ♥️ https://t.co/T2t2NUqRsW
2023-02-17	drop a thumbnail you wish you made ⬇️🎨
2023-02-17	💕 Super Thanks 101 💕 with Super Thanks, you can identify &amp; interact with your biggest fans. a great way to boost community is replying to Super Thanks comments by liking or commenting back. shouting out your fans keeps the love (&amp; rewards) all around! https://t.co/Uce8LKO0df
2023-02-18	engaging with your audience is a good way to build community, and using Super Chat &amp; Super Stickers during live streams is a great place to start! let viewers know about these features &amp; shout them out during a stream to show some love! more tips here → https://t.co/leDSJaG86B
2023-02-18	take a break from editing &amp; treat yourself today 🍬
2023-02-19	filming a video in public and trying to ignore the giant crowd staring at me like 🫣
2023-02-19	remember when you were like “oh i don’t think i could be a creator” and then you did it 🥹
2023-02-20	haven’t explored Creator Music yet? check the catalog for all the jams 🎵 1️⃣ go to Creator Studio, then Creator Music 2️⃣ browse the home page &amp; choose a song that best fits your mood 3️⃣ check back periodically for new additions! here’s more → https://t.co/wiQ56vRcEj
2023-02-20	me proposing to the love of my life: “will you…like and subscribe?” 🥺
2023-02-21	hitting post then trying not to look at the view count challenge
2023-02-21	pro-tip: organizing your videos into playlists is one way of encouraging viewers to watch more of your content. here are some playlist ideas ⤵️ 📷 vlogs 👥 collabs 💬 Q&amp;A's you could even get into more niche categories such as cooking videos, moving vlogs, and reviews!
2023-02-22	how do i start creating on YouTube? how does the algorithm work? how do i make money on YouTube? how do trending videos happen? this page is a resource for all those questions you might be wondering...and more!! ⬇️ https://t.co/cQJAcGlV29
2023-02-22	one day i'll clean my keyboard lol
2023-02-23	milestones are meant to be celebrated !! take some time today to celebrate yourself ❣️
2023-02-23	this Digital Learning Day, say "hello," "hola," or "guten tag" to @andyygmes, a creator who uses her channel to teach about all things language and travel ✈️ check out her content! ➡️ https://t.co/MEVMWSrQVS https://t.co/Sgun8xjXMz
2023-02-24	if you're trying to post more #YouTubeShorts, consider trying out a content schedule! for example .. ▪️ mon - day in my life vlog ▪️ tues - GRWM ▪️ weds - cooking video ▪️ thurs - trick shots ▪️ fri - reacting to old videos ▪️ sat/sun - freestyle!!
2023-02-24	on a scale of 1 to 10, how would you rate your channel ✨glow up✨
2023-02-25	being your best means doing what makes you happy 🥰
2023-02-25	you’re throwing a party with your favorite creators.. who is going to show up late?
2023-02-26	anyone else have a fave pair of editing sweatpants?
2023-02-26	ngl a tripod falling mid-video is so tragic 😔
2023-02-27	DID YOU CHARGE YOUR CAMERA??
2023-02-27	🔥 your video blew up for a reason! 🔥 track your growth by understanding how YouTube recommends videos, what your audience likes most, and how you can make the best out of your channel's impressions → https://t.co/HUxH7gqMYo
2023-02-28	keep things fresh 😌 maximize the growth of your channel by trying new things! that could mean setting up collabs, making #YouTubeShorts, livestreaming, and more! don't know where to start? here are some tips!! → https://t.co/hpMytGsvlC
2023-02-28	“i don’t do drama” *posts the most dramatic thumbnail ever*
2023-03-01	accurate thumbnails with honest titles go a long way 🌟 explore why creators who don't use misleading or clickbait-y thumbnails and titles tend to build great relationships with their subscribers ️💕 → https://t.co/mIGROMUUMc
2023-03-01	don't mind me i’m just analyzing the most replayed part of my video 🧐
2023-03-01	some highlights from @nealmohan's *first* letter to the community!! as of 2022... 💗 more people than ever created on YouTube ▶️ Shorts got 50 *billion* daily views 🎮 gaming vids got over *2 trillion views* explore more from Neal's letter now → https://t.co/s6YsWSergm
2023-03-02	what’s a creator moment you ✨manifested✨
2023-03-02	your data analytics are literally a road map for channel growth! 🗺 track your growth by understanding how your viewers interact with your videos and much more. head to the Creator Studio and click on "Advanced Mode" to explore! → https://t.co/XkrMiJdIQD
2023-03-03	creators make the world go round 🌍🌏🌎
2023-03-03	know *exactly* how your videos and posts are performing 😌 hit the Engagement tab in YouTube Analytics to find how your subscribers are engaging with you, like viewer retention, average viewer duration, your top posts, and more!! → https://t.co/PdxmGhf4tK
2023-03-04	creators are producers *and* movie stars 🤩
2023-03-04	why does my dog think he’s the star of my channel??
2023-03-05	i just want to give a shoutout to my space bar for making it through that last edit
2023-03-05	if you could make a guest appearance on 1️⃣ creator’s channel, whose would it be?
2023-03-06	#YouTubeShorts have that laid back feel 😌 take it from @sortedfood! ➡️ https://t.co/ayFEgyS5nS https://t.co/N6SRdbuNl1
2023-03-06	you're having a friend over for dinner. which of these meals are you trying to make? 🥨 @BingingWBabish's soft pretzels 🥣 @MakeItDairyFree's chickpea curry 🥔 @DaniSpies' potato salad 🥪 @missremiashten's pork belly banh mi https://t.co/53csAsBwFb
2023-03-07	it's no illusion here: the magic to your channel really is consistency! just ask @DanRhodesMagic ✨✨✨ https://t.co/ayFEgySDdq https://t.co/RaT0RHHfha
2023-03-07	what’s your pre-filming ritual?
2023-03-08	don't know if you've found your channel's footing? @HaylsWorld recommends you try EVERYTHING until you do 😎 https://t.co/ayFEgySDdq https://t.co/tHBeiqAFjN
2023-03-08	posing for the perfect thumbnail like 😀😊😚🤪
2023-03-08	today and everyday, remember that there are viewers out there who are waiting to be inspired by YOU and your unique stories 🌟 seeking more wise words this #InternationalWomensDay? check out @thekoreanvegan and other extraordinary creators here ➡️ https://t.co/Wh4QcRe0ty https://t.co/kBKZTw8xwA
2023-03-09	pov: it's 2006 and you're watching your fave creators. what's the first video you ever watched on @YouTube? https://t.co/NM0fWGT4G6
2023-03-09	there's a whole lot of room on your channel for #YouTubeShorts, right @Mrwhosetheboss?? 🤩 https://t.co/ayFEgySDdq https://t.co/I0O3Xywpff
2023-03-10	how are your channel resolutions going?? 👀
2023-03-10	you learn by doing 🌟 so start now, even when things aren't perfect! @sherbetlemon007 has some wisdom for getting it all done 🤩 https://t.co/ayFEgyS5nS https://t.co/Oaz1A93WXw
2023-03-11	power down 😴 you can check the view counts tomorrow
2023-03-11	videos are my… art 🎨 journal 📓 ⬇️ ⬇️
2023-03-12	if you could give your channel an award, what would it be for? 🤔 best thumbnails? funniest viewer comments? most bloopers? let's hear em!!
2023-03-12	people who film mukbangs are called “cr-EAT-ors”
2023-03-13	consider using the #YouTubeShorts Cut tool for the following formats: ✂️ do it yourself 😱 reaction 🗣️ let me explain see examples of each of these formats and learn more → https://t.co/8rjqeQJIL9
2023-03-13	when a creator you love pops up in another creator’s video who you ALSO love 😍
2023-03-14	✨ creative breaks are part of the process ✨
2023-03-14	🚨 new #YouTubeShorts metrics in the "Reach" tab in Studio Analytics 🚨 📱 Shown in Feed: this number shows how many times your Short was shown in the feed 👀 View vs Swiped Away: this is the number of times viewers chose to watch your Short instead of swiping away
2023-03-15	reply to your top comments with #YouTubeShorts 🩳 1️⃣ select a comment 2️⃣ hit "Reply" then the Create Shorts icon keep in mind, the commenter will receive a notification when you respond to their comment. use this tool as a fun, fresh way to interact with your audience !!
2023-03-15	what's in your “watch later” playlist?
2023-03-16	calling all monetizing creators! year end tax forms are now available online in AdSense 💰 find out where to find them and more in the Creator Roundup ➡️ https://t.co/1w8iqtjcTh
2023-03-16	creators love creating creations 😌
2023-03-18	no one will be there for you like your tripod and ring light ❤️
2023-03-18	springtime is for… new collabs new niche ⬇️ ⬇️
2023-03-19	new season, new you 🗓️ how are you changing up your channel for spring?
2023-03-19	you’ve done it before &amp; you can do it again 💕
2023-03-20	spring has sprung, here's to fresh starts 🌱 ☺️ clean off your desk, organize those video files, backup your hard drive, and enjoy this new season.
2023-03-20	💥stay passionate &amp; stay curious💥 @damileearch is here with a reminder to align your content with topics you're interested in, which helps make you channel feel less like a job. learn more from Dami, here → https://t.co/f1B1kKvdv8 https://t.co/5r1Z2jrwps
2023-03-21	the way the days are longer so you have more time to film 🥰
2023-03-21	this is your sign to make your first Short 🌟 1️⃣ tap "Create" and then "Create a Short" 2️⃣ select the desired length of your Short above the record button 3️⃣ hit 🔴 and make your masterpiece
2023-03-22	gaming creators! have you considered creating #YouTubeShorts from your existing VOD content? these Shorts are *great* for driving traffic to your long-form content 🎮 ✨
2023-03-23	Calling all creators!! Earning from short form content just got easier with Shorts ad revenue sharing.
2023-03-23	Here’s how Shorts ad revenue sharing can help you earn money from your content! Tap the link for more.
2023-03-23	green is for close friends 💚 drop a 🐛 on @YouTube's recent IG post to get added to our Close Friends community, where you’ll get new, exclusive content just for creators. from video ideas to inspo from your fave channels !!
2023-03-23	🎮 gaming? 👤 livestreaming? ✂️ VODs? 📱 #YouTubeShorts? answers to your burning gaming questions here ➡️ https://t.co/EJt13FRsKQ
2023-03-24	planning a livestream in your future? try an unlisted stream first to ensure everything runs smoothly...and consider these factors !! 🔘 framing the shot 🔘 testing audio quality 🔘 planning content in advance 🔘 testing network signal strength
2023-03-24	yOuR mEmOrY cArD iS oUt Of StOrAgE
2023-03-25	don’t wanna imagine YouTube without your channel tbh
2023-03-25	how many #YouTubeShorts do you upload per week? 1-3 4+ ⬇️ ⬇️
2023-03-26	the best part about your GRWM is *you* 😍
2023-03-26	you create your OWN schedule ✅ pencil in breaks 💫
2023-03-27	everyone loves merch! creators like @yeptheboys, @blogilates, Darcy &amp; Jer, and COLIZET TV share their tips on the design process, collaborating with your audience for new styles, and using their channel for merch drops. read up here → https://t.co/UBfk6ACvzB
2023-03-27	that first comment feeling 🤩
2023-03-28	drop a video of yours that has 🌼spring vibes🌼
2023-03-28	got a podcast? it can live on your channel as a playlist, with episodes as the playlist's videos. here's how! 1️⃣ go to YouTube Studio 2️⃣ click Create 3️⃣ on the dropdown menu, click New Podcast add new or existing videos to this playlist too! more here ➡️ https://t.co/jMfuxjA9FM
2023-03-29	so you have podcast playlists on your channel? great! these are eligible for features on YouTube!! some perks include badges 🌟 official search cards 🔎 and features on the site below ⬇️ https://t.co/7CY3hmQGZI
2023-03-29	tag a creator who has been ✨elevating✨ #WomensHistoryMonth with their videos
2023-03-30	my brain thinks in video titles
2023-03-30	👏 podcast 👏 playlist 👏 best 👏 practices 👏 ✅ make sure the playlist has full episodes in their correct order ✅ have your playlist title be your podcast's name ✅ add a description to your playlist for new listeners to find more here! ➡️ https://t.co/jMfuxjA9FM
2023-03-31	it helps to be your biggest fan 🤝
2023-03-31	you can find a snapshot of your podcast's performance on your Studio Analytics page 📈 for a deeper dive into a specific episode, click "See Podcast Analytics". here you can see views, watch time, demographics, and more! more on this topic: https://t.co/jMfuxjA9FM
2023-04-01	i actually remembered to charge my camera battery last night 🤩
2023-04-01	where all my fiery aries creators at? 🔥😈
2023-04-02	remember to stop and smell the roses… and vlog the whole thing 🌹🌹🌹
2023-04-02	whose channel are you watching for Education and Sharing Day? ⬇️
2023-04-03	bevvy check ☕️ how many drinks do you have on your desk rn lol
2023-04-03	this week, we're sharing 5️⃣ tips for building your education channel! tip 1️⃣: define your audience. understanding how much knowledge your audience has is a great first step for creating content 📚 https://t.co/0PuQCHPCf6 https://t.co/iKwn9F5hg0
2023-04-04	coming in at tip 2️⃣ for your educational channel: be sure to ✨brainstorm✨ so you know exactly what you want to cover in your videos. whether it's a broad subject or a niche you're passionate about, your audience will appreciate it 💗 https://t.co/0PuQCHPCf6 https://t.co/t7DIAdZ0WM
2023-04-04	make that video you’ve been thinking about!!!
2023-04-05	losing your train of thought while vlogging is just part of the process 🫠
2023-04-05	we're back with tip 3️⃣ for all the educational channels! your expertise is the foundation of your channel. so...grow it!! 💫 you don't have to know everything, but understanding what you need to work on and learning *with* your subscribers is key. https://t.co/0PuQCHPCf6 https://t.co/Evn1KaPc7O
2023-04-06	YouTube leader sat down with @Axios Sara Fischer at #WhatsNextSummit. Recap below &amp; full conversation.
2023-04-06	educational channel tip 4️⃣: decide how to present your content! should your videos feel informal or formal? highly structured or semi-structured? developing your video presentation is a great way to make your channel cohesive and stand out 📝 https://t.co/0PuQCHPCf6 https://t.co/dfsLP301ns
2023-04-06	what’s one piece of advice that’s helped you as a creator? share the wealth ⬇️
2023-04-08	today i’m making a.. Short 🩳 long vid 📹 ⬇️ ⬇️
2023-04-08	when you and your creator bestie upload at the same time 🤝
2023-04-09	have you tried leaving secret hidden messages or easter eggs in your videos? how did that go?
2023-04-09	shoutout to those fresh spring flowers in your background 🌸 🌷 🌼
2023-04-10	channel = family.. no literally! who are some of your fave creators who are siblings? #NationalSiblingsDay
2023-04-10	looking for a sign to start making #YouTubeShorts on your channel? this is it!! just remember: passion is everything. just ask Yash!! 💞 check out his channel too ➡️ https://t.co/gok2HhIebY https://t.co/5XfM3P3o56
2023-04-11	collabs literally never go out of style 🤝 reach a wider audience by making videos with other creators! you'll be trying different things, interacting with new subscribers, and making friends along the way → https://t.co/9ryEyxBbS4
2023-04-11	feeling 💚green💚 drop some sustainable vlogging tips pls ⬇️
2023-04-12	choosing the right collab is crucial! consider the following... 🚨 will their audience want to check out your channel? 🚨 do you share similar values and vision? 🚨 do you connect with *their* work? a few things to think about in the process 👥 → https://t.co/tRIozhpDyA
2023-04-12	scrolling through my channel like omg i can’t believe i made all these videos 🥹
2023-04-13	thinking about all the music festival vlogs being made this weekend 🎡 🎵 🌴 whose are you looking forward to?
2023-04-13	want to collab but don't know where to start? we got you ⚡️ pick a topic, then research a creator that could help you bring that topic to life! reach out to the creator you want to go with, start planning the collab, then...hit record!
2023-04-14	ways you can make a remote collab happen: ⚡️record clips from your locations, then swap footage &amp; edit together ⚡️ record over video chat ⚡️ ask a creator for their own clips that you can edit into your video how have you done a remote collab??
2023-04-14	what’s a time you thought “i love my community of creators” ?
2023-04-15	tfw the dog barking while you’re filming just becomes part of the video 🙃
2023-04-15	who else is making more videos outside?? it’s sooo pretty 😎🌸
2023-04-16	what’s more essential for creators? cozy pants 👖 cozy socks 🧦 ⬇️ ⬇️
2023-04-16	you’re the reason why your channel is so good fyi 💕
2023-04-17	here's an idea: use #YouTubeShorts to make trailers for your long form content!! 🎬 🍿 here's how... 1️⃣ select the video 2️⃣ hit the "Create" button &amp; select "Edit into a Short" remember to make it eye-catching, so viewers will want to watch the extended cut on your channel!!
2023-04-17	let’s see your merch in the replies!! ⬇️
2023-04-18	the Cut tool on #YouTubeShorts allows you to use a 1 to 5 second segment from any eligible YouTube video or Short in the creation of *new( original Shorts content 🌟 join the conversation by reacting to Shorts with the Cut tool. more tips here: https://t.co/8rjqeQKgAH
2023-04-18	you aren't procrastinating filming your haul video: you're just being fashionably late 😘
2023-04-19	besides your equipment, what are the ESSENTIALS for vlogging?
2023-04-19	use the #YouTubeShorts Cut tool to show off your expertise in subjects that viewers can relate to. you can jump-start a conversation by adding your bite sized tips onto a cut of a longer video regarding the same subject 💬 click here ⤵️ https://t.co/8rjqeQJIL9
2023-04-20	see a Short on your feed that you'd like to do yourself? whether it's a makeup look, recipe, or an unexpected lifehack, use the #YouTubeShorts Cut tool to jump from their video to yours 🤝 more ways to use this tool: https://t.co/8rjqeQJIL9
2023-04-20	shoutout to all the creators making videos after their 9-5 💞
2023-04-21	best practices for filming #YouTubeShorts on mobile 📱 ⬇️ ▪️ clean your lens before filming ▪️ turn off your notifications before you start filming to avoid disruptions ▪️ shoot vertically with your phone ▪️ record in a space with minimum echo and background noise
2023-04-21	what are your top tips for being a sustainable creator? 🪴⬇️
2023-04-22	recycled fashion hauls ✅ organic gardening ✅ sustainable farming ✅ DIY composting ✅ creators really show up for the planet 🌍🌎🌏 #EarthDay
2023-04-22	when it comes to documenting his travels, @SlavinJoshuaJ wants you to know it's important to balance when to film and when to take in the moment 📷 🌍 don't feel pressured to film every single thing!! check out more of Josh's content for #EarthDay ⬇️ https://t.co/307yymy5MB https://t.co/z7eYuzB2KN
2023-04-23	think of all the people you’re cheering up with your videos today 🥰
2023-04-23	you know a creator is a taurus when they have a *super cozy* setup ♉
2023-04-24	creators interviewing each other? what could be better?? check out @benoftheweek &amp; @RyanTrahan ask each other burning questions about content, inspiration, and tips for fellow creators 🤝 you gotta take a look ⬇️ https://t.co/x0I6apM54c
2023-04-24	👏🏼 WRITE 👏🏽 THOSE 👏🏿 IDEAS 👏🏻 DOWN 👏🏾
2023-04-25	has anyone ever recreated their gaming setup in Minecraft? 🤔
2023-04-25	optimize your creativity by following the ✨ rule of threes ✨ instead of coming up with one video, recording it, editing, then uploading it, try this ⬇️ write 3 scripts, record 3 videos, edit all 3, upload all 3 → https://t.co/Vzpi4qxoBC
2023-04-26	cleaning up your workspace = increased productivity 📝 take some time this #GetOrganizedDay to declutter your desk and your mind ☺️
2023-04-26	creators 101 is now in session! professor Jade Beason is here to tell us what's currently trending and how you can always stay on top of trends to make the most out of your videos! check out her tips now → https://t.co/hVbaUMj9pB https://t.co/FEsWDjDOgT
2023-04-27	drop a 👀 for a tbh
2023-04-27	set yourself up for success by identifying repetitive steps and streamlining them! example: if you typically color correct your videos, consider getting a preset in your editing software. this will save time and stress in the long run 🙌
2023-04-27	your passion for cooking shines through the screen @amyroloffCF 🌟 congrats on hitting 100K subscribers! https://t.co/H4ozxy1YF6
2023-04-28	create the following columns to keep track of all of your content in Google Sheets 🗂️ 🔤 video title 📷 status of production 💬 description copy 📆 upload date and time
2023-04-28	🚨 editor roll call 🚨 shoutout your fave editor below 👇
2023-04-29	from the first Short to this, what a journey it's been! congrats on 3 MILLION SUBS @jtcaseyy 🥳 https://t.co/za6P7gtVvr
2023-04-29	what kinda day are you having today? rest &amp; filming &amp; relaxation 😎 editing 🎥 ⬇️ ⬇️
2023-04-30	anyone revamp their work space recently? drop a pic ⬇️
2023-04-30	shh i’m brainstorming pls don’t disturb
2023-05-01	have you made sure you're keeping you and your channel safe &amp; secure?? take some time to brush up on community guidelines so you can make content with peace of mind → https://t.co/7J4JdH8jm3
2023-05-01	thanks to all the creators who are making videos that support, amplify, and celebrate the AAPI community ✨ #APAHeritageMonth
2023-05-01	which thumbnail of yours deserves its moment on the red carpet? 🌟
2023-05-02	in just a few weeks @imparkerburton has not only surpassed 100K subscribers, but now is approaching 200K subscribers. here's to many more, Parker! 💥 https://t.co/GuOpmZVPpF
2023-05-03	siblings who vlog together have the best bonds 💞
2023-05-03	you always want to protect everyone's privacy, especially when filming (including yours!). make sure you: 🚫 Avoid showing your address or other sensitive personal information 🚫 Ask for permission before including anyone more on that here → https://t.co/7TNhdpV4Yo
2023-05-04	make sure your account is secure for #WorldPasswordDay with these easy tips! 🔒 turn on 2-step verification 🔒 set your channel permissions 🔒 create a strong password 🔒 report potential scams check out more here → https://t.co/suSGVmlvOy
2023-05-04	not me coming up with new vlog ideas in my dreams 😴
2023-05-04	take a look at how @PetersPasta keeps his viewers coming back for seconds 🍝 congrats on the 100K Creator Award and *soon to be* 1M award!! https://t.co/5BfvaJRhmZ
2023-05-05	tag a creator who you personally wanna brag on bc you’re so proud of them!!
2023-05-05	🚫 protect yourself from phishing emails! 🚫 always make sure you verify the sender's email before clicking any links and *never* provide any personal/sensitive info or YouTube credentials via email. get the full rundown on account security here! → https://t.co/NPoHcmXAOB
2023-05-06	vtubers are literally just like 🥸🥸🥸 and that’s why i love them
2023-05-06	when does your most productive editing happen? 🌅 6am - 12pm ☀️ 12pm - 6pm 🌇 6pm - 11pm 🌙 *very* late
2023-05-07	text your parents “like and subscribe” and let me know what they say ⬇️
2023-05-07	what takes you longer to finalize? thumbnail title ⬇️ ⬇️
2023-05-08	work-life balance check 😌 need help balancing time on versus time off? i got ya covered → https://t.co/OaPFcWPZys
2023-05-08	wow you really have come so far in your creative journey 💫
2023-05-09	"keep trying and have fun!" - @maangchi on creating cooking content that sparks passion from your viewers 💞 explore more advice from her on making delicious cooking videos → https://t.co/09QvJG5rMn https://t.co/uexEnhdYWg
2023-05-09	what snacks are you eating while editing lol 🍟
2023-05-10	reaching 100K subs is no easy feat!! big congrats to @hiemmanicole for this milestone! your Sims are so proud of you 👏 🎮 https://t.co/dMPOOu9W5u
2023-05-10	you know it's allergy szn when you're cutting out sneezes every 5 mins 🙃
2023-05-10	your bed should be your sleep sanctuary, NOT your editing bay!! use it as a space to completely rest and get that work/life balance magic 😴 → https://t.co/OaPFcWPZys
2023-05-11	burnout happens, but here's how you can avoid it: set a content schedule, make a to-do list, and stick to your schedule! consistency helps. promise!! ❤️ → https://t.co/OaPFcWPZys
2023-05-11	sorry i’ve been MIA 😎 spent 8 hrs picking the perfect thumbnail
2023-05-12	need some ways to maintain digital wellness? here's a start: ✨ recognize your burnout ✨ schedule your time ✨ try to unplug from devices ✨ enjoy time off and *take breaks* ✨ repeat
2023-05-12	where do you think your channel will be one year from now? 🤔
2023-05-13	my desk is.. 😵‍💫 messy ✨ clean 😚 gorgeous
2023-05-13	you’re more than your view count ❣️
2023-05-13	~save the date~ for a Q&amp;A all about Shorts with @YouTubeLiaison &amp; @mws on @discord 🗣️🗣️ happening Saturday, May 20, at 5PM PST/8PM EST!! https://t.co/6hvM95QRVk
2023-05-14	realizing you forgot to hit record is literally a jumpscare lol
2023-05-15	it's all about community 👏 finding your tribe on YouTube can ultimately assist in your channel performance! learn more from @Hainbach101, and check out his videos on the composition of experimental electronic music ⬇️ https://t.co/fk6GrQs9DV https://t.co/vWIjNDgrqq
2023-05-15	the creator community feels like a warm hug 🤗
2023-05-16	how do you stay centered when creating gets overwhelming? ⬇️
2023-05-17	learn your viewers' thoughts on your #YouTubeShorts by tapping into your analytics 📈 check out your views, sub growth, audience retention, reach, and more in Studio!
2023-05-17	searching for evidence.... (watching @scheana's vlog)
2023-05-17	what an incredible journey @_denisesalcedo has been on 🤩 here's to 100K subs and beyond! https://t.co/b74eQY0kAd
2023-05-17	what’s the best way to feel supported as a creator? ☑️ subscriptions 👕 buying merch ❤️ video likes 👥 video shares
2023-05-18	interact with your viewers by replying to their comments with a Short! 1️⃣ select a comment 2️⃣ hit "Reply" then the Create Shorts icon have you tried this yet?
2023-05-18	ok who just uploaded a video? 👀 drop a link!!
2023-05-19	from the first Wolfe gets Wrecked to 1 million subs and counting!! can't wait to see what's next, @WolfeyGlick 🌟 https://t.co/gYhV9vpLdn
2023-05-19	not me leaving the bloopers in during the edits 😜
2023-05-19	there are many formats where you can use the voice-over tool on your #YouTubeShorts 👢 outfit details 🥘 ingredients and recipe steps 🏡 interior design tips how do you use voice-overs?
2023-05-20	T-minus 10 minutes until we’re LIVE on @discord with @YouTubeLiaison &amp; @mws, sharing tips, tricks, monetization info, &amp; all things Shorts!! pop in with your questions → https://t.co/tNd7r0Me0S
2023-05-20	finish the sentence: this spring i really wanna ________.
2023-05-20	make sure to drink water and get some rest today!! 🫶
2023-05-21	who else makes weird noises into the mic when they’re nervous??
2023-05-22	#APAHeritageMonth is in full swing, and we're shouting out some ✨amazing✨ Shorts creators who are constantly raising the bar, like SIMJI Shorts, @itsyoutwotv, @JackieFernTV, &amp; @goharsguide! check out the full list ⬇️ https://t.co/pojrF477OI
2023-05-22	STORYTIME: it’s my bday and i wouldn’t have been here for the last 18 years without creators 🥹
2023-05-22	gonna make a vlog of me just talking for 45 minutes (it’s gemini season)
2023-05-23	did you really just film, edit, and upload a video in a single day?? 🤯
2023-05-23	so happy @scottfrenzel_ had a glass half full mindset, because he turned some lemons into 🍋LEMONADE🍋 now he's got a channel with over a million subscribers! he gave some tips on being a creator, finding your niche, &amp; more here ⬇️ https://t.co/vQfCfGjHKd
2023-05-24	what moment at graduation are you trying to capture for a video? ⬇️
2023-05-24	who doesn't love a food tour?! @itslisanguyen takes you on a special journey to show you some AAPI cuisine-themed restaurants you need to try right now in NYC! ❤️⬇️ https://t.co/k3CGA7xOvy
2023-05-25	so your videos haven't gone viral... yet!! and that's okay! in fact, that might be a good thing 🤗 @RinPenrose's here to explain why ⬇️ https://t.co/JQVgsm4Pk9 https://t.co/hwzjtAUmv8
2023-05-25	what happens when two creators get together?? they drop gems 💎 catch a convo with @tatycokley &amp; Sydney Morgan on what it's like being gen z creators, focusing on mental health, and so much more ⬇️⬇️⬇️ https://t.co/5GPXQGhv5c
2023-05-26	rejection is just redirection 🥹 @TheStevenHe chats about making his comedy series 'Ginormo!' with a creator-studded cast of AAPI voices, and how it all started from being told "no" ⬇️ https://t.co/p9pVaTrL2o
2023-05-26	thanks for using your platform to raise awareness about mental health 💞 #MentalHealthAwarenessMonth
2023-05-26	the Brain Leak podcast went from 0 to 100K (and counting) real quick!! congrats to you both @Jacksepticeye @ethannestor 🤩 https://t.co/4ZbNTrmPUi
2023-05-27	i may not have space on my memory card but i definitely have room in my heart for creator love 🥰
2023-05-27	what’s more challenging to film? long form videos Shorts ⬇️ ⬇️
2023-05-28	.@SlushiiMusic's journey is worth a watch! hat's off to you for earning that silver Creator Award 👀 🌟 https://t.co/squsgTUrUQ
2023-05-28	nothing beats the feeling of uploading a new video 😭
2023-05-28	reminder: if you believe in your content, people will notice!!!
2023-05-29	don't underestimate the basics! especially if it's about growing your channel! 📈 ⭐️ get to know your data &amp; analytics ⭐️ keep your content fresh ⭐️ know how you're already reaching your audience
2023-05-29	this is your sign to create that channel you’ve been thinking about 🪧 what are you going to call it?
2023-05-30	.@MKBHD &amp; @YouTubeLiaison are doing a @Discord Q&amp;A all about YouTube SHORTS!! save the date for June 1 @ 12PM PST/3PM EST 🗓️ click “interested” in the event link → https://t.co/LVkoMdsTZJ https://t.co/BuyNbpkUia
2023-05-30	understanding your audience and how they got to you is *so* important for your channel! it's super easy too. click the Content tab in YouTube Studio Analytics to find out how you can keep growing! → https://t.co/96UOmujbmj
2023-05-30	who’s doing a grwm video for graduation??
2023-05-31	friendly reminder that @MKBHD &amp; @YouTubeLiaison are talking YouTube Shorts on @discord TOMORROW 🗓️ RSVP here ⬇️ https://t.co/LVkoMdsTZJ
2023-05-31	it’s just me and my sidekick (all my filming equipment)
2023-05-31	the top three (external) factors that go into how viewers discover your channel are: 1️⃣ topic interest: find your niche! 2️⃣ channel competition: video performance is everything! 3️⃣ seasonality: video traffic fluctuates! more here!! → https://t.co/GgkDuhDS93
2023-06-01	can’t sleep bc @MKBHD &amp; @YouTubeLiaison’s Shorts Q&amp;A is 🚨TOMORROW 🚨on @discord! get ready to tune in ⬇️ https://t.co/LVkoMdsTZJ
2023-06-01	how have you used your channel to express what Pride means to you? 🏳️‍🌈🏳️‍🌈🏳️‍🌈
2023-06-01	ok you want to keep your content fresh but HOW do you do it?? here are some suggestions! ⭐️ collaborations ⭐️ live streams ⭐️ start a second channel ⭐️ pivot your content ⭐️ keep your content FUN! which will you do first?
2023-06-01	the wait is almost over!!! 10 minutes til @MKBHD &amp; @YouTubeLiaison kick off their YouTube Shorts Q&amp;A on @discord ⬇️ https://t.co/KoR202gYRB
2023-06-02	"talk to the camera as if it's one of your friends" - @BobWulff 📷 and if you're looking for more channel tips, look no further! ⬇️ https://t.co/PmMkWcITir https://t.co/IrFaBSe5om
2023-06-02	1 million subscribers is not an easy feat, and @ClubShayShay *did that* 🏆 https://t.co/bwPag0oEhe
2023-06-02	when do you feel most creative? first thing inafter the morningdark ⛅️ 🦉
2023-06-03	how many Shorts do you typically film in a day? ▪️ 1 ▪️ 2 to 3 ▪️ 4 +
2023-06-03	tag a creator who inspires you on the daily ✨🗓
2023-06-04	excited to see where @itsjamesseo goes from here! cheers to 1 million subs and counting 🤯 https://t.co/irLYPvcmHP
2023-06-04	what's a collab you wish you could have been a fly on the wall for? 👀
2023-06-05	emote with PRIDE 🏳️‍🌈 introducing new ways to show up &amp; share in the comments of Live chats, while supporting the LGBTQ+ community. learn more now!! → https://t.co/gINN2ZXe1b
2023-06-05	sometimes the bts vid is better than the actual vid 😍
2023-06-06	QUICK!! who's your dream creator collab?? ⬇️⬇️
2023-06-06	i see you leveling up 📈 👀
2023-06-06	you don't have to keep guessing what trends to jump on to keep your content ahead of the curve! Jade Beason is back to tell you about... ⭐️ Wes Anderson aesthetic ⭐️ Lofi Lore ⭐️ Color theory ...and more! hit the link to find out! → https://t.co/o5oF8vW8YN https://t.co/Ja5txfWnI2
2023-06-07	are you a creator hoping to connect with other Shorts creators across the globe? join the YouTube Shorts Creator Community!! apply here 🤩 https://t.co/WnAUCHzg6T
2023-06-13	BIG NEWS!! 🎉 you can now unlock earlier access to YPP fan funding &amp; more with fewer subs, Shorts views, and content watch hours 💚
2023-06-15	every creator has a dream. what’s yours? we’re celebrating your future at #VidConAN23. to appear on our Dream Collage alongside creators from around the world, reply with: 📸 a selfie or avatar ✨ your creator dream in 10 words or less 🔗 your channel link #CreateYourDream https://t.co/4eqKmCPBdt
2023-06-17	4 days until #VidConAN23. how will you #CreateYourDream?
2023-06-23	where does @sssniperwolf get video ideas? from fans!! here’s what she had to say at the #VidConAN23 YouTube Keynote: “it’s really important for me to engage with my audience. i get a lot of content ideas from them in the comments. it’s important to grow and adapt as a creator!”
2023-07-06	you’re not defined by your subscriber count! whether it’s 1 or 1 million, you’ve got someone supporting you 🫂
2023-07-08	imagine being able to listen to a creator in…any language!! @ColinandSamir &amp; @shockallocca discuss the future of multi-language audio on YouTube 📷 discover more trends creators *need* to know → https://t.co/um55ArVLXN https://t.co/BEYRjxDfr0
2023-07-10	can’t wait to press play on your latest video!!!
2023-07-11	manifest one of your goals by dropping it below ✨
2023-07-11	the YouTube Shopping affiliate program is a new way to earn commission by tagging your fave products in your content! tag products, review analytics and earnings all in YouTube Studio, so you can spend more time creating 🛍🛍🛍 check your eligibility: https://t.co/IYs26tQu3m
2023-07-13	did you know you, as part of the YouTube Shopping Affiliate Program, you can tag a product on your live stream, so viewers can check them out without leaving your stream?? 🤯 check out how to do it here ➡️ https://t.co/lvhgGy9vpY
2023-07-22	what's the first thing you do after uploading a new vid? 🖥️ watch it 👥 reply to comments ☺️ relax 👇 other
2023-08-24	need inspo for your next vid? here are some trends to consider 💭 💪 ️ permission to flex ✨ skibidi toilet ♟️ chess what are some trends you're seeing? ⬇️ https://t.co/cXkC1kOAlE
2023-09-08	it might be friday, but we have one more lesson: how to keep viewers watching 👁️ try adding cards &amp; end screens during the uploading process!! that way viewers can check out more of your content! for more tips, click ⬇️ https://t.co/3xVTuVIegZ
2023-09-21	bring your wildest ideas to life with Dream Screen 💫 if you can imagine it, you can create it with AI-generated video and image backgrounds. launching 2024. https://t.co/wsqEIU0Spl
2023-09-21	elevate your content with next level editing tools, like audio clean up, auto captions and royalty free music - and it's free of charge! YouTube Create is now available in beta on Android in 8 countries 🙌 download it now → https://t.co/rn0yN2Sk9X https://t.co/GPK02WvlRW
2023-10-06	how do you make your audience feel seen and heard? 🥰
2023-10-17	a few updates coming to YouTube!!! 📲 💥 responsive buttons will glow up when a creator says like &amp; subscribe 📝 bold, italicize, and strikethrough text for video descriptions 💬 rotating top comments stay tuned over the coming weeks &amp; learn more → https://t.co/Sfj1Zl3412
2023-10-24	i know it’s october bc so many thumbnails are orange &amp; black 🧡🖤
2023-10-27	happy scorpio szn to all the strong, independent creators out there ♏
2023-11-02	.@TaliaMar is here to tell you to do what you love, and we’re here for it 💗 watch Talia Mar’s #YouTubeEdition episode now ➡️ https://t.co/pP4t4BqJNN https://t.co/Y60BXdMf5F
2023-11-07	i get my best video ideas from ___________.
2023-11-14	as generative AI unlocks new forms of creativity, we're introducing measures that balance innovation with our responsibility to protect the YouTube community 🛡️ learn more about upcoming changes to AI disclosures, privacy options, and more → https://t.co/fyvXZIdx6b
2023-12-07	say hello to a new moderation setting for your channel: pause comments ⏸️ in addition to "on" and "off," you can now "pause" comments. existing comments will remain visible, new comments will be disabled, giving you more flexibility and control 🌟 more → https://t.co/wNAspRiR4s https://t.co/AY9MWQDsvw
2023-12-19	hop on the #YouTubeCreatorCollective tour with your guide Jina The Gorgeous ✨ https://t.co/M6a5ASemOP
2023-12-24	tag a creator whose channel is gonna blow up in 2024 📈
2024-01-06	saturdays are for.. watching creating Shorts Shorts ⬇️ ⬇️
2024-01-18	how would you explain your channel in one word??? 👇
2024-01-24	📢 BIG news, little effort for #YouTubePartnerProgram creators. now you can give channel members *early access* to your videos. it's a special reward for members, without the need to create extra content! learn more ❤️ → https://t.co/8GXhYTTZH6
2024-02-01	i just have to say it: your last video was AMAZING ♥️
2024-03-27	members-only Shorts are HERE 📢📢 Shorts are another way to reward your biggest fans with members-only content. think members-only behind the scenes, Q&amp;As, &amp; more! learn about this easy-to-offer perk ➡️ https://t.co/S8dnPjSm6c #YouTubePartnerProgram
2024-04-10	when was the last time you changed your profile picture on your channel?
2024-04-12	i asked, you answered: presenting the winner of the 2024 YouTube video styles championship... 🎉🎮 LET'S PLAY 🎮🎉 https://t.co/CutIMW6ZQZ
2024-04-17	finish the sentence: by june 1st, my channel is going to _____
2024-04-23	this International Creator Day, take a moment to tell a fellow creator how much their content has inspired you ❤️
2024-04-28	in one sentence how can i explain being a creator to my grandma?? 🤔
2024-05-06	burnout happens! this #MentalHealthAwarenessMonth, let’s try to prevent it: set a content schedule, make a to-do list, and work on consistently sticking to it ❤️ more tips: https://t.co/OaPFcWPZys
2024-05-08	who’s your go-to channel for content inspo? 💫
2024-05-09	fill in the blank: i absolutely *have* to _____ before filming 📹
2024-05-10	drop the comment that made you feel the most 🥰🥰🥰
2024-05-10	what’s the best way to watch your content? 📱 on a phone 💻 on a laptop ⭐ on the big-screen TV
2024-05-11	which Shorts trend is your fave right now? ⬇️
2024-05-11	your content is the reason why someone’s day just got a lil (or a lot) better 🌈
2024-05-12	Simon says post your drafts!
2024-05-13	GRWM to spiral because it’s Monday ✨
2024-05-14	drop a sweet message for your viewers 💗 ⬇️
2024-05-14	tag the content creator who inspired you to post your first video 👇
2024-05-15	any tips for creating content during allergy season without sneezing every five seconds?? 🤧
2024-05-16	liking &amp; engaging with comments is a great way to show your viewers some ❤️ is this already a part of your uploading routine?
2024-05-16	what’s one part of your lighting setup you simply cannot live without? 💡
2024-05-17	need ideas for your next Short?? 💡 try out Q&amp;A stickers to ask viewers what *they* wanna see next, then create content based on their replies ⬇️ https://t.co/EGBU74SdGu
2024-05-18	tiny hamsters eating tiny burritos? what more could you ask for?? 10 years on and the YouTube’s miniatures community is BOOMING! discover amazing miniaturists here: https://t.co/RzbJop0afX
2024-05-19	be kind to yourself, creativity is a difficult business 💗
2024-05-19	how do you brainstorm new content ideas? 🤔
2024-05-20	84% of gen z discovers podcasts on YouTube?! 🤯 check out @YouTubeLiaison’s interview with YouTube CPO Johanna Voolich to find out what makes YouTube a popular platform for podcasters &amp; their listeners 👇 https://t.co/pDNkKDaet4
2024-05-20	any relaxation advice for #MentalHealthAwarenessMonth? 💫
2024-05-21	GRWM for summer vacay! 😎
2024-05-22	in awe of the incredible Shorts creators around the world sharing their #MyAPAHMStory 🌟 hear from The CrunchBros, @JeffreyChang, amazingishgrace, @CrazyKorean, &amp; many more 👇 https://t.co/c45WjcBVvL
2024-05-22	my external hard drive is mostly filled with.. embarassing usable outtakes content ⬇️ ⬇️
2024-05-23	from artificial wombs to spacesuits, @CleoAbram tackles complex topics with a personal touch. read about how she tailors content for a diverse audience while staying true to her voice 👥 https://t.co/ZkE7u703Ub
2024-05-23	when was the last time you tapped into your analytics? 📈
2024-05-24	pat yourself on the back @faeriequeenss bc these 100K subs are *very* real! 🧚‍♀️🎮 https://t.co/XNoISGA23K
2024-05-24	shoutout to all the creators who uploaded this week ❣️
2024-05-24	what’s your process for crafting catchy titles your audience will click on?? 🕵️
2024-05-25	a lil motivation from Indian creator Aleena Rais Live: “just upload your first video” ❣️ check out advice from more women in APAC achieving success on Shorts in an all-new blog: https://t.co/iftZ2fCAKW
2024-05-25	❤️ creators create creative creations ❤️
2024-05-26	sending love to all the creators hustling while also working a 9 to 5 !!
2024-05-26	who’s making the best travel vlogs rn? 🌎🌏🌍
2024-05-27	Jay &amp; Jay from @TheJbirdShow weren't kidding when they said they can find humor in every situation 👏 cheers to 100K subscribers &amp; counting! https://t.co/U15ISJAaxH
2024-05-27	let’s hear the elevator pitch for your channel 👇
2024-05-27	what’s on the agenda today? 🫂 hanging with the fam 💻 ideating / editing 🥱 napping ⬇️ other
2024-05-28	gimme Shorts ⬇️
2024-05-28	keep in mind that some external factors affect how you grow your channel, like topic interest, channel competition, &amp; seasonality! use these to your advantage when making new content ✨ read more on these key factors → https://t.co/GgkDuhDkjv
2024-05-29	describe your most recent vid in 8️⃣ words or less
2024-05-29	every view is a victory 🥳
2024-05-30	jot down that content idea before you forget it 📝 it could become your next most viewed vid!
2024-05-30	tag your ~ dream collab ~ to manifest it into reality ✨⬇️
2024-05-31	be you, boo 😘 here’s how The YUH Family reached 1M subs: ✅ create content you love ✅ maintain a consistent upload schedule ✅ use insights to show dedication to your audience more tips here ⬇️ https://t.co/G86Fb6eKKd
2024-05-31	feeling grateful for the creator community 🥹 y’all inspire me every day
2024-05-31	two words for aspiring creators from @NintenTalk: 1️⃣ passion 2️⃣ consistency more from Patrick 👇 https://t.co/h9MA003BBp https://t.co/PuoWDEU5xz
2024-06-01	june is here, which means #PRIDE is here! 🏳️‍🌈 spend this month celebrating the LGBTQ+ creators who continue to show up as their authentic selves, time &amp; time again 🫶
2024-06-01	quick question: vlog camera recs?
2024-06-01	⭐ june 1st check in ⭐ did you reach your channel goals?
2024-06-02	have you ever caught a glitch in the simulation on camera? 🤯
2024-06-03	this is a creator community appreciation post 🥰 thank you for all that you do!
2024-06-03	which trending topic are you most excited to create content about? 📈
2024-06-04	what’s the first thing that comes to mind when you think of channel analytics?
2024-06-04	📣 heads up, creators: posts are rolling out to more channels! once you get access… 1️⃣ tap the “+” button on mobile or “Create Post” on desktop 2️⃣ play around with text, images, GIFs, &amp; more 3️⃣ share &amp; connect with your audience on a ~deeper level~ learn more:
2024-06-05	WMCB (where's my camera battery) ??
2024-06-05	best people to collab with? 👥
2024-06-05	this is your reminder to make sure your basic info (about, links, &amp; channel details) is up-to-date on your channel. there might be brands wanting to get a hold of you 👀
2024-06-06	creators are making the impossible, possible! 💫 dancing robot dogs? bubble wrap music players? tap into the first-ever YouTube Inventies to check out creative creator inventions with host @SimoneGiertz ⬇️ https://t.co/VuvMqlWAop
2024-06-06	is anyone currently working on new merch designs? 🎨
2024-06-07	HUGE shoutout to all the creators hitting milestones this week 💫
2024-06-07	different perspectives and diverse teams are crucial to appealing to a wider audience and driving inclusion on your channel ✨ ask yourself 👇 ❓ who’s on my team? ❓ is there diversity among the voices represented in my content? 🔗 https://t.co/QDZshmrMXq
2024-06-07	working the night shift tonight (up late editing) 🥱
2024-06-08	happy #BestFriendDay to all the duos out there 🥹
2024-06-08	you just clicked upload...what’s next?
2024-06-09	lawn mowing season = retake season
2024-06-09	repeat after me: i am creative i am creative i am creative
2024-06-10	be honest: how many takes does it take to get that *perfect* shot?
2024-06-10	don’t get caught staring at screens for too long 👁️👄👁️ fresh eyes make better content!
2024-06-11	finish the sentence 👇 _______ was the first moment i truly felt like a creator
2024-06-11	“through my content, i hope to build a sense of community and connection among Africans and non-Africans alike, fostering a deeper understanding and appreciation of our vibrant continent” - @ThatoRampedi 💗 hear (cont) https://t.co/4X8V7V1pCU
2024-06-12	what’s your funniest camera mishap that made it into the final cut?
2024-06-12	when traveling, i prefer to vlog the.. journey destination ⬇️ ⬇️
2024-06-13	how would you go about reaching out to a fellow creator for a collab?
2024-06-13	tfw you tap upload after a long day of editing 😌
2024-06-13	viewers on your livestream can like your Super Chats from other community members 👥 they’ll hold a like count and an animation will play each time a Super Chat is liked 👍 learn more here👇 https://t.co/yC7pL1w9JU
2024-06-14	i know it’s time to upload when..
2024-06-14	the six different liquids on my desk are the unofficial sponsors of my channel 🥤🍵🥛
2024-06-14	this post goes out to the LGBTQ+ creators who inspire, inform, &amp; create year round 🥰 🏳️‍🌈 from gamers to beauty gurus, discover your new fave today: https://t.co/nuiYePy8CS
2024-06-15	jumped out of the shower with shampoo still in my hair bc i thought of the *best* content idea lol
2024-06-15	pls excuse the birds screeching in the background of my next vid 🐦 (they’re my friends)
2024-06-16	looking for inspiration? go for a walk, take a look around, grab a meal! inspo is all around us 🌟✨
2024-06-16	my body may be reaching for my camera but my mind is thinking about snacks
2024-06-17	who’s making the most original content in the game rn?? 🤔
2024-06-17	you’re doing it ALL: recording, editing, *and* uploading ✨ so proud of you!
2024-06-18	advice for grabbing the viewer’s attention within the first few seconds of your vid?? 👀
2024-06-18	need tips on how to cut down on takes 😵 this is getting ridiculous fr
2024-06-19	celebrating Black creativity today &amp; every day ❤️ happy #Juneteenth!
2024-06-19	“i see myself as the African discovering the world” 💫 that’s @tayoainafilms, who joined fellow Black creators Temwa &amp; Anjola and Toba from @thehackofficial to talk creating while traveling &amp; more ⬇️ https://t.co/W0qYaETfA0
2024-06-20	anyone else watching a travel vlog while packing for the trip? 👀
2024-06-20	ready to slay the thumbnail game?? Thumbnail Test &amp; Compare is rolling out for creators with advanced features access 🙌 this feature lets you A/B test up to three different thumbnails and uses data to pick the winner 📈 learn more ⬇️ https://t.co/tDKaKRv2LV
2024-06-20	what's a sentence that only creators would understand?
2024-06-21	art, food, gadgets, &amp; more: the @YouTube Spotlight channel is highlighting LGBTQ+ creators &amp; their *many* talents 🏳️‍🌈 check them out! ⬇️ https://t.co/q5PJSkFTMn
2024-06-21	who gets to watch your videos first?
2024-06-21	👁️👄👁️ when you nail that perfect selfie angle happy #SelfieDay 🤳
2024-06-22	silent mode 😴 you can check the comments tomorrow
2024-06-22	which of your vids has your audience begging for part 2️⃣?
2024-06-23	affirmation time: i am talented i am capable i am enough
2024-06-23	your ring light may be dead but your content is still beautiful ✨
2024-06-24	collab with Shorts!📱 when you come across a Short you want to collab with, tap the Remix button, then tap Collab. use a pre-filmed clip or film one on the spot 🤩 more info and ✨ inspo ✨ → https://t.co/pW2vBQiMUJ
2024-06-25	on a scale of one to pandemonium, how chaotic is your editing process?
2024-06-25	the way i’m gonna be scurrying around out of breath asking for selfies from EVERYONE 😌 #VidConAN24
2024-06-25	when writing a video title, i struggle with…
2024-06-26	spill the tea on your bevvy situation. how many liquids are on the desk currently? 🥤🍵
2024-06-27	how long do you wait to respond to comments on a new vid?? asking for a friend 😉
2024-06-28	don’t forget to tell a fellow creator how much their content means to you 😘
2024-06-28	what’s the best way to find your niche as a new creator?
2024-06-29	⬇️ drop 4 emojis that describe your energy this weekend ⬇️
2024-06-30	fave type of comment?
2024-06-30	remember: you’re awesome, you’re capable, &amp; you’re a #YouTubeAllStars icon ⭐ @TheStevenHe with the pep talk at #VidConAN24 https://t.co/BzW5LoOPY7
2024-07-01	.@StromedyChannel, @katiefeeneyy, @shadetv, @TheStevenHe, The Brandon Vu, &amp; Jina The Gorgeous have come so far 🥹 #YouTubeAllStars #VidConAN24 https://t.co/CZFd3iaxrZ
2024-07-01	love a @AndruEdwards x @NBTJacklyn x Mother Victory x Axaila x @itzSLICENRICE awards ceremony 🥇 which #YouTubeAllStars award would you give yourself? #VidConAN24 https://t.co/UN1tfWsAZj
2024-07-01	something about a new month starting on a monday.. feels right 😗
2024-07-02	.@kinigra had me *running* to my camera with this pep talk 📹 #VidConAN24 #YouTubeAllStars https://t.co/lIinDl7abW
2024-07-02	a quick #YouTubeAllStars panel play-by-play from @NBTJacklyn: new audiences, idea generation, &amp; easier editing are otw thanks to AI 💡 #VidConAN24 #ad https://t.co/6vqCZkjvpP
2024-07-02	caught up with @RosyMcMichael for a post-panel interview at #VidConAN24 and she had top tips for her fellow #YouTubeAllStars 🥇 https://t.co/kwnBYOlj3a
2024-07-02	ever just wake up &amp; have the perfect idea for a new Short? 💡
2024-07-03	don’t just play the game, own the field 💰 check out these #YouTubeAllStars highlights about building a business from the @MerrellTwins’ panel at #VidConAN24 #ad https://t.co/q2ExpLWoD8
2024-07-03	having trouble balancing creativity &amp; business? tap into this #YouTubeAllStars energy from @cbgray_ at #VidConAN24 💡 #ad https://t.co/HAly7LwxNY
2024-07-04	backyard bbq mukbang WHEN? 😤
2024-07-04	how many aura points did i lose when i packed my camera but forgot my sd card?
2024-07-05	ever just smile at yourself while you’re watching playback?
2024-07-05	who do you go to for honest content advice?
2024-07-06	repeat after me: i am not defined by my view count 🌟
2024-07-06	what can you talk about for hours without a script? 🗣️
2024-07-07	first comment = history in the making
2024-07-08	imagine: aliens have landed! 👽 drop the vid that best introduces modern day content ⬇️
2024-07-08	whose live stream are you watching for #VideoGamesDay? 🎮👀
2024-07-09	like this if your family still says “blog” instead of “vlog”
2024-07-09	this is your sign to just POST IT ALREADY! 💞💗
2024-07-10	how do you stay motivated to create when beds &amp; couches are sooo comfy??
2024-07-10	up late doing some trend research (watching Shorts)
2024-07-10	what’s your favorite editing technique these days?
2024-07-11	normalize yelling ACTION before tapping record 🔴
2024-07-11	tips for planning for some time off?
2024-07-12	how do you stay focused on a summer friday? ☀️🏖️🌴
2024-07-12	with channel memberships you can utilize the following members-only content: 📹 videos 📱 Shorts 📆 early access 👥 live streams ✍️ community tab posts click below for more details: https://t.co/imV7yNFul4
2024-07-13	any advice for calming pre-stream jitters?? 😬
2024-07-13	time for a post-upload snack!! 🤫 peace &amp; quiet mode activated 🤫
2024-07-16	build engagement and excitement around your new videos with Community posts 📝 some ideas: ▪️ shout out a viewer ▪️ give a quick update ▪️ start a convo with your community how do you use this feature? https://t.co/BHQyu3JlFY
2024-07-16	the way you’re making your creator dreams come true **chef’s kiss**
2024-07-17	do you remember your first subscriber?
2024-07-17	today is the only day you can drop this emoji and mean it 📅📅📅
2024-07-18	which podcasts should do a crossover for #WorldListeningDay? 🎙️
2024-07-18	who is an underrated creator you are loving rn?? shout them out! 💞
2024-07-19	keep slaying the content game ❣️
2024-07-19	would you rather.. 1️⃣ have your most embarrassing blooper go viral 😧 2️⃣ have to film a Short with a swarm of bees chasing you around? 🐝
2024-07-20	if your channel had a catchphrase, what would it be?
2024-07-20	what’s the wildest thing that’s ever happened to you while filming? 👀
2024-07-21	i have a love-hate relationship with my wifi 🙃
2024-07-21	if you could only choose one Short to describe your channel, which would it be? 🤔
2024-07-21	my friend: “what are you doing in there?!?! it’s been 2 hours!!!” me: *practicing my thumbnail faces in the mirror*
2024-07-22	what’s your filming style?
2024-07-22	your sleep schedule is more important than your late night editing sesh 🌱
2024-07-23	when you accidentally open the front-facing camera while vlogging the scenery 👁️👄👁️
2024-07-23	would you rather let a random stranger upload a video to your channel or film a mukbang with the spiciest food ever? 🌶️
2024-07-24	there is so much more to running a channel than just being in front of the camera give your team a shoutout! 👥⬇️🌟
2024-07-25	if you were given a check for $10K and had to spend it all on one video, what would you make? 🧐
2024-07-25	when was the last time you dove into your analytics? 📈 learn more about your audience, top videos, watch time, key metrics, &amp; *much* more! ➡️ https://t.co/zoZsNi2DWS
2024-07-26	trust the process ✨ the viewers will trickle in 💗
2024-07-26	what’s next after you press “publish”?
2024-07-27	auto layout helps you transform longer videos to Shorts, an “Add yours” sticker to join the convo, stylized captions, remix a remix, &amp; more 👀 learn more about these upcoming tools in Shorts creation 👇 https://t.co/UCQ4fkPCGJ
2024-07-27	me: “just one more take” the clock: 🕐🕑🕒🕓🕔🕕
2024-07-28	drop a couple emojis to inspire a fellow creator’s next video 👥
2024-07-28	💫 this is your sign to try out that new format 💫
2024-07-29	if you could go back in time, what one piece of advice would you tell your past self when you first started YouTube? 💭
2024-07-29	you know you’ve been editing for too long when you’re still making edits in your sleep lol
2024-07-30	have you heard you can easily edit videos and Shorts right from your phone with the YouTube Create App? 📱 use in-app tools like adjustment, speed, audio cleanup, filters, voice-over, &amp; much more. get into it ➡️ https://t.co/bXyQwIRkMx
2024-07-30	if your channel were a food, what would it be?
2024-07-31	which is worse? writer’s technical block 🤯 difficulties ⚡ ⬇️ ⬇️
2024-07-31	you're telling me august is TOMORROW?!
2024-08-01	to do: 1️⃣ find motivation 2️⃣ use motivation 3️⃣ create 4️⃣ repeat
2024-08-01	what is the best comment to receive on a video?
2024-08-02	(C)an’t hang, gotta edit (R)esponding to comments (E)rror: out of storage (A)nother bevvy break (T)echnical difficulties (O)ut of battery (R)edoing voiceovers
2024-08-02	your Shorts are one of a kind 🫶
2024-08-03	keep trying until you find what works. you miss 100% of the shots you don’t take 🎞️
2024-08-04	any advice for getting comfortable vlogging in public? 🤳
2024-08-04	tbh i wouldn’t even wish corrupted files on my worst enemy 😭
2024-08-05	merch alert! who has the best merch in the game rn? 🛍️
2024-08-05	using the fridge light for my midnight snack mukbang
2024-08-05	what are you working on today? 📷
2024-08-06	forgot to tap record.. don’t cry, don’t cry, don’t cry..
2024-08-06	wwyd if you were editing a video and saw a ghost in the background? 👻
2024-08-07	pick one ⬇️
2024-08-07	time for some self-motivation 💖 complete the sentence ⬇️ my next video is gonna _____
2024-08-08	here’s to consistent uploads &amp; loyal subs 🙌
2024-08-08	when you get to the “video elements” step of the upload flow, make sure you add your end screens 💻 these encourage viewers to subscribe as well as promote the other content on your channel ⤵️ https://t.co/X7MIFTYnLe
2024-08-09	International Day of the World’s Indigenous Peoples is your reminder to support Indigenous creators by watching, sharing, &amp; subscribing ❣️⬇️ https://t.co/LXzIGdhNFD
2024-08-09	just watched the same 3 seconds of footage for over an hour…help?
2024-08-11	my ring light, camera, &amp; editing software are my chosen family &lt;3
2024-08-11	you’re a 🌟
2024-08-12	guess how many videos you currently have on your channel 💬 now go look and see if you got the number right 🤞
2024-08-12	when is the best time to upload? 🌅 early AM 🌞 mid-morning 🥪 after lunch 🌃 late night
2024-08-13	so excited for your next video!!! 🤩
2024-08-13	which piece of gear would be the most cursed?
2024-08-14	WHAT ARE YOU FILMING RN?!?!
2024-08-14	why do i always forget what i’m supposed to say the second i press record 😅
2024-08-15	share some self-care tips this #RelaxationDay 💓🤟
2024-08-15	want more channel members? 📈 listen up as @cbgray_ dishes out ALL the secrets ⬇️ https://t.co/WH03eLR4im
2024-08-16	i love my desk 😌
2024-08-16	ready to secure the bag with YouTube Shopping? 💰 learn how @jessicayflores, @hughhoufilm, @peachietech, &amp; other creators are creating shopping content tailored to their channels 👇 https://t.co/fVg0AcMq91 https://t.co/LS1Y9B16PM
2024-08-17	SOS i’m drowning in footage!!! 🎞️
2024-08-17	if you had unlimited access to all the camera equipment you could ever want, what would you film? 🤔
2024-08-18	which collab would break the internet? 🤔
2024-08-19	send some love to your subscribers 💌⬇️
2024-08-19	what’s the ultimate editing struggle?
2024-08-20	how many channels do you have, and how do you differentiate the content on them?
2024-08-20	📚 attention readers 📚 this is your sign to snuggle up and dive into your next read! check out @jackbenedwards &amp; @_withcindy’s *ultimate* BookTube reading list 👇 https://t.co/g2A4nt9jaP
2024-08-21	i prefer filming on my..
2024-08-21	nothing cheers me up like your videos 🥹
2024-08-22	the world needs your passion!!! 💞
2024-08-22	❤️ heart your fave comments 📌 pin comments to the top ✍️ reply to comments these are just a few of @ColinandSamir’s tips for building community through comments!! more here ⬇️ https://t.co/ElUMZr8WJ6
2024-08-23	guess whose turn it is to link their latest video in the comments 🫵
2024-08-23	take a compliment 👇
2024-08-24	what are 3 words someone should drop into the search bar to find your channel? 🧐 can’t be your channel name!
2024-08-24	you are doing THE thing ✨
2024-08-25	does anyone else perceive the world as a bunch of thumbnails?
2024-08-25	if your pet filmed a vlog for your channel, what would the title be?
2024-08-26	editing to lo-fi is my meditation 😌
2024-08-26	which phrase do you catch yourself using most while filming?
2024-08-27	crazy how one day you just started creating, and now you have a community that watches all your videos 👥
2024-08-27	what’s your morning ritual to make sure you have a productive day? ☀️
2024-08-28	sometimes you just have to stare at a blank screen and think for a while
2024-08-29	a milli for KhanFlicks!! what a journey it's been 🌟 don't forget to check out his content⬇️ https://t.co/VNIarRcTsz https://t.co/0ZovvPGCs9
2024-08-29	whose channel intro do you have completely memorized? 🧐
2024-08-30	if your channel was a movie genre, what would it be?
2024-08-30	“i started making book videos when i was just a teenager and the fact that i’m now selling teenagers my favorite books makes me want to cry” - Ariel Bissett, a Canadian creator who turned her love for reading into a mobile bookshop 📚 ✨ read✨ more about her journey ⬇️
2024-08-31	turning on my ring light is like an instant makeover tbh 😊
2024-08-31	🗣️ ROLL CALL! who is gonna upload a Short today?
2024-09-01	what’s the ultimate serotonin boost? 🤔
2024-09-01	you’re my fave creator *and* my fave teacher 🍎
2024-09-02	what are the 3 most important items in your back-to-school haul? ✏️
2024-09-02	when the video exports without crashing https://t.co/xvaSQLz5FH
2024-09-02	🔮 manifesting your next subscriber milestone 🔮
2024-09-03	describe today’s mood with a vlog title
2024-09-03	if i had a farm, you’d be the GOAT 🤩
2024-09-04	what’s on the menu for your next mukbang?
2024-09-04	🗣️ creators in the YouTube Shopping Affiliate Program 🗣️ we’re launching a Chrome desktop extension that lets you save Shopping products and compare commission rates while scrolling through your fave stores 👏 learn more ⤵️ https://t.co/tHZqJSNf3I
2024-09-05	besides yourself, who else is featured the most in your thumbnails?
2024-09-06	https://t.co/5JU2YVz8gX
2024-09-06	need an energy boost to film? pick one
2024-09-07	best way to pass the time while your upload is buffering? ⏳
2024-09-07	what’s one thing you would wanna say to your first-ever subscriber? 💌
2024-09-08	what are your top 3 tips for writing elite video titles?
2024-09-08	your uniqueness is so so appreciated 💖
2024-09-09	anyone else vlog in their dreams? 💤
2024-09-09	this is your reminder to organize your playlists on your channel 📂
2024-09-10	how many subscribers do you currently have?
2024-09-10	just got the upload notification for your new video 🤩 today’s gonna be a good day!!!
2024-09-10	🚨 new Shorts feature 🚨 try out the “add yours” sticker on Shorts to respond to prompts, create your own, &amp; connect with fellow creators! 🤝 learn more: https://t.co/cleqORTm6l
2024-09-11	sending you good vibes while that video is uploading 💓
2024-09-11	the channel Answer in Progress is all about embracing curiosities, no matter how random ✨ catch up with one of the creators, @KhanStopMe, to learn about their process of creating unique and educational content ⬇️ https://t.co/Vmgv0aTtGu
2024-09-12	back to school means back to the classroom 📚 check out teacher/creator The Caffeinated Classroom 🍎 she’s teaching how to navigate the landscape of constantly doing more with less, both inside the classroom and out ⬇️ https://t.co/kEzkJuNWSL
2024-09-13	https://t.co/0GT2oqhecP
2024-09-13	live streaming is a great way to connect with your viewers in real time 👥 🎉 tap into the world of streaming and learn best practices here ⤵️ https://t.co/mPbHecaqll
2024-09-13	not our footage being corrupted on #FridayThe13th 😭
2024-09-14	every day is one step closer to your subscriber goal 📈
2024-09-14	what’s your editing order?
2024-09-15	#HispanicHeritageMonth has begun❣️ spend the month celebrating wonderful Hispanic creators who share their history, culture, &amp; creativity ⬇️ https://t.co/6ggYhTpfVg
2024-09-15	that awkward moment when your mind goes blank the second you press record 🥴
2024-09-16	take some deep breaths while that video uploads 😮‍💨
2024-09-16	tips for dealing with imposter syndrome??
2024-09-17	get your glow up on for #HispanicHeritageMonth with budget-friendly beauty tips from @SlashedBeauty ✨ Miranda will help you score trendy makeup without breaking the bank 💄 pop by her channel ⬇️ https://t.co/ENNDAfWL6l
2024-09-17	link your latest video to make our day 👇💗
2024-09-18	from passion ➡ possibility. here’s all you need to know about new tools coming to YouTube 🧵
2024-09-18	unbothered, in your lane, focused, flourishing 💁‍♀️ that's you - and @GawxArt - with our new AI-powered tools to supercharge your creativity 📈 details here 👉 https://t.co/lr9gayBysE https://t.co/a0FSNV8DvH
2024-09-18	what does your audience see, feel, and hear when they visit your channel? are there diversity and different perspectives represented in your content? 💻 more on inclusion→ https://t.co/FwlXM5pht5
2024-09-19	community is everything 💛 @nataliexlynnn takes hers wherever she goes, and now we've introduced more ways to connect with your audience than ever before. find out more 👉 https://t.co/lr9gayBysE #ad https://t.co/c0820s3bH4
2024-09-19	once upon a time... a princess had extremely high standards 💁‍♀️ made by @adrianbliss with Dream Screen and powered by Veo, Google DeepMind’s newest and most capable generative video model 🔜 coming soon to YouTube Shorts #Ad #DreamScreenAI https://t.co/Z3yniipAg0
2024-09-20	take it one upload at a time ☝️
2024-09-20	🔴 @ColinandSamir and @YouTubeLiaison are live NOW breaking down all the new tools coming to YouTube. join now &amp; bring your questions!! https://t.co/WOEtbbnXYN
2024-09-21	from vision, to visual 🪄 made by @AndoJoe with Dream Screen and powered by Veo, @GoogleDeepMind's newest and most capable generative video model 🔜 coming soon to YouTube Shorts #DreamScreenAI https://t.co/xFNcWL7szb
2024-09-21	yes the crunching sound of leaves is asmr 🍁
2024-09-22	so long summer!! we’ll remember you through the vlogs 🥰
2024-09-23	drop a 📹 if you’re uploading today!
2024-09-23	here’s a lil fist bump for your progress today 👊
2024-09-24	Haley Pham reading *and* showing us a bedtime story just healed us 💭🎆 made with Dream Screen and powered by Veo, @googledeepmind's newest and most capable generative video model 🔜 coming soon to YouTube Shorts #DreamScreenAI https://t.co/XtUcwivmo3
2024-09-24	we’re hyped hearing @tommyinnit hyping Hype 💫 with Hype, you can help your favorite creators' videos get discovered by more viewers 📈 Hype is available to creators w/ 500-500K subs in TW, TR, BR &amp; will be rolling out to more markets next year #ad https://t.co/44HedBrJeI
2024-09-25	finish this haiku: we love creators and we love community _________________
2024-09-26	chaos living rent free in your head? the upgraded Inspiration tab is here for you 💡 @ItsAdamW gets it (now) 😅 for ideas, outlines, thumbnails, titles—it’s your brainstorm buddy. coming later this year in YouTube Studio 💡 https://t.co/HZPQbLW8cz
2024-09-26	creator economy 101 with @brittany_broski ✍️ learn about YouTube's newest tools for earning here https://t.co/lr9gayBysE 💰 https://t.co/y8yjW3DQSJ
2024-09-26	sending you *double* the motivation today 💓💓
2024-09-26	⚠️ warning ⚠️ HOT content creation takes ahead! #YouTubeCreatorSummit came through with the heat — what’s your hot take? 👇🧵
2024-09-27	*quiet snaps* for @MrBlind_Off for passing 100K subscribers 🏆 click here for more ASMR 🤫 https://t.co/GEqvBk4qNa https://t.co/rYk01vPd1f
2024-09-27	YouTube CREATORS 💜
2024-09-28	absolutely need a moo deng GRWM 🙏
2024-09-28	without saying mukbangs, what’s your fave thing to film?
2024-09-29	age yourself by linking your first-ever video 🤭
2024-09-29	us: “sry i can’t make it i’m v busy” our schedule: edit vids, edit Shorts, edit thumbnails, edit vids again, watch vids
2024-09-30	POV: you give @katiefeeneyy, Ian Boggs, and @itstriplecharm a digital camera at #YouTubeCreatorSummit. 📸🔥 https://t.co/tcV9glTMPv
2024-09-30	the color of the object to your right + the last thing you ate is now your podcast name 💬 what is it? #WorldPodcastDay
2024-09-30	what 3 gear updates would you make if you were on an all-expenses-paid shopping spree? 🛍️
2024-10-01	it’s cozy szn 🥘 what kind of soup or hot beverage are we sipping on while editing?
2024-10-01	manifesting that your channel is about to BLOW UP 📈
2024-10-01	real or cake? 🤔 Tigga Mac's creator journey to 1 million subs is very real! 🎂 https://t.co/Pw6CdhZAZE https://t.co/Sun2PP0ZAD
2024-10-02	we spy with our little eyes the best creator ever 👀 (it’s you)
2024-10-02	when someone calls you by your channel name in public 👁️👄👁️
2024-10-03	what’s been your most wholesome subscriber interaction? ❣️
2024-10-03	which tutorial topic would you absolutely own? fun hairstyles ✂️ dance 🕺 cooking 🍳 other ⬇️
2024-10-04	the love for creators grows stronger every day 💓
2024-10-05	thank you for being authentically YOU 🥲
2024-10-05	what made you smile while creating this week? 😄
2024-10-06	nothing compares to hitting a views milestone ☺️
2024-10-06	your fall content vibe?
2024-10-08	let’s celebrate YOU 🎉 share your most recent creator accomplishment below ⬇️
2024-10-08	we’re always happy to GRW 🫵
2024-10-09	link a video that perfectly summarizes your channel 👇
2024-10-09	looking for some ways to maintain digital wellness? here’s a start: 🌟 schedule your time 🌟 recognize your burnout 🌟 try to unplug from devices 🌟 more ➡️ https://t.co/OaPFcWPZys
2024-10-09	what’s your upload frequency? 🗓️ 1️⃣ daily 2️⃣ weekly 3️⃣ monthly 4️⃣ chaotic
2024-10-10	let’s show each other some love this #WorldMentalHealthDay 🥰 @ a fellow creator who made you feel *seen* during stressful times
2024-10-12	these Italian creators are inspiring sustainable living, one video at a time 🇮🇹 meet @Boscodiogigia and other creators to learn about farming sustainably, budgeting, &amp; more ⬇️ https://t.co/lWWfznr7iG
2024-10-13	it’s *never* too late to start that channel or make that vid ⭐
2024-10-14	we either feel like 😌 or 🫨 while uploading new content, there’s no in between
2024-10-16	drop a link to the vid that was the most challenging to create 🥵
2024-10-16	what would be your number-one tip if you were filming a self-care tutorial? ☀️
2024-10-18	who’s creating the best sports content currently? 🏈
2024-10-20	fave livestream format? let’s play 🎮 day in the life 📹 watch party 🍿 other ⤵️
2024-10-20	filming that *one* part over &amp; over again bc we can’t speak properly 😵‍💫
2024-10-21	drop some encouragement in the comments for your fellow creators 🥹 LET’S DO THIS!
2024-10-21	you still have a few days to perfect your spooky halloween makeup look!! 👻 Dashawn Moon can help with all things SFX 🌟🧟‍♂️ https://t.co/GorEql8ZFf
2024-10-22	complete the sentence: the moment i *knew* i was meant to be a creator was _____
2024-10-22	filming diy tutorials and feeling like we’re giving a lecture 🥸
2024-10-24	which creator always has the best halloween costumes? 👻
2024-10-25	brush up on your Shorts knowledge *today* with this playlist ⬇️ https://t.co/8V6HxFGq6p
2024-10-25	without You, we’d just be Tube
2024-10-26	creators, choose your halloween costume adventure DIY 🧵 halloween store 🎃 thrift store 👒 closet 🚪
2024-10-27	choose a prize: 1M subs or 100M views 📈
2024-10-28	life is just one long reaction video ✨
2024-10-30	on a scale of 1-10, how busy is your creative schedule this week? 🗓️
2024-10-30	“you don’t have to have a ton of subscribers to have a thriving community on YouTube” - @TheEmilyDBaker 👥 see how Emily navigates expanding her community with channel memberships 🌟 https://t.co/qUKke4PNZo
2024-10-31	pumpkin spice latte in one hand, camera in the other 🧡 let the spooky vlog begin!
2024-10-31	snacking on candy is great during an editing sesh but save some for the trick or treaters 🍬🎃
2024-11-01	that first comment after uploading is so healing 😌
2024-11-01	what was your most memorable part of vlogtober?
2024-11-02	november content plans? 🍃
2024-11-02	want to create content that resonates? it’s all about human connection 💖 learn how to make your audience really *feel* something ⬇️ https://t.co/Ok8bxOJNrR
2024-11-03	NataLee of Designed to the Nines shares her “power tools” for success: 🛠️ be brave 🛠️ be bold 🛠️ keep trying more here ⬇️ https://t.co/XaAkmAv8dA
2024-11-03	trying get the lighting *just* right after daylight savings 🧐
2024-11-07	GOAT = greatest of all thumbnails 😜
2024-11-07	what is your end of year content goal? create a new series 🎬 make more Shorts 📹 collab 🫂 grow my audience 📈
2024-11-08	your latest vid 8 🤩
2024-11-09	cozying up and watching your videos is the best way to unwind 💖
2024-11-09	⬇️ what’s on the agenda this weekend? ⬇️
2024-11-10	link the last tutorial you watched 👇
2024-11-10	november to-do list: film videos 📹 edit videos 💻 eat pie 🥧
2024-11-11	11:11 is here 🌟 manifest your creator dreams below ⬇️
2024-11-11	we’ll be filming in our PJs for the rest of the year, just fyi
2024-11-12	what are you most thankful for as a creator? 🩷
2024-11-12	✨ shiny new YouTube updates are here (or coming very soon) ✨ fine-tunable playback speed, improved miniplayer, &amp; more: https://t.co/BYPQ6nv47W
2024-11-13	drop a compliment to a fellow creator for #WorldKindnessDay 🤗
2024-11-13	you get five stars for your creativity! ⭐⭐⭐⭐⭐
2024-11-14	makeup creators: describe your everyday look, tutorial style 😍
2024-11-14	who else feels *lighter* after organizing their files? 😌
2024-11-15	a first impression is important! make sure your channel looks tidy and approachable for new viewers 👥 have you tried using playlists to keep your content organized? more info here: https://t.co/59TkD4dU2a
2024-11-15	best way to elevate your editing experience? lofi beats 🎵 lil snack 🍦 light a candle 🕯️ other ⤵️
2024-11-16	from rising stars to established legends, indie animation is thriving ✨ celebrate creators like @glitch_prod, @VivziePop, @A3DGhost, &amp; OG @sWooZ1e 👇 https://t.co/TwE0IXWH3h
2024-11-16	take every challenge as an opportunity for progress 💡
2024-11-17	to do: 🌟 create a Short 🌟 admire your work 🌟 pat yourself on the back 🔁 repeat
2024-11-17	top 3 things you’ve learned as a creator so far this year? ⬇️
2024-11-18	omg the way you inspire us 😍
2024-11-18	re-arranging and re-organizing our desk to make a ✨ new and (hopefully) more productive desk ✨
2024-11-19	need some 💡 lighting tips 💡 pls!
2024-11-19	your content is changing the game 🎯
2024-11-20	this is your reminder to check up on your engagement in YouTube Analytics 📊 here you can find watch time, card clicks, clicks per end screen, &amp; more! → https://t.co/JpMvrLvXKn
2024-11-20	who has the yummiest recipe vids for cozy szn? 🥘
2024-11-21	it's true, staring at your computer for hours is part of the ~ editing process ~
2024-11-21	level up your Shorts game with Dream Screen ✨ you can now generate video backgrounds instantly with just a few words! available now in the United States, Canada, Australia, and New Zealand. try it out ➡️ https://t.co/8w3DiWHyNw
2024-11-22	best tip for attracting new subscribers? 📈
2024-11-22	shoutout to all the teams behind the camera 🤗 your work does not go unnoticed ❤️
2024-11-23	best holiday for content? halloween 🎃 thanksgiving 🦃 christmas 🎁 other ⬇️
2024-11-23	our favorite thing about filming vlogs is being able to yap without interruption
2024-11-24	remember your worth ❣️
2024-11-24	us making a soup recipe vid: “welcome to StewTube!”
2024-11-25	ok hear us out…YOU CAN DO IT! 😁
2024-11-26	your biggest source of content inspo? fellow creators 📹 social media 📱 friends 👥 other ⤵️
2024-11-26	“i always wanted to try to make a living off of YouTube, and part of that is always going to be merch.” - UK-based creator Fish With Carl 🎣 hear his advice on all things YouTube Shopping here ⬇️ https://t.co/LR5Zt1hXBa
2024-11-27	need last-minute dinner outfit Shorts 🙏 ⬇️⬇️⬇️
2024-11-28	not us using the pasta box stacked on top of the dirty casserole dish as a tripod
2024-11-28	today is a mukbang creator’s favorite holiday 🦃🥔🍲🥘🥕🌽
2024-11-29	what kind of holiday content are you filming this year? ❄️
2024-11-29	🎶 it’s tiiiiime 🎶 ...for holiday decorating Shorts
2024-11-30	content ideas for this weekend: 🍽️ leftovers mukbang 💡 GRWM to hang the lights 🛍️ Black Friday haul
2024-11-30	🫵 are the best part of YouTube
2024-12-01	still shaking from the jump scare of seeing “December” on the calendar today 😱
2024-12-01	what's on your end of year wish list? ⬇️ more subs 👥 more views 👀 more likes 👍 more comments 🗣️
2024-12-02	drop your goals for the last month of the year ⤵️
2024-12-02	we ate (snacks while editing) and left no crumbs (on our desks…maybe)
2024-12-03	can we talk about how your videos are incredible? 🤩
2024-12-03	choose an upgrade: 📹 or 🖥️
2024-12-04	advice for pivoting to a new niche? 👀
2024-12-04	seeking a vlog that is also a cinematic masterpiece? 🎨 look no further, @iamnotlucymoon is here! dive into her creative process ⤵️ https://t.co/9X82GVvbc9
2024-12-05	fill in the blanks ⬇️ _____ + _____ = the perfect video
2024-12-05	“SMASH THAT LIKE BUTTON!” …but like no pressure or anything 🤗
2024-12-06	animators, it’s time to shine! check out these tips from @illymation, @TangsTails, &amp; @TheAMaazing 👇 💫 experiment with genres &amp; formats 💗 center your personality 🫂 build community more advice: https://t.co/EPIrBm5zex
2024-12-06	creators — unwrap a new way to earn AND engage 🎁 gifts are now available to all eligible US creators in the #YouTubePartnerProgram! head to the Earn Hub in YouTube Studio to turn on gifts on your vertical live streams ✨ learn more ⬇️ https://t.co/pSv06Dux2d
2024-12-06	do you write scripts or do it live? 📝
2024-12-07	1 week of vlogmas down ✅ have you been sticking to your schedule?
2024-12-07	holding space for your dead camera battery today
2024-12-08	how many views did your latest upload get?
2024-12-08	tiramisu, creamy hot cocoa, frosted brownies, &amp; more 🤤 Jessica in the Kitchen is ready to teach you how to bake the tastiest dessert to bring to your holiday party! 🍪 https://t.co/xsl0kUc2R7
2024-12-09	if you are reading this just know that you are AMAZING 🤩
2024-12-09	you have to pick 1️⃣ type of content to create everyday for a week, what are you choosing?
2024-12-10	unwrapping gifts 🎁 powered by Jewels 💎 with @MerrellTwins gifts give you a new way to earn AND turn up the engagement on your vertical live streams. available now to all eligible US creators in the #YouTubePartnerProgram ➡️ https://t.co/r36xyRX7xJ https://t.co/33kzYqCGOl
2024-12-10	you creATEd that 🎯
2024-12-11	the YouTube app just got a whole lot smoother ✨ ✅ create &amp; manage content from your channel page ✅ check analytics &amp; weekly recaps ...all in one spot! learn more ➡️ https://t.co/nEKOLnYYE4
2024-12-11	what was your biggest win last week?
2024-12-11	when you see the comments start to roll in after uploading a video you poured your heart and soul into 🥹 https://t.co/3xcTPEinas
2024-12-12	don’t doubt yourself ❣️
2024-12-12	no more creative blocks! 🚫 Inspiration is here to help you brainstorm content with AI-powered ideas, outlines, titles, thumbnails, and more. read all about it 👇 https://t.co/81J7tJ5a9k
2024-12-12	to-do list 🗒️ 1️⃣ brainstorm Shorts ideas 2️⃣ create a masterpiece 3️⃣ upload said masterpiece 4️⃣ take in the sweet comments 5️⃣ repeat 🔁
2024-12-13	hoping you don’t mysteriously lose any footage this #FridayThe13th 😬
2024-12-13	raise your coffee mugs ☕ Stefania Marzelia has passed 100K subs! peep her caffeinated Shorts here ➡️ https://t.co/v8WtYAibSv https://t.co/oPU74I18oN
2024-12-13	trying to write the perfect channel description like 😵‍💫🫨😬
2024-12-14	a little commotion for the thumbnail 👏👏👏
2024-12-14	us trying to schedule collabs before the holidays: 🤡
2024-12-15	what do you use your Community tab for? 🤔
2024-12-16	new subscriber = instant mood boost 🥰
2024-12-16	our mouths are watering just thinking about @chefmaah's creator journey thus far 🤤 100K is just the beginning 🥑🥞🥘🍝🍅 https://t.co/lUisEjj511 https://t.co/koDesd8cvE
2024-12-16	tag a creator whose content deserves a shoutout this week 📣
2024-12-18	ready to level up your livestreams? set Super Chat Goals with your community and reach new milestones together ➡️ https://t.co/kofrRYpjuD
2024-12-19	navigating the awkward holiday questions with @dtayknown 🎄😂 with features like Super Chat, channel memberships, and gifts, powered by Jewels, your family will never ask how you make a living as a creator again! 💸 https://t.co/OMgmDbvNGE
2024-12-20	smashing that like button with the force of a thousand suns! 💥
2024-12-21	friend: “when are we hanging out?!” us: *sends livestream link*
2024-12-22	everyone reading this is AMAZING 🤩
2024-12-27	everyone has a different creative process and that’s ok ☺️
2024-12-28	part of being a creator is never getting used to the sound of your own voice on camera 😅
2025-01-02	2025 new year’s resolutions: 📝 clean desk 📝 clean desk 📝 clean desk
2025-01-03	“sorry, can’t make it, busy brainstorming”
2025-01-04	creators live rent-free in our heads 🥰
2025-01-05	accidentally answering the phone with our vlog intro..
2025-01-07	want to hook new viewers? make a channel trailer! give them a sneak peek of your awesome content and watch your subs grow 📈 learn how to customize your channel ⬇️ https://t.co/Mle1zLsHht
2025-01-08	no more language barriers! 🎉 YouTube Studio’s new auto-dubbing feature translates your videos so you can connect with fans around the world 🌐 learn more 👇 https://t.co/FTXBAJbQ1C
2025-01-09	the secret to improvement? never stop trying!
2025-01-11	⚠️ it’s time to dust off your keyboard ⚠️
2025-01-13	the three iced bevvys on your desk: 👁️ 👄 👁️
2025-01-15	your content ideas are outta this world 🚀
2025-01-16	🫶 because of you, your community has something to like &amp; subscribe to 🫶
2025-01-17	getting started on YouTube has never been easier 🚀 whether you're into short-form content or longer videos, YouTube has the tools to help you grow and get paid along the way 💡#contentcreator https://t.co/mVcYhea8ui
2025-01-17	what will be your first big win of 2025? 💥
2025-01-18	cheers to another day of creating, connecting, &amp; supporting one another 🫂
2025-01-18	ready to share your creativity in up to 3 minutes? you could probably upload your first Short with your eyes closed, it's that easy 👀 https://t.co/Ra5YSpMeq1
2025-01-19	link your fave upload of 2025 so far 👇
2025-01-19	the Shorts glow-up you need ✨ 6 easy tips that will help you level up your content #YouTubeShorts #creatortips https://t.co/IwoHfn9w0A
2025-01-22	today’s agenda: ⚪ brainstorming ⚪ editing thumbnails 🔘 thinking about how weird our voices sound on audio recording like omg that can’t be our voices right??
2025-01-22	which new YouTube feature did you use the most last year? 🤔
2025-01-23	just watched your latest video and WOW 🤩
2025-01-24	how many videos do you aim to upload per month?
2025-01-24	shoutout a creator who never fails to make you think “i should have thought of that!” ⬇️ #NationalComplimentDay
2025-01-25	finish the title: A Day in My Life: _____ Vlog!
2025-01-25	start that channel, upload that video…2025 is the year you finally DO IT!
2025-01-26	upload, grow, repeat 🌅
2025-01-26	what’s the one thing you always procrastinate on when making a video? 😅
2025-01-27	what do you spend more time doing? watching 👀 creating 📹
2025-01-27	why did the creator cross the street? …to film a vlog about crossing the street 😜
2025-01-28	one month ago: “we’ll edit that video in january” (narrator: “they did not edit that video in january”)
2025-01-28	when your tripod has a near-death experience but the footage survives 😅
2025-01-29	views, watch time, estimated revenue, top content, average view duration, and *much* more! these are just a few of the metrics you can tap into when reviewing your analytics ⬇️ https://t.co/N2sgoXrfo3
2025-01-30	when someone recognizes you from your channel name: 😲
2025-01-31	big screen or small screen? 🤔 find out where your audience is watching with the new “device type” card in YouTube Studio (on desktop &amp; mobile!) more info 👇 https://t.co/gQvwint1Uj
2025-01-31	what’s your favorite part of the process?
2025-02-01	what is one thing you appreciate about your subscribers? ❣️
2025-02-02	reading a comment that perfectly understands the message behind your video: 🥰
2025-02-02	whether you hit a new subscriber count, reached a viewership goal, or landed a sponsorship, you deserve all the good things! ✨
2025-02-03	imagine you wake up one morning and have 1B subs. what’s the first thing you do? 📈
2025-02-03	we’re expanding access to Communities 🎉 Communities are dedicated spaces to connect with your audience, start conversations, &amp; build a stronger community! + the Community tab is now called the Posts tab. more about the changes 👇 https://t.co/54DRbmITET
2025-02-03	whispered during a voice-over and realized we may have just started an ASMR channel by accident 😌 (oops?)
2025-02-04	friendly reminder that you made someone like &amp; subscribe today ❣️
2025-02-04	we're dishing out a few podcast discovery tips!! ✍️ describe your podcast in the description for new listeners 👤 use your podcast name in video titles 🖇️ for a smooth listening experience, avoiding mixing clips → https://t.co/86rbUWnBuY
2025-02-05	ty to whoever invented cameras
2025-02-05	what’s more chaotic?
2025-02-06	external hard drives on your countertop = room decor
2025-02-06	getting started on Shorts has never been easier — you can even reuse your existing content ♻️ we're partnering with https://t.co/sTUonWxhRM to give you 3 months FREE, because your creativity deserves to be seen everywhere. sign in to redeem your offer: https://t.co/DUS9ztWKXa
2025-02-06	tag a creator ⤵️ that’s it just tag a creator
2025-02-07	fill in the blank ⬇️ my channel is _____
2025-02-07	today’s a good day to upload a video 🌅
2025-02-08	it’s always “wyd” and never “i liked &amp; subscribed to your channel” 😞
2025-02-09	thinking about all the game day vlogs we are about to get 🤩
2025-02-09	today is all about buffalo chicken slider mukbangs 🥪🏈
2025-02-10	that moment when you accidentally discover a new editing hack 🤯
2025-02-10	would you rather film a video in a ball pit or a bouncy castle?
2025-02-11	ready to launch your creator platform with a .channel domain? 🚀 it’s the perfect home for your content, community, &amp; commerce available now ⬇️ https://t.co/aRHvpLnfBT https://t.co/FVgvNMJJjb
2025-02-11	take a little break for Safer Internet Day 💚 when you’re done taking a pause, check out four of the tools we've created to support our teen viewers' wellbeing 👉 https://t.co/y6oGNaFUaT #SaferInternetDay
2025-02-12	Super Chat Goals is a feature that encourages your community to interact through Super Chats and create fun, shared experiences 👥 have you tried this? https://t.co/3LNtXvfB3H
2025-02-12	wanna add some cuteness to your life? 😍 Sweet Art Crafts shows you how to make clay mugs, ceramic decor, &amp; even resin pendants 🍵 https://t.co/AZEgyoFqlM
2025-02-12	what’s your weirdest source of inspiration? 🤔
2025-02-13	just spent 3 hours responding to comments and loved every minute 😎
2025-02-13	the Dream Screen tool in YouTube Shorts just bulked up with Veo 2 — and so did Fizz 😅💀 #sponsored creators can now generate high-quality video clips with #DreamScreen and turn any idea into reality. @ItsAdamW, it might be time to get your reps in https://t.co/rRJP7IEZxv
2025-02-13	to all the creators out there grinding: YOU GOT THIS ‼️
2025-02-14	love is in the air…and on YouTube 💕 tag a creator to send some valentine’s wishes 💌
2025-02-14	seeing tons of cutesie video titles today 🩷💕♥️🤍🍫💌
2025-02-15	did someone say 1 million subs? Holly Auna, this is just the beginning for you! 🌻 https://t.co/qKvDLTjcTw https://t.co/4fGTMfA6rK
2025-02-15	editing while lying down = self-care
2025-02-15	what’s ONE thing you wish you knew before starting your channel? how much work it actually is 😅 how to grow an audience 📈 how to make money 💰 other 👇
2025-02-16	us every time we see one of your videos: 👍
2025-02-16	what’s more important? 📹 channel trailers ✍️ accurate and up-to-date descriptions
2025-02-17	that idea you’ve been holding onto? it’s time to bring it to life ✨
2025-02-17	would you rather… edit all your videos on a potato 🥔 film everything in one take 📹
2025-02-18	don’t wait for the “perfect” moment ❌ start creating TODAY!
2025-02-19	Shopping Collections allow you to curate a selection of your fave products, making it effortless for viewers to shop your recommended products 🛍️ tap into this in YouTube Studio → https://t.co/WvLfHVm4zf https://t.co/e5TQZV79s1
2025-02-19	from street food to spicy noodles to pizzas &amp; more! 🌶️🍕 mukbang creator Tzuyang has reached 10M subs &amp; counting 👏 https://t.co/8BZGfZ98hW https://t.co/cTc0RVdiX8
2025-02-19	on wednesdays we vlog !!
2025-02-20	shoutout to all the creators out there hustling &amp; making their dreams happen!
2025-02-21	Beth Ermias' journey to 100K subs has been nothing short of entertaining 🥹 can’t wait to watch you grow even more! https://t.co/2qBiKe4GOK https://t.co/QO2oMree6x
2025-02-21	anyone else get way too excited about new gear? 🫣
2025-02-23	never underestimate the power of a good thumbnail 😉
2025-02-23	to all the creators who film in their bedrooms/closets/bathrooms: we’re in this together!
2025-02-24	the plant queen herself has surpassed 100K subscribers 🌱☀️ head over to Oh The Places You’ll Grow for houseplant tips and show her some love 💚 → https://t.co/m8ThX12Y41 https://t.co/NPz46F405S
2025-02-24	what’s the most ✨ unique ✨ thing about your channel?
2025-02-25	reach a wider audience AND grow your channel with YouTube’s auto dubbing feature ✨ see if you have access by heading over to YouTube Studio &gt; “Advanced Settings” learn more 👇 https://t.co/rCiCOvCjOY
2025-02-25	what’s your favorite video length? &lt;5 minutes 🕜 5-10 minutes 🕝 10-20 minutes 🕞 long as it needs to be! 🕟
2025-02-26	from fan funding to ad revenue sharing, the YouTube Partner Program helps you get paid for your awesome videos 🤑 start building your YouTube business today 👇 https://t.co/vkj4cSbrtD
2025-02-26	reverse skydiving, mirror mazes, and a cat that fixes your schedule? 🌀🐱 with the #DreamScreen tool in YouTube Shorts, creators can now generate high quality video clips with stunning detail, thanks to Veo 2. what scene will you create? https://t.co/ATsAKe30E3
2025-02-26	which type of videos do you find yourself making the most?
2025-02-27	what's the sweetest comment you’ve ever received?
2025-02-27	your content in one word: fantastic 💫
2025-02-28	YouTube is the new TV? 📺 @nealmohan shares his vision for the future, and it’s full of exciting possibilities 👇 https://t.co/E7WQXjtV9n
2025-02-28	getting that edit just right like.. https://t.co/G1QJQZ0aKQ
2025-03-01	keep pushing toward your goals! you’re closer than you think 😉
2025-03-01	march is all about fresh starts 🌱 what new goals are you setting this month?
2025-03-02	tfw you get a comment from someone saying your video helped them 😭
2025-03-02	what’s your favorite part of the creator journey? connecting with my community 🫂 learning new skills 📚 expressing my creativity 🖼️ making a difference 💗
2025-03-03	loving your content rn ❣️
2025-03-03	what do you want to achieve by this summer?
2025-03-04	currently using our green screen to pretend we’re on a tropical island 😎
2025-03-04	i prefer editing on my... 🤳 phone 💻 computer
2025-03-05	any new creators out there thinking about starting a channel? refresh your memory and click this link to guide you through starting and customizing your channel to share your passion and creativity → https://t.co/JUxGnLgSX1
2025-03-05	fill in the blank ⬇️ you know you’re a creator when _____
2025-03-06	1 90-minute video or 90 1-minute Shorts? 🤔
2025-03-07	shoutout to you for making it through winter 🌱
2025-03-07	which award would you win at a YouTube awards show?
2025-03-08	every upload, every comment, every subscriber, celebrate it all, bc those small wins are EVERYTHING 🏆
2025-03-08	what’s an underrated spring trend for content, bc we’re thinking outdoor b-roll is a must-try ☀️🤔
2025-03-09	go-to mood booster? 🔋
2025-03-09	the sun’s setting later which means you have more time to get ready for golden hour 😍
2025-03-10	dare you to try a totally new content format this season, what’s it gonna be tho?
2025-03-10	tfw when it’s later but still light out 🤩
2025-03-11	longer days call for longer livestreams 📹
2025-03-11	who’s your go-to for spring cleaning tips? 🧼
2025-03-12	SUPER excited to watch your upcoming adventures!
2025-03-12	that feeling when your analytics spike? 📈 pure joy
2025-03-13	pro-tip: your camera’s battery will ALWAYS die at the worst time ⚡️longer days call for longer livestreams 📹
2025-03-13	wanna supercharge your channel? join the YouTube Partner Program for creator community vibes 🫂 1-on-1 support 🗣️ premium rev-sharing 💸 &amp; more ⬇️ https://t.co/WxDqpApJrv
2025-03-14	what’s the best organization hack?
2025-03-14	when the hair’s on point, you know it’s a filming day 🎬
2025-03-15	1B monthly podcast users on YouTube and YOU did that 🎉 you creating, you listening, you vibing 🎶 who’s in your YouTube podcast rotation? 👇 https://t.co/Aq9yEONjPn
2025-03-15	spring is for do-overs and start-agains 🌱
2025-03-16	long drives or long flights? 🚗✈️
2025-03-16	so many locations to film, so little time 😅
2025-03-17	like if you can’t wait to film more outdoor content ☀️
2025-03-17	what green treats are you enjoying for Saint Patrick’s Day?
2025-03-18	may your channel grow like never before 📈
2025-03-18	yes, you should redecorate your living room and film it
2025-03-19	favorite spring content?
2025-03-19	shoutout to you for making it through winter 🌱
2025-03-20	3-min Shorts?! super chat goals?! studio inspo?! new communities?! text-to-speech on iOS?!?! so many new features to create with ‼️ learn more 👇 https://t.co/TObmypI84S
2025-03-20	tag a creator who brings you joy 😀 #InternationalDayOfHappiness
2025-03-21	LOVE seeing your channel thrive !!
2025-03-21	what’s on your spring content calendar? 📅
2025-03-22	what is something that makes you happy? 😆
2025-03-22	would you rather film…
2025-03-23	don’t know? don’t worry. you can always learn 📈
2025-03-23	planning any springtime day trips? where are you headed? 🚗
2025-03-24	endless filming locations, endless content ideas...where to start? 🤔
2025-03-24	when was the last time you tried out a new format on your channel?
2025-03-25	that first outdoor shoot of the season and immediately getting photobombed by a squirrel 🐿️
2025-03-25	unlock epic community moments w/ Super Chat goals ‼️ drop a challenge, watch your viewers go wild! get started ⬇️ https://t.co/StMSt0cEEL
2025-03-26	trying to undo 8 hours of shrimp posture like @yogawithadriene https://t.co/GY0vcS5auQ
2025-03-26	what’s your fave genre to watch? 🤔
2025-03-27	20 years of YouTube &amp; we’re going BIG! 🌐 Creator Collectives are hitting all 50 states! connect, grow, thrive. RSVP here 👇 https://t.co/7z5mDvJavY
2025-03-27	from dream to reality 🌴✨ with Veo 2 and #DreamScreen in YouTube Shorts, @Kristoffcollins is taking vacay vibes to a whole new level. where are you heading next? ⛅️ #sponsored https://t.co/wbOYE9rP7I
2025-03-28	creator pro-tip: always have backup batteries (and chargers!) 🔋
2025-03-28	pick a green
2025-03-29	today’s the perfect day to start a new series on your channel ❣️
2025-03-29	🗣️ info dumping is encouraged
2025-03-30	what’s a typical sunday night look like for a creator?
2025-03-30	your channel is thriving and we love to see it 🤩
2025-03-31	building community, worldwide 🤝 celebrate 20 years of YouTube with Creator Collectives in all 50 states. RSVP now 🔽 https://t.co/46j1RmKp7B
2025-03-31	level up your lives with Super Chat goals 🏆 turn those streams into games and watch the engagement (and earnings) climb! peep the deets 👇 https://t.co/TsThOx6Sxq
2025-04-01	my missing SD card better be an april fools prank
2025-04-01	streamers 📢 with the new “Take a Break” feature, you can run short breaks during your stream and show either a default away message or custom channel video while away. eligible viewers see an ad, allowing you to keep earning! more: https://t.co/gYuzREoUDM
2025-04-01	what’s one thing you’re manifesting for your channel this month?
2025-04-02	let’s build each other up 💕 link your latest video and tell us what you’re proud of ⬇️
2025-04-02	the struggle of finding the perfect b-roll 😩 anyone else spend hours searching?
2025-04-03	creating your dream? that’s the ultimate flex 😎
2025-04-03	some special treats celebrating VFX creators ⤵️ a playlist 🔁 &amp; a sweet vid by @CorridorDigital 📹 check em all out 👇 https://t.co/JLzgZZ440l
2025-04-04	april showers bring creator superpowers ⚡️
2025-04-04	best spring cleaning tips? 🤔
2025-04-04	new Shorts creation tools coming this spring ✨ ✂️ upgraded video editor 🎶 edits synced to the beat 🪄 templates 🖼️ image stickers 🤖 ai stickers which are you most hyped about? 👇 https://t.co/t6I70hkcRQ
2025-04-05	creators with a 9-5 who inspire and lead? we see you ❤️‍🔥
2025-04-05	your big moment could be just one video away ✨
2025-04-06	250M views of “clean with me” videos in 2024?! 🤯 find your spring clean inspo with these creators: https://t.co/BAPdZgyBQh
2025-04-06	the 80/20 camera rule: 80% outtakes and 20% usable footage 😅
2025-04-07	gardening tips? DIY projects? outdoor activities? what’s your spring content vibe?
2025-04-09	creators: what's the most "out there" Shorts idea you've ever had but never made? don't be shy!
2025-04-09	live stream or premiere?
2025-04-09	your content just keeps getting better &amp; better &amp; better &amp; better
2025-04-10	festival szn is here! what are you most excited to create this year?
2025-04-11	growth szn’s here 🌱 let your creativity bloom
2025-04-11	me: logging off for an early night. my brain: what if I made this into a Shorts… 🧠⚡️
2025-04-12	little monsters, angels, carpenters… if your Shorts subscribers had a nickname, what would it be?
2025-04-12	when the wifi’s actually cooperating during a live stream 📶
2025-04-12	you wake up and your latest video has 1 BILLION views…what now?
2025-04-13	what are you looking forward to creating rn?
2025-04-13	you’re the reason we love this community 💗 keep creating, keep shining
2025-04-14	the editor’s brain: too little? too extra? is this even watchable?! 🧠
2025-04-14	when you exceed your engagement goals 📈🥳
2025-04-15	thinking about how amazing this creator community is 💞
2025-04-16	editing on a laptop, battery at 5% 😮‍💨 living life on the edge
2025-04-16	love Shorts, hate having to change out of my pajama bottoms for the full vertical shot 😩
2025-04-17	ultimate staycation hack?
2025-04-18	my love/hate relationship with ring lights... it's complicated 💔 what's your must-have piece of Shorts filming gear? 🎥
2025-04-18	spring break, amiright? 🏖️ @itscamdendavid https://t.co/Y8kzIFKXL8 https://t.co/PXW3yrFxUM
2025-04-19	a poem for creators: like, subscribe, let’s thrive!
2025-04-19	is it a filming day or a rest day?
2025-04-20	eggs-cellent content = major bunny 💸
2025-04-20	one sentence to describe your channel? go! ⬇️
2025-04-22	get the PERFECT dimensions with this Shorts cheat sheet 💯 bookmark it, besties https://t.co/RJjoJ06c5k
2025-04-22	shoutout to the sunshine! ☀️ @jenerationdiy https://t.co/72jlkwa0tg https://t.co/xy46u1SZOE
2025-04-22	trying to sleep at night: 🛏️ getting excited about new Shorts ideas: 🤩
2025-04-23	2 decades of creating on youtube! 🤯 who’s a creator you’ve been with since the beginning?
2025-04-23	it’s YouTube’s bday but you’re getting the gifts! 😉 viewers can now send you limited-time 20th birthday themed gifts on your vertical live streams. available for U.S. creators and viewers! https://t.co/W4h1lg1C0S https://t.co/XEL0j1NV6w
2025-04-23	that 10% of battery is going to film the best Shorts; record it, upload it! 🪫
2025-04-24	tag a creator who’d throw the best party for youtube's 20th 🎉
2025-04-24	what’s something everyone should be upcycling?
2025-04-24	you’re building something special ✨ keep going!
2025-04-25	composing a love letter to the ‘pause’ button on YouTube Shorts, who’s signing ☝️
2025-04-25	that perfect take that you accidentally forgot to record 😫
2025-04-26	what's one thing you would want to tell all of your subscribers?
2025-04-26	when your “to film” list is longer than your grocery list (send help!)
2025-04-27	sunday evenings are for
2025-04-27	this is your sign to post that Short 🔮
2025-04-28	learned a new editing trick: wizard level unlocked 🧙
2025-04-28	when is the last time your refreshed your channel description?
2025-04-29	demonstrate how to use the product, show it off in good lighting, and feature items you believe in 🛍️ these are a few best practices for selling through YouTube Shopping → https://t.co/FfjZennhtU
2025-04-29	pat yourself on the back!!
2025-04-30	give yourself some grace 💖 and keep doing the best you can!
2025-04-30	what did you accomplish in april that you are the most proud of? 🌟
2025-05-01	may is here ! bring on the graduation vlogs 🎓
2025-05-01	reply with that channel tip you’ve been gatekeeping
2025-05-01	when reality isn’t the vibe, @lanaraee_ creates her dream gaming setup with clouds, lights, and fairy-core magic 🧚🏼‍♀️✨ thanks to #DreamScreen in YouTube Shorts, anything is possible! ☁️ #sponsored https://t.co/j9eUG8Pa8H
2025-05-02	can’t wait to see what magic you create next ✨
2025-05-02	the best time to get a Shorts idea is…
2025-05-02	what’s one thing that always makes your day as a creator?
2025-05-03	TEAM CAPS LOCK or team lower case?
2025-05-03	what’s the first thing you do when you sit down to create? 💻
2025-05-04	♥️ creating ♥️
2025-05-05	.@airrack gets it 💸 https://t.co/LlRF8WBZD3 https://t.co/Y39Tj7bSLf
2025-05-05	sometimes our “filming setup” is just a messy room with good lighting, and that's okay!
2025-05-05	where do you see your channel in 20 years?
2025-05-06	it’s so cool watching you build community with your awesome content
2025-05-06	watching your old videos and seeing how far you’ve come 💪
2025-05-07	creators: is your Shorts feed a vibe or a mood today?
2025-05-07	don’t stop experimenting with your content ✨ that’s where the magic happens
2025-05-07	🚨 cool jobs alert 🚨 the creator economy’s got tons of roles you might not know about and @DudePerfect is giving YOU the inside scoop 👇 https://t.co/kRwNmFXtEl
2025-05-08	our newest creator roundup is filled with exciting updates 👥 you’ll see updates to Shorts views, the Inspiration tab, the ability to use Take a Break during live-streams, and more! → https://t.co/39kNMoAFLa
2025-05-08	what project are you most proud of? brag below!
2025-05-09	a new sub? pure serotonin
2025-05-09	your next project is gonna be epic!!
2025-05-10	first Short you ever posted — how’d it go? 👇
2025-05-10	what’s the silliest thing that’s ever happened while you were filming?
2025-05-10	yesterday’s cringe is today’s growth
2025-05-11	pick one
2025-05-11	what’s a small change you made that had a big impact on your channel?
2025-05-12	wait, did we even hit record? 🤔
2025-05-12	what’s a random Short you think about way too often?
2025-05-12	would you rather travel the world filming epic shots or have a dedicated studio with the latest tech?
2025-05-13	level up your TV game w/ @MichelleKhare’s tips 📺⬇️ ✨ invest in top-notch production ⏱️ make every second count 🎬 embrace long-form &amp; more insights here 👇 https://t.co/JL0xQCUDk1
2025-05-13	we like videos
2025-05-14	every video you make reaches someone who needs it &lt;3
2025-05-14	one video that changed your content game? link it! 👇
2025-05-14	who’s your ‘omg they never miss’ Shorts creator? tag them 🫶
2025-05-15	are YOU making these YouTube money moves? 🤑 ads 🛍️ shopping ⭐️ channel memberships &amp; more ⬇️https://t.co/9b9P3Kwh2d
2025-05-15	what’s something unexpected you’ve learned about being a creator?
2025-05-16	what’s the most wholesome moment you’ve seen on youtube in the last 20 years? 🥰
2025-05-16	you put the “great” in “great outdoors” ⛰️
2025-05-17	are we getting a graduation vlog??
2025-05-17	when the wifi cuts out right when you’re about to upload 😩
2025-05-18	never underestimate the power of your content
2025-05-18	one word that describes your community? ❤️
2025-05-19	shoutout to all of the creators who are also recent graduates 😎
2025-05-19	the Inspiration Tab provides you with tools to help you come up with fresh ideas for your content 💡 this tool can help brainstorm titles, thumbnails, and even more → https://t.co/588F9tI2ko
2025-05-20	sleep after a long edit sesh hits different 😴
2025-05-20	what’s a creator tool you can’t live without?
2025-05-21	even on tough days, your effort counts
2025-05-21	let’s write a poem in the replies one line at a time ⤵️
2025-05-22	can’t wait to see your summer DIY projects 🏆
2025-05-22	how do you encourage viewers to comment?
2025-05-23	blast off with Chris Ashley 💥 https://t.co/7lBAVFNePf https://t.co/57eU6PGMev
2025-05-23	professor @KaiCenat in the house 🎓 what should the first lesson at streamer university be? https://t.co/bfouOQlnWk
2025-05-23	scrolling through comments and finding the ones that get it 🙌
2025-05-24	love seeing things from your POV
2025-05-24	right now is the perfect time to start filming summer kickoff vlogs 👀
2025-05-25	seeking storytimes, who is the best?
2025-05-25	this week’s creative forecast is in and next sunday can’t come soon enough 😅 https://t.co/ZBsnzXTl2p
2025-05-26	did you know strategic ad placement enhances earnings and viewer experience? learn more about mid-roll ads here: https://t.co/U7zYOwjzYv
2025-05-26	how do you celebrate new subscribers? 🎉
2025-05-27	being yourself is your superpower 😎
2025-05-27	how do you decide what your audience wants to see next? 🔮
2025-05-28	what is the best video idea that you have dreamt? 💭
2025-05-28	your dedication is making a real difference
2025-05-29	the grind is real, but so is your impact
2025-05-29	which piece of camera equipment do you currently have your eye on?
2025-05-30	anyone else pretend their pets are a live studio audience while filming?
2025-05-30	it’s a vibe 🪩 @growwithjotalks https://t.co/HK3aQD0pcm https://t.co/QJOAZbvp8x
2025-05-31	creators: your community loves what you do 💖
2025-05-31	which do you prefer?
2025-06-01	june is here 😌 where are we filming this month?
2025-06-01	you’re making amazing things happen. keep up the fantastic work!
2025-06-02	staying on top of trends is a full-time job honestly
2025-06-02	we’re celebrating 20 years of youtube this year 🥳 how do you commemorate your channelversary? 🪩 dance party 📹 special video 😌 feeling accomplished 📈 setting a new goal
2025-06-03	every creator starts somewhere 💖 be proud of how far you’ve come and excited for where you’re going
2025-06-03	failure just means more fun blooper reel material
2025-06-04	what’s your biggest creative challenge rn?
2025-06-04	wishing you a constant flow of inspiration for all your videos!
2025-06-05	how do you come up with new content ideas?
2025-06-05	our neighbors definitely think we’re talking to ourselves a lot
2025-06-06	if you could ask your subscribers anything, what would it be?
2025-06-07	drop a link to your latest video and tell us what inspired it 👇
2025-06-07	your creativity is seriously a gift. keep sharing it!
2025-06-08	seeing our vision come to life is actually pretty cool
2025-06-08	sunday evenings are for.. 🤳 scrolling 🍝 mukbanging 💤 napping
2025-06-09	a few content creation tips from @cleoabram &amp; Amjad Hanif ⬇️ 1️⃣ own your work, find your niche 2️⃣ multiple formats = more ways to grow 3️⃣ us ai to create smarter, not harder what would you add?
2025-06-09	does filming always take way longer than planned or…?
2025-06-09	gifts 🤝 vertical lives: a match made in creator heaven 🎁📲 https://t.co/Vl5dbNA7w2
2025-06-10	meet the modern-day historians of the internet age: video essayists! what’s a topic you’d love to see a video essay on? https://t.co/yayhjq9wlY
2025-06-10	you have 20 seconds to link a video for youtube’s 20th bday...GO!
2025-06-11	how often do you batch create content?
2025-06-12	filming Shorts is pretty fun
2025-06-12	what’s a topic your audience is always asking you about?
2025-06-13	haven’t uploaded in a few days but that’s OKAY!
2025-06-13	the #VidConAN25 panelists are HERE 👀 @cringecarter, Safiya Nygaard, Amber &amp; Ashley Alexander, and ZoeUnlimited, just to name a few 💖 stay tuned for more … you’re invited to the celebration, wherever you are https://t.co/voOWJ4VILY
2025-06-13	what is a skill you’re hoping to master soon ??
2025-06-14	tag a creator who always brings a smile to your face
2025-06-14	virtual creators are taking over youtube! 🤯 15 billion views last year?! what are your thoughts on this digital revolution?
2025-06-15	just us or does coming up with titles feel like the hardest part?
2025-06-15	keep experimenting and having fun with your content! 😄
2025-06-16	don’t wait for the perfect moment, create it!
2025-06-16	how do you measure success as a youtube creator? is it views, engagement, or something else?
2025-06-16	we're celebrating 20 years of YouTube @ VidCon 🎉 what’s your most iconic VidCon memory?
2025-06-17	Communities, a new way for you and your audience to connect in a dedicated space on your YouTube channel, are now available for all eligible creators. if you opt in to Communities, subscribers can start discussions, share pics, &amp; more. 🤝 learn more: https://t.co/1VtIjwd4c0
2025-06-17	just watched a few Passportgoat vids and yeah we’re going over our travel budget this year 🌴 https://t.co/FHJXUq0rdG
2025-06-18	what’s in your #VidConAN25 starter pack? drop your essentials below 👇 https://t.co/muMoG20f3M
2025-06-19	🧠💬 @samanthayve’s dream? using her platform to spark real convos around mental health. this is what 20 years of creators building community on YouTube looks like. #VidConAN25 https://t.co/Ln8oR7hZXi
2025-06-21	Beautiful Twin Sisters came for the vibes, left with the cutest party bags 💅 #VidConAN25 https://t.co/pLKqBMqPG1
2025-06-22	we followed @jeenie_weenie1 around VidCon. zero notes. 10/10. would do it again. #VidConAN25 https://t.co/hx0cemvsG5
2025-06-23	beat the clock with @thestevenhe ⏰ 10 second creator wins, unfiltered #VidConAN25 #sponsored https://t.co/sORKfmQwPN
2025-06-23	floating business ideas with @cringecarter 🏊‍ YouTube Shopping tips while staying afloat https://t.co/dpLu6y08VW
2025-06-23	if it feels cringe, you’re probably onto something 👀 just ask @eozunlimited #VidConAN25 https://t.co/JUB8QE16uN
2025-06-23	not all gifts come wrapped 🎁 creators share the best surprises, moments, memories they’ve gotten on their journey 💫 https://t.co/0XuDS1QXSA
2025-06-24	comfy pajamas fuel our best edits
2025-06-24	how to transition from long-form to Shorts: identify key moments 💡 repurpose what you have ♻️ experiment &amp; analyze 📊 &amp; more ⬇️ https://t.co/nYJZNdufj4
2025-06-24	pop quiz at #VidConAN25 🎈Safiya Nygaard handled it like a pro https://t.co/TYwCFvDHWh
2025-06-24	sunshine ✅ good vibes ✅ youtube shaped birthday cake ✅ #VidConAN25 https://t.co/SJXwGJp7aO
2025-06-25	drop a link to a creator whose work has inspired you lately
2025-06-25	we say “i’m a creator” 5 times in the mirror every morning
2025-06-26	what’s one tool or app you couldn't live without as a creator?
2025-06-26	which sweet treat are you reaching for today? https://t.co/nRCCj948fP
2025-06-27	eating cookies is part of the creative process, ok?
2025-06-27	what’s a creative risk you’re glad you took?
2025-06-28	that next video idea? go for it! we believe in you.
2025-06-28	which superpower would you rather have: 1️⃣ picking the perfect audio 2️⃣ writing the best title every time
2025-06-29	psa: your next big idea might be just around the corner!
2025-06-29	what’s a skill you’re hoping to learn or improve as a creator?
2025-06-30	time to write down that content idea that you swear you aren’t going to forget !!
2025-06-30	you deserve all the credit for everything you do. we see you!
2025-07-01	if your camera could talk, what would it say?
2025-07-01	when a brand deal actually comes through 🤑 love to see it!
2025-07-02	hey creators! you’re awesome and making a real impact
2025-07-02	share a tip you recently learned.
2025-07-03	what’s one goal you’re determined to achieve by the end of this year?
2025-07-03	🚨 DEBUNKED 🚨 ❌ Shorts are just for dance challenges ❌ Shorts don’t drive long-term growth ❌ you need expensive equipment ❌ Shorts don’t monetize &amp; more Shorts myths that might be holding you back ⬇️ https://t.co/Yiw5puazM3
2025-07-04	if you’re reading this, it’s time to stand and stretch
2025-07-04	today’s effort is tomorrow’s breakthrough.
2025-07-05	manifest your next big idea!
2025-07-05	when are you most inspired?
2025-07-06	lost in the editing zone brb
2025-07-06	what’s your channel’s summer theme song?
2025-07-07	let your passion be louder than your doubts.
2025-07-07	what’s bringing you joy on your creative journey today?
2025-07-08	share an accidental source of inspo that has become a go-to?
2025-07-08	summer filming aka the “no-sweat challenge.” good luck out there!
2025-07-09	great news, creators! the Inspiration Tab is now available in the EU, UK, and Switzerland, bringing new brainstorming features for video ideas, titles, &amp; thumbnails directly to YOU 🎬 read more about it and start creating 👇 https://t.co/6gPXekXClC
2025-07-09	the word “catwalk” comes from cats constantly walking into our shots
2025-07-09	your last text message is your next concept. what are you filming?
2025-07-10	that moment you realize how far you’ve come 😮
2025-07-10	who remembers their apartment before it became a makeshift studio?
2025-07-11	like if you’re ready for growth, repost if you’re seeing it 📈
2025-07-11	your internet might have gone out mid-upload, but you powered through like a champ.
2025-07-12	how Doctor Fashion turned her passion into a thriving business – and how you can, too! 👀👇 https://t.co/WgaZEeJKS0
2025-07-12	what’s your creator superpower?
2025-07-13	what’s a valuable lesson youtube has taught you?
2025-07-13	when you love filming outdoors, but *WIND*
2025-07-14	editing with your favorite playlist is a vibe
2025-07-14	you get one creative wish granted for your channel this week. what is it? a dream collab 🤝 endless new ideas 💡 100k new subs 📈
2025-07-15	the satisfaction of perfectly color grading your footage 😌
2025-07-15	you’re not just a star, you’re the whole constellation
2025-07-16	repost if you have content on the way!
2025-07-16	this is your reminder to charge your camera battery!!
2025-07-17	from Pac-Man to pinball, arcade games are bringing in bigtime views! 🕹️ what vintage game would you feature on your channel?
2025-07-17	we all get frustrated. don’t give up
2025-07-18	fill in the blank: you know it’s going to be a good day when _____
2025-07-19	what summer goal are you still working on?
2025-07-19	your voice is a treasure
2025-07-20	what’s one thing you’re excited to create this week?
2025-07-20	who is creating the best summer Shorts?
2025-07-21	hardest part about staying consistent? brainstorming ideas 💡 burnout 😴 time management ⏰
2025-07-21	keep exploring, keep experimenting, keep creating
2025-07-22	creators are the best 🥰
2025-07-22	you can hop on a plane ASAP to go film on location. where are you going?
2025-07-23	things that inspire us: @SenpapiGabe’s infectious energy, gaming passion, &amp; anime knowledge 💫 https://t.co/qs7QM5p9DW
2025-07-23	what’s your creator love language? new subs 📈 thoughtful comments 💬 seeing your video on the homepage 🤩
2025-07-24	that unexpected friendship with another creator is the best gift
2025-07-24	the climbing community is crushing it on youtube! what climbing channels are you loving right now?
2025-07-25	creators, you are doing great, keep going!
2025-07-25	if you’re unsure what thumbnail to use, try Test &amp; Compare! this lets you pick 3 thumbnails to test which is most clickable: https://t.co/tDKaKRuuWn
2025-07-26	which of your videos perfectly describes your channel?
2025-07-26	you’re building a community, not just a channel 💞
2025-07-27	drop the link to that one Short where that creator does that super cool thing ⬇️
2025-07-27	every upload is victory
2025-07-28	besides yourself, who else is featured the most on your channel?
2025-07-28	thumbnails: 🫸 😙 🫷
2025-07-29	raise your hand if you can recite all of your previous intros
2025-07-29	when you finally perfect your channel trailer 😍
2025-07-30	one tip for getting started on Communities: create a “welcome post” to let your subscribers know about your Community 🤝 more here: https://t.co/54DRbmITET
2025-07-30	when was the last time you introduced a new format on your channel?
2025-07-31	our feed just got 10x better because of you. what are you working on next?
2025-07-31	sound on to recharge with Nature Ambience ☀️ https://t.co/0RpvgejIGz
2025-08-01	LINK YOUR CHANNEL ‼️
2025-08-01	every video you make inspires someone out there.
2025-08-02	keep that camera rolling, your future’s looking viral.
2025-08-02	tag your favorite youtube channel!
2025-08-03	sending positive vibes for your next upload 💫
2025-08-03	you may think we’re talking to ourselves but we’re actually planning content
2025-08-04	every video is a step forward. celebrate your journey with a 👏
2025-08-04	just got the perfect shot tyvm 🤳
2025-08-05	drop a 💡 if you just had a great content idea!
2025-08-05	our screens just got 1000% more entertaining bc of you.
2025-08-06	we’re in the business of making content bring a smile to someone’s face
2025-08-06	you’ve got this. keep creating, keep growing!
2025-08-07	to our LA creator community 🫶 a $3M fund is now open to support recovery after the fires. learn more 🔽 https://t.co/uEQwOhyxmR
2025-08-07	your creative process in one word: organized 📁 chaotic ✨ caffeinated ☕ mysterious 👽
2025-08-08	cheers to beautifully recorded audio that you don’t have to fix
2025-08-08	discover how the simple letter-grade tier list system on YouTube is empowering creators to engage millions and redefine how we rank everything 📊 from gaming origins to global fascination, learn the story behind this trend: https://t.co/vg9epDrjGA
2025-08-09	feeling grateful for creators like you. tell us what you’re thankful for today!!
2025-08-09	ready to level up your podcast on youtube? here are some top tips from the pros: embrace the creator mindset 💡 video equals discovery 🤳 make those thumbnails pop 🖼️ &amp; more ⤵️ https://t.co/3HZb1sKk7B
2025-08-10	send a ✨ if you’re editing something amazing right now.
2025-08-10	you’re consistently raising the bar for creators. well done!
2025-08-11	creators: what’s one thing you’re celebrating on your channel this week?
2025-08-11	got a comment that made our day 🥹
2025-08-12	a youtube creator at Milan film fest? yes! ✨ Giuseppe Bertuccio D’angelo shares his unique path to the big screen 👇 https://t.co/vra7JYrchS
2025-08-12	this is your personal rainbow of inspiration for your next big video 🌈
2025-08-13	creators are the best 💗 like this post if you agree
2025-08-13	what’s your favorite kind of video to make? vlogs 🤳 tutorials 🧑‍🏫 challenges 😂 deep dives 🤓
2025-08-14	just found that one clip we thought we’d lost forever!
2025-08-14	that rush when someone drops a 😂 in your comments
2025-08-15	how do you connect with your community?
2025-08-15	your next milestone is waiting for you 💕
2025-08-16	how do you convince yourself to film when you’re not feeling it? bribe with snacks 🍩 pep talk in the mirror 💪 watch videos 🤩 remember the views 👀
2025-08-16	nothing like the joy of seeing your community comment on your latest video ❤️
2025-08-17	we heard your channel’s growing faster than our to-do list. what’s your latest win?
2025-08-17	which one are you?? comment below 👇 https://t.co/VK1S8DawRB
2025-08-18	every view, comment &amp; sub is a milestone to celebrate!!
2025-08-18	to explore your channel and content data in detail, use the Advanced Mode in YouTube Studio analytics. from there, you can use the Breakdown tab to customize how you view these metrics 📊 https://t.co/0HCHRvVyoD
2025-08-19	best location to film?
2025-08-19	ready to create effects that show off your skills *and* grow your subscribers? 🌟 we are expanding access to Effect Maker for more creators! more info 👇 https://t.co/ofl9ftCGf2
2025-08-20	ever wonder how creators go full-time? 🤔 @austentosone shares her strategies for balancing creativity and business, and building a lasting brand ⤵️ https://t.co/SIEixbcygZ
2025-08-20	it’s so validating when a comment truly captures why you create content
2025-08-21	consider this your daily reminder: you’re awesome 💕
2025-08-21	that happy feeling when a scheduled upload goes live without a hitch 😌
2025-08-22	your channel is the reason we can’t put our phones down 😅
2025-08-22	💕 let's spread positivity 💕 who is a creator who deserves more recognition?
2025-08-23	guess the title of the seventh video you ever uploaded. now go look and see if you got it right!!
2025-08-23	our community showed up to support our latest upload 🥹
2025-08-24	share a video where you were serving summer vibes
2025-08-24	takeout mukbang straight from the couch today?
2025-08-25	every video you make adds magic to the world 😌
2025-08-25	what’s one thing you love about your youtube journey? tell us!
2025-08-26	AI updates are rolling out to youtube! 🚀 check out the new AI-powered search carousel and conversational AI features. what are you most excited to try? https://t.co/kvDG62eiEE
2025-08-26	link a Short that took a long time to edit ✍️
2025-08-27	give us your biggest channel win this month 🏆
2025-08-27	when you nail that perfect cut while editing and feel like a pro 😎
2025-08-28	we love the smell of new tech
2025-08-28	what’s the best time to upload your video? ⏰ i have a consistent schedule, always! 🗓️ whenever i finish editing 🎬 analytics tell me the best time 📊 when my cat says it’s ready 🐱
2025-08-29	keep pushing toward your goals! you’re closer than you think
2025-08-29	our community makes it all worthwhile &lt;3
2025-08-30	link your first-ever upload 🔗
2025-08-30	the moment you realize your entire video is in the blooper reel
2025-08-31	may your channel grow like never before 🪄
2025-08-31	positive comments make all the hard work worth it
2025-09-01	fueled by coffee and dreams
2025-09-01	september is here ⭐ what do you hope to accomplish by october?
2025-09-02	so proud of these creators and their communities. this is what it's all about 🩷
2025-09-02	the moment you realize you‘ve been recording without sound
2025-09-02	we’re loving your content rn 💕
2025-09-03	celebrate your milestones, big or small!
2025-09-03	when your brain is 90% video ideas and 10% song lyrics
2025-09-04	stay true to your voice. that‘s what makes you special
2025-09-04	you just got a great comment. how do you react? send a screenshot to your bestie. immediately 📸 reread it 10 times grinning ear to ear ❤️ like and reply while holding back the tears 🥺 write back a novel. they deserve it ✍️
2025-09-05	show us a pic of your recording setup right now 📸
2025-09-05	where would we be without @goharsguide making hard things simple for all of us 🙌
2025-09-06	what’s a mic check phrase that’s become your ritual 🎤
2025-09-06	your hard work doesn't go unnoticed
2025-09-07	finding a hidden gem in your old footage 🥳
2025-09-07	the world needs your content. keep creating.
2025-09-08	big things have small beginnings. every upload counts
2025-09-08	last thing you had to search for a video? 🔍
2025-09-09	in our creative era
2025-09-09	when the lighting is perfect so you have to do one more take
2025-09-10	new month, new momentum—what will you conquer? here's what's new to help you keep creating and growing: 💡 new channel insights sharing ⚙️more advanced mode features 📊 deeper audience insights 🏆 live stream community leaderboard ⬇️ https://t.co/fTWdm5b9FT
2025-09-10	screenshot from video that you’d put on merch?
2025-09-13	turn any photo from your camera roll into a short sticker 📸 learn how 👇 https://t.co/IpXYAHXA4e
2025-09-14	sundays are for: 1️⃣ scrolling Shorts 2️⃣ creating Shorts 3️⃣ wearing cozy shorts &amp; getting cozy on the couch
2025-09-15	all our best ideas happen at 3 a.m
2025-09-15	just know that @abbyrartistry has the best fashion week takes
2025-09-16	just announced at #MadeOnYouTube: new tools to help you supercharge your creativity, grow your business, and connect with your audience on YouTube. here’s the full rundown 👇
2025-09-16	today’s a good day to post a video you’re proud of 🌟
2025-09-16	we're setting the stage 🌟 stay tuned for all of the announcements from #MadeOnYouTube tomorrow in NYC.
2025-09-16	which creator are you? 🔮 the planner: every detail is mapped out 🗺️ the improviser: hit record and see what happens 🎬 the collaborator: loves making content with friends 👯‍♀️
2025-09-17	share your favorite creator tip (in 5 words or less)
2025-09-17	what's the longest clip you've ever filmed?
2025-09-18	ICYMI: new tools to help supercharge your creativity, grow your business, and connect with your audience ✨ here's all you need to know in one handy #MadeOnYouTube recap https://t.co/aZ4QxTlZT5
2025-09-18	matcha level up 🍏 @urmomashley's new sidekick Ask Studio helped inspire an apple strudel twist on her French matcha classic 🍵 the perfect fall sip for her community #MadeOnYouTube https://t.co/t9kvV77nt5
2025-09-18	your scripting style? bullet points • full script 📄 mind map 🧠 improv 🎤
2025-09-19	creators = the heart of YouTube ❤️ #MadeOnYouTube
2025-09-19	in a committed relationship with our editing software
2025-09-19	post the comment that made your day 💬
2025-09-20	crunchy leaves = crunchy edits 🍂
2025-09-20	how many likes can this like get? https://t.co/lYX1toZdX7
2025-09-20	too many streams, too many chats 😅 but @lanaraee_ leveled up. soon you'll be able to stream across formats on YouTube — one chat, one community, no chaos 🎮🖤 #MadeOnYouTube https://t.co/HCTLdN10X5
2025-09-22	creators don’t ghost, we “mysteriously reappear with a new video”
2025-09-22	podcasters — picture this 🖼️ you’ll soon be able to easily transform long-form episodes into engaging video clips and Shorts, saving you time and helping you reach new audiences. @supershayne &amp; @Co_Mill break it ⬇️ https://t.co/KiLGASrDlL
2025-09-22	what are you filming rn?
2025-09-23	drop your upload count for the month ⬇️
2025-09-23	refilming an outro 47 times builds character 💪
2025-09-24	creators in september: half planning holiday uploads, half pretending it’s still summer 🌴🎃
2025-09-24	here’s how @christendtweets does fashion week with YouTube Shopping and brand deals 🛍️ #MadeOnYouTube https://t.co/ULwvmO3avq
2025-09-24	we got 5 tips from creator jordan howlett on how to master Shorts spoiler: your unique story is your superpower 💪 https://t.co/beU4UXEnko
2025-09-25	autumn editing fuel is apple cider + too much coffee ☕🍎
2025-09-25	video ideas don’t expire
2025-09-26	new season, same tripod duct-taped together
2025-09-26	the calm before the spooky edits 👻
2025-09-27	september = pregame season for the holiday grind 📅
2025-09-27	world tourism day is just a free excuse to post your dream travel vlog 📍
2025-09-28	drop your proudest upload 🌟
2025-09-29	3 coffees = 1 edit ☕
2025-09-29	are @evanandkatelyn diy couple goals or what? 🛠️
2025-09-30	6 ways to turn “idk what to post” into your next winner → https://t.co/LEY6j0jegG
2025-09-30	pumpkin spice lattes? nah, pumpkin spice uploads 🎃
2025-10-01	your lighting setup invented the word glow-up
2025-10-01	your pet’s role in your videos? co-star 🐾 background chaos 👀 executive producer 💼
2025-10-02	filming outdoors: 10% audio, 90% birds
2025-10-02	your version of “low effort” is someone else’s inspiration
2025-10-03	choose your video title strategy: 📚 title case &amp; thoughtful 📢 all caps &amp; unhinged 🧃 lowercase &amp; chill 😎 mysterious, 3 words or less
2025-10-03	gamified road trips + daily uploads = $11M raised for St. Jude 💛 see how @RyanTrahan did it → https://t.co/reJYGev9kZ
2025-10-04	maybe your next video’s just for fun. that’s reason enough
2025-10-04	unlisted videos are just ✨ secret lore ✨
2025-10-05	what’s the most random way someone found your channel?
2025-10-05	your tripod is currently being held up by: 📚 three books 🥫 a can of soup 🙏 faith
2025-10-06	who’s the first person you send a video to before uploading?
2025-10-06	your thumbnail face: 😱 your editing face: 😑
2025-10-07	drop the video you’d use to introduce yourself at a party
2025-10-07	no ideas? no problem 💡 8 strategies to spark your next video → https://t.co/LEY6j0jegG
2025-10-08	keeping old drafts = preserving history
2025-10-08	what’s your “I’ll never archive this” video?
2025-10-08	✨ new and improved Shorts timeline editor ✨ ✋ tap to pause + resume ✂️ trim + rearrange with drag + drop 🎶 edit audio + overlays on one timeline 🔍 fine-tune with zoom https://t.co/O4L8c8UMSN
2025-10-09	our mic test turned into podcast episode and that’s fine
2025-10-10	check out this new video series made to help parents + teens talk about content, emotions, and screen time. read more → https://t.co/E2CPwpTnE2
2025-10-10	your thumbnail font choices deserve a TED Talk
2025-10-11	the thumbnail pose you trust: open-mouthed gasp 😮 reaction face zoom 😲 peace sign default ✌️
2025-10-11	what’s your go-to hype song before filming? 🎧
2025-10-12	imperfection makes it more real
2025-10-12	post the vid that should’ve stayed in drafts, didn’t, and now we're all better for it
2025-10-13	who’s backup folder has a backup folder?
2025-10-13	your next video doesn’t need to be the best, it just needs to be next
2025-10-14	another vid? you’re giving the people what they want 🫶
2025-10-14	the fall vibe? slowing down. 🍂 @davidherring says: let your work breathe off-screen → https://t.co/mt8oNkKnxz
2025-10-15	if it made you laugh, it’ll make someone subscribe
2025-10-15	is tracking metrics overrated? not even close. here are 4 stats creators use to grow faster → https://t.co/BcWZzI2die
2025-10-16	poof! another myth gone 💨 what’s one creator myth you still hear all the time? https://t.co/AYMT1b06eS
2025-10-16	your creator archetype: 📈 the analytics whisperer 💅 the aesthetic queen 🧪 the unhinged genius 🎲 the surprise dropper
2025-10-17	oh, the mic was off? cool. guess we’re filming that whole monologue again
2025-10-17	what’s the most chaotic comment you’ve ever pinned?
2025-10-18	collab brainstorms are just “what if we filmed… everything?”
2025-10-18	your phone battery when you finally upload: 🔋 2% 🪫 emergency low 📴 surprise shutdown
2025-10-19	collabs are just friendship speedruns
2025-10-19	post a creator win that made you jump for joy in your kitchen
2025-10-20	plug the first video you ever filmed that ✨finally✨ felt like your voice
2025-10-20	who else gets edit ideas mid-grocery trip?
2025-10-21	someone’s gonna see your video and go “wait i needed this”
2025-10-21	what’s your favorite title you’ve ever written?
2025-10-22	anyone else hoard b-roll?
2025-10-22	need a fall upload idea? we got you 🍁👇 https://t.co/pC7i0LmsY4
2025-10-23	captions boost accessibility and engagement 👀 here’s how to customize them → https://t.co/u7Zk9ij0tE
2025-10-23	the tripod may be broken but the vision is intact
2025-10-24	who else narrates their edit like a podcast?
2025-10-24	your BTS is a genre of content we love to see
2025-10-25	being a creator means saying “one more export” like 8 times
2025-10-25	you’re not behind. you’re just building
2025-10-26	batching content = self-care
2025-10-26	what’s your signature transition?
2025-10-27	post it before you overproduce it
2025-10-27	your slow days are someone else’s goals. keep going
2025-10-28	Shorts edits on the go? say less 🏃‍♀️📹
2025-10-28	the call is coming from inside the content schedule 📞🎃
2025-10-28	you wake up tomorrow with 1M subs. what do you post first?
2025-10-29	your content’s about to look REAL good on TV 📺 higher resolution, sharper thumbnails, smarter search, more immersive channel previews &amp; timed shopping → https://t.co/uqMvcMtrFA
2025-10-29	your past self would be so impressed with what you’ve built
2025-10-30	pick 2 to power your next post: 🎃 confidence 🧛‍♂️ caffeine 🧠 ideas 💅 chaos
2025-10-30	shout out to creators editing on halloween night like it’s due at midnight
2025-10-31	spooky how good your content is, actually
2025-10-31	what’s haunting your drafts folder? file named “final_final_v2” 💀 forgot what the video was about 😵 still debating the title ✍️ waiting for a thumbnail vibe check 👁️
2025-11-01	behind the scenes = us in a blanket surrounded by snack wrappers
2025-11-01	walk us through your ideal filming day ☀️
2025-11-02	tag a creator who’s always 6 months ahead of the trends
2025-11-02	your relationship to b-roll: 📸 film first, organize later 🧠 edit in your head 🌀 lost in footage 🫠 wait… b-roll?
2025-11-03	what’s a behind-the-scenes fact that would break your comment section
2025-11-03	you know it’s a serious edit when the hoodie goes up
2025-11-04	consistency looks different for everyone
2025-11-04	just launched a podcast? bring it to YouTube and watch it take off 🎙️ here are 4 reasons why → https://t.co/Ulmc292zrr
2025-11-05	drop your best advice for creators trying to find their niche
2025-11-05	posting late is still posting
2025-11-06	some weeks it’s edit all day, others it’s nap and vibe
2025-11-06	sometimes you film a whole video just because you thought of one funny title
2025-11-07	your b-roll folder name is: 📁 b-roll maybe?? 📁 USE THIS ONE 📁 not b-roll actually 📁 to be sorted (never)
2025-11-07	you’re not chasing trends, you’re creating your lane 🚦
2025-11-08	rest is part of the upload schedule
2025-11-08	shoutout to the backup of the backup of the backup file
2025-11-10	what keeps you posting? 💖 the community 😎 the chaos 🎯 proving something to yourself 🎥 just love making stuff
2025-11-12	collab vids just got an upgrade 🎬 here’s how to add official collaborators to your videos → https://t.co/2kVyyldLlx
2025-11-14	subscriber goals = crushed 💪 Creator Awards = earned 🏅 Claire Sawa, @snarkeigh, @ghcoffeedotcom, and Unique MicroFilms = making major moves 👏 https://t.co/aF6v4kYovd
2025-11-16	holiday baking inspo? start here: @thesweetimpact
2025-11-18	you don’t need a big idea before you start filming
2025-11-22	waiting for @shanzrizwan to ask us what we’re listening to
2025-11-24	what’s your process for drafting video titles?
2025-11-26	every slice of effort adds up to something amazing ✨ https://t.co/JfRwcpZY56
2025-11-28	if your bestie doesn’t support you like @oliabbas supports @alishamarie…
2025-11-30	what's the habit that’s improved your workflow?
2025-12-02	turn that audio into something visual 📹 your guide to podcasting on YouTube is here → https://t.co/hO9c1WRRX0
2025-12-04	data that hits different 💡 see how YouTube Analytics helps artists fine-tune their strategy → https://t.co/55HcGHixKV
2025-12-08	when she lost her vision, YouTube helped her find her people 💫 read @MollyBOfficial’s story → https://t.co/rT2fI2F9vK
2025-12-11	we’re expanding voice replies 🎙️ more creators can now record a short voice message when replying to comments. learn more → https://t.co/PgaE3TQAvr
2025-12-12	December energy 💸🎁 https://t.co/Y8ag1HlBPL
2025-12-14	make your content look incredible on TV 📺 five new features to help creators shine on the big screen → https://t.co/SAOZ8MdSeR
2025-12-15	editing on your phone just got way easier 🎬✨ the YouTube Create app is now available on iPhone in select locations with captions, filters, effects, royalty-free music + more. try it out → https://t.co/VXmopzWTII
2025-12-16	creators: get paid this holiday season 🎁 link your store + tag products with YouTube Shopping → https://t.co/x2uDjNoXxA
2025-12-18	"For the first time in human history, access to global distribution is free to literally billions of people." creator @_brandonbaum on why YouTube changes everything → https://t.co/DrtWv5HVG5
2025-12-19	Sock wants horizontal, Mushy wants vertical… @fuslie choses multi-stream and keeps everyone happy with a single, unified chat 🐾 streaming across formats is rolling out now to all live creators #sponsored https://t.co/xZavoUMkSD
2025-12-19	your next idea, now with more context 💡 the updated Inspiration Tab on YouTube Studio desktop helps you explore an idea’s potential with data-backed insights. now available globally https://t.co/8YZgVlq60y
2025-12-20	filming in public with a ugly holiday sweater = character development
2025-12-22	from lyric videos to live performances, every visual tells a story 💫 YouTube's Global Head of Music Lyor Cohen’s masterclass on building worlds around music → https://t.co/fZ5YQR1fC4
2025-12-24	holiday content season = ✨ glitter permanently stuck in the keyboard
2025-12-26	how Giggly Squad turned “let’s start a podcast” into a growing YouTube brand → https://t.co/1iJ7wyMXCd
2025-12-28	here's to every creator wearing five hats at once 🎩
2025-12-30	when views turn into ventures 🌿 @PrettySheiss proves connection is the ultimate growth strategy → https://t.co/qx7FFlAEqD
2025-12-31	2025 is officially wrapping. time for a creator recap. hit us with your 3-2-1 ⬇️ https://t.co/eDw5oMm0Cq
2026-01-05	which skill are you determined to learn in 2026 to level-up your content?
2026-01-07	"i'll fix it in post." - a memoir
2026-01-09	you haven't lived until you've said "don't forget to like and subscribe!" to an empty room
2026-01-11	what your neighbors see watching you talk to a camera in your room for 3 hours straight: 👁️👄👁️
2026-01-13	that 'quick edit' is now in its 5th hour...
2026-01-14	creators, you have a voice that teens are listening to. let's make it a positive one. check out the new guide for creating uplifting and inspiring content ✨ https://t.co/JHFoCMWiPN
2026-01-15	hard launching: a complicated relationship with my hard drive space 💔
2026-01-17	some people have a favorite child. i have a favorite video. (don't tell the others) 🤫
2026-01-19	that feeling when you find the perfect royalty-free lo-fi beat for your latest video ✨
2026-01-21	thinking about all the great video ideas i have while trying to fall asleep. and remembering none of them in the morning
2026-01-23	the sound of your own voice after editing for 6 hours should be a new genre of music 🎶
2026-01-25	pov: that 'quick 5-minute video' is now 27 minutes long
2026-01-27	we see you, re-watching your own video for the 17th time before you publish. it's called quality control.
2026-01-29	just a reminder: "authentic" can be any one of your 12 personalities. pick your favorite for today 😉
2026-01-31	pov: you just hit 'upload' and immediately spot a typo in the title 🤦
2026-02-02	new month just dropped. time to make some magic ✨
2026-02-04	every slice of effort adds up to something amazing ✨ keep creating
2026-02-10	face to camera: 😊 face irl: 😐
2026-02-12	your content is being watched on tv 📺 here are 10 tips to make the most of the moment! https://t.co/jUCUlDKxmu
2026-02-14	that feeling when you spend two seconds on the thumbnail for a video that took two weeks to make. perfectly balanced
2026-02-16	🔜 start your YouTube Shorts journey! see how top creators are building community and setting trends → https://t.co/EIXsbCAVu9
2026-02-18	the real magic happens when you connect with your community.
2026-02-20	3 am: sleep. also 3 am: what if i made a video about...
2026-02-22	so much incredible content is born from just pressing record.
2026-02-27	2 billion views for hair content 👀 yes really! see how hair creators are taking over https://t.co/XW3KJFg2HD
2026-02-28	embroidery is having a moment 🧵 see why everyone's obsessed https://t.co/24f57WSEWk
2026-03-02	that special moment of panic when the neighbor starts mowing their lawn right as you hit record 🫠
2026-03-05	your (re)search history looks like a fever dream and we wouldn't have it any other way
2026-03-06	creative block is just a reminder that your mind is recharging.
2026-03-08	that idea you can't stop thinking about? it's worth exploring.
2026-03-10	your unique perspective is your greatest asset.
2026-03-12	the perfect video idea can come from anywhere!
2026-03-14	you know you're a creator when your camera roll is 90% potential thumbnails and 10% pictures of your pet 🐱
2026-03-16	hey creators 🎤 the thumbnail size limit for VOD and Live videos is increasing to 50mb limit on web! learn more https://t.co/Yb3nfxO9x0
2026-03-18	don't forget to celebrate your progress 💖
2026-03-20	every subscriber is a milestone 🎉
2026-03-22	to every creator sharing their passion, thank you.
2026-03-24	a fresh start can be the best fuel for new ideas.
2026-03-26	big news! 🚨 eligible creators in the YouTube Partner Program now only need 500 subscribers to start earning with YouTube Shopping. 🛍️ use these tips to get started! https://t.co/XMVeuyHSnx
2026-03-28	hitting a new subscriber milestone is a feeling like no other.
2026-04-01	every video is a chance to learn something new about your craft.
2026-04-03	say hello to your new creative partner ✨ Ask Studio helps you spend less time searching and more time creating 💗 https://t.co/E2ZZOq7LFj
2026-04-06	nothing beats hitting ‘publish’ on a video you’ve been editing for weeks 😮‍💨
2026-04-07	that feeling when you nail the intro on the 37th try. a true victory.
2026-04-08	you're going to look back on today and say "i did it!" 💪 https://t.co/MLZmJByaav
2026-04-09	re-watching your own video for the 10th time 👀
2026-04-11	checking your analytics for the 10th time today won't make them change, but we get it.
2026-04-12	the creative rush when a new idea hits
2026-04-13	gifts are expanding to horizontal live streams! 🎁 your community can now purchase Jewels and send gifts across all live formats on the YouTube mobile app, meaning you can earn more from your streams. learn more: https://t.co/R0SitCHspv
2026-04-15	using Ask Studio to see what the community wants &gt;
2026-04-17	reminder to take a break. for the plot (and the art)
2026-04-19	a clear CTA is the ultimate wingman for your video
2026-04-21	editing tip: less is usually more
2026-04-22	“is this creator summit?” yes it is, come on in! 🤝 https://t.co/EcUufihX5a
2026-04-23	golden hour at #YouTubeCreatorSummit 🌅 https://t.co/nVmRvCBiGS
2026-04-24	3 days, unlimited vibes 🤝 the @youtube creator community came together for connection, learning, and inspiration at Creator Summit. 🔥 #YouTubeCreatorSummit https://t.co/kTBorkRp5a
2026-04-27	your perspective is your best asset
2026-04-28	staying inspired is the best creative fuel
2026-04-30	this is your sign to hit record today
2026-05-01	to the creator who feels like giving up: don't, we see you
2026-05-03	analytics tell a story your comments don’t
2026-05-05	4 tips to help you prep for your next live stream: 📣 promote your live stream in advance 📈 tap into trending topics 📊 review your past streams by analyzing your comments and reactions 💬 stay active by answering questions and shouting out viewers
2026-05-07	still can’t get over the lineup from #YouTubeCreatorSummit. a thread 🧵 @cringecarter https://t.co/hBy13dj22b
2026-05-09	testing your thumbnails? 🎨 try this A/B testing tip! start with big changes like layout, then dive into granular details like clothing color or facial expressions.
2026-05-11	voice replies are here for more creators! 🎙️ easily connect with your community: tap reply on a comment in the YouTube app, hit the sound wave icon, record, and post.
2026-05-13	the first three seconds to hook the viewer are everything, so make them count ✨
2026-05-15	editing made easy with the YouTube Create app! 📱 use these tools to refine your next video: 🔇 remove background noise ✍️ add automatic captions 🎵 select copyright safe music 📐 adjust aspect ratio to vertical, horizontal, or square
2026-05-17	your pre-upload checklist: ☑️ double check your title, description, and thumbnail are accurate ☑️ review your first 5 seconds to ensure there’s a clear hook ☑️ add cards and end screens to guide viewers to the next video
2026-05-23	tip: optimize your channel homepage, and prominently feature your best long form and Shorts content.
2026-05-25	make your Shorts content pop by using on-screen text and captions. it boosts accessibility and engagement.
2026-05-27	to understand your audience better, analyze your YouTube analytics. it reveals what your community loves 🫶
2026-05-29	tip to help maximize your Shorts views: hook your audience in the first three seconds with dynamic visuals and a compelling intro.
2026-05-31	three things to try in your next Shorts video ✨ 1️⃣ be authentic: let your personality shine through 2️⃣ stay on trend: keep up with current trends and challenges 3️⃣ experiment and have fun: don't be afraid to try new things and see what works best
2026-06-02	Q: should you make a separate YouTube channel to upload your videos in a different language? 🤔 A: not necessarily — Multi-Language Audio (MLA) allows you to add multiple language tracks directly to a single video. if the content appeals to the same core community, keeping it on
2026-06-04	say hello to your new home base on Google 💻 eligible US creators can now set up a dedicated Search profile to bring your social accounts, websites, latest videos, and links together into one shareable page for your community. get the full scoop: https://t.co/6pbzDYJVtT
2026-06-06	you don't necessarily need news cameras, mics, or a studio to improve your upload quality. natural lighting and clear audio are your best friends.
2026-06-08	before you hit upload, do a quick keyword check 👀 using relevant and trending keywords in your titles and descriptions can help more people discover your videos 📈
2026-06-10	switch up the vibe: test some different content formats for your niche and see what your audience is going to vibe with 💡
2026-06-14	test up to 3 different thumbnails or titles on your next upload with test and compare 🔝
2026-06-15	making your thumbnails instantly recognizable is a game changer 🎨 a signature font, layout, or color palette helps your community spot your new video the second it drops!
2026-06-16	hook viewers in the first 3 seconds — skip the long intro and dive straight into the video 😌
2026-06-18	adding timestamps to your long form videos makes it effortless for viewers to jump to their fave chapters ⏳
2026-06-20	expensive studio lighting isn't required! filming right in front of a window gives you perfect natural light ☀️
2026-06-22	checking your audience retention graph is the easiest way to see exactly where your pacing hits 📈
2026-06-24	organize your long form videos into playlists so your community can easily find exactly what they want to watch 📺
2026-06-26	build anticipation for a big upload by using a premiere. it lets your community watch and chat together in real time when the video goes live ⏱️
2026-06-28	collab with other creators to tap into new communities 🤝 find channels with a similar vibe and plan a two-part video series to connect audiences
2026-06-30	stay consistent without burning out by batch filming your content. try recording a few videos in one sitting to free up your schedule!
2026-07-03	editing your next video is a breeze with the YouTube Create app — start with trying the audio cleanup tool to remove background noise or distractions from your clips
2026-07-07	titles matter just as much as thumbnails. keep them succinct, intriguing, and factual!
2026-07-09	a new way to group your episodic content is here 🎬 all creators in the YouTube Partner Program can now turn playlists into shows, or create a new one from scratch. it unlocks: 📺 a polished TV experience for your series 🍿 an episodic setup that keeps viewers coming back for
2026-07-09	a new way to group your episodic content is here 🎬 creators in the YouTube Partner Program can now turn playlists into shows, or create a new one from scratch. it unlocks: 📺 a polished TV experience for your series 🍿 an episodic setup that keeps viewers coming back for more
2026-07-11	tip: pin a comment to the top of your comment section to spark conversation. share a fun fact about the video to encourage your community to get talking 📌
2026-07-13	level up your live streams by planning your talking points in advance. keep a bulleted list nearby to stay on track! 📝
2026-07-15	your audience retention graph is literally a cheat sheet. look for where viewers drop off and trim those lulls in your next edit
2026-07-17	expressive faces in thumbnails convey the exact energy of your video. match your expression to your title to set the right vibe
2026-07-19	short form content is a massive discovery tool. remix the best moments from your long form videos into Shorts to reach new viewers
2026-07-20	consider this your new creator home base 🏠 the new YouTube creators website is live with tools, guides, and resources to help you create, grow, and earn on YouTube. explore it here: https://t.co/hpgTZZrw8L
2026-07-21	put your most important keywords at the start of your title so viewers immediately get the vibe on small screens
2026-07-23	use Community posts to deepen your connection with your existing audience and communities outside of your usual uploads through polls, text, images, and more!
2026-07-25	frame your shot with end screens in mind. place them strategically so they don't cover your face or important visuals
2026-07-27	video chapters help viewers navigate longer tutorials. add timestamps from the beginning so they can find the exact info they need
2026-07-29	keep text on your Shorts within the safe zone. placing captions in the center ensures they won't get obstructed by buttons
2026-07-31	background music should match the energy of your edit. drop audio levels when you're speaking and raise them during transitions for a cinematic vibe
2026-08-04	collab with creators in your niche to share fresh takes and level up your communities together 🚀
2026-08-06	the first five seconds are the door to your content. jump straight into the action 🎬
2026-08-10	find a comment that you love and pin it to your video! get the community chatting together!
2026-08-20	one live stream. two formats. more ways to get discovered. ✨ streamers using 3rd-party encoders can now stream in both vertical and horizontal formats, customize each view, and keep everyone together in one shared chat. learn more 👉 https://t.co/YUPgyHNA0P
2026-08-22	instead of a long script, use bullet points to keep your delivery feeling natural, authentic, and real 📝
2026-08-24	turn your livestreams into content by clipping the best moments straight into Shorts